date,хлорофилл,горизонт
1995-01-05,"0,22",0.0
1995-01-05,"0,36",5.0
1995-01-05,"0,37",10.0
1995-01-05,"0,21",25.0
1995-01-05,"0,09",50.0
1995-03-02,"0,40",0.0
1995-03-02,"0,31",5.0
1995-03-02,"0,37",10.0
1995-03-02,"0,10",25.0
1995-03-02,"0,66",50.0
1995-03-02,"0,13",100.0
1995-03-02,"0,28",150.0
1995-03-02,"0,51",200.0
1995-03-02,"0,29",250.0
1995-03-09,"0,39",0.0
1995-03-09,"0,81",5.0
1995-03-09,"1,02",10.0
1995-03-09,"0,31",25.0
1995-03-09,"0,73",50.0
1995-03-09,"0,36",100.0
1995-03-09,"0,10",150.0
1995-03-09,"0,05",200.0
1995-03-09,"0,14",250.0
1995-03-15,"0,89",0.0
1995-03-15,"0,53",5.0
1995-03-15,"1,62",10.0
1995-03-15,"0,23",25.0
1995-03-15,"0,59",50.0
1995-03-15,"0,27",100.0
1995-03-15,"0,04",150.0
1995-03-15,"0,00",200.0
1995-03-15,"0,16",250.0
1995-03-24,"0,83",0.0
1995-03-24,"0,64",5.0
1995-03-24,"0,87",10.0
1995-03-24,"0,45",25.0
1995-03-24,"0,51",50.0
1995-03-24,"0,35",100.0
1995-03-24,"0,00",150.0
1995-03-24,"0,08",200.0
1995-03-24,"0,59",250.0
1995-03-30,"0,31",0.0
1995-03-30,"0,39",5.0
1995-03-30,"0,47",10.0
1995-03-30,"0,08",25.0
1995-03-30,"0,39",50.0
1995-03-30,"0,10",100.0
1995-03-30,"0,00",150.0
1995-03-30,"0,05",200.0
1995-03-30,"0,00",250.0
1995-04-03,"0,05",0.0
1995-04-03,"0,42",5.0
1995-04-03,"0,69",10.0
1995-04-03,"0,52",25.0
1995-04-03,"0,09",50.0
1995-04-03,"0,30",100.0
1995-04-03,"0,00",150.0
1995-04-03,"0,48",200.0
1995-04-03,"0,00",250.0
1995-05-05,"0,96",0.0
1995-05-05,"0,86",5.0
1995-05-05,"0,79",10.0
1995-05-05,"0,51",25.0
1995-05-05,"0,87",50.0
1995-05-05,"0,17",100.0
1995-05-05,"0,66",150.0
1995-05-05,"0,15",200.0
1995-05-05,"0,40",250.0
1995-05-17,"0,95",0.0
1995-05-17,"0,64",5.0
1995-05-17,"1,01",10.0
1995-05-17,"1,11",25.0
1995-05-17,"1,23",50.0
1995-05-17,"1,08",100.0
1995-05-17,"1,10",150.0
1995-05-17,"0,92",200.0
1995-05-17,"1,18",250.0
1995-05-30,"2,68",0.0
1995-05-30,"2,22",5.0
1995-05-30,"3,38",10.0
1995-05-30,"2,30",25.0
1995-05-30,"3,91",50.0
1995-05-30,"2,37",100.0
1995-05-30,"1,95",150.0
1995-05-30,"2,17",200.0
1995-05-30,"1,50",250.0
1995-07-14,"0,44",0.0
1995-07-14,"1,00",5.0
1995-07-14,"1,40",10.0
1995-07-14,"0,69",25.0
1995-07-14,"2,26",50.0
1995-07-14,"0,19",100.0
1995-07-14,"0,26",150.0
1995-07-14,"0,00",200.0
1995-07-14,"0,00",250.0
1995-07-26,"3,55",0.0
1995-07-26,"3,94",5.0
1995-07-26,"4,25",10.0
1995-07-26,"2,88",25.0
1995-07-26,"1,39",50.0
1995-07-26,"1,27",100.0
1995-07-26,"0,44",150.0
1995-07-26,"1,11",200.0
1995-07-26,"0,72",250.0
1995-08-08,"2,46",0.0
1995-08-08,"2,14",5.0
1995-08-08,"2,79",10.0
1995-08-08,"1,37",25.0
1995-08-08,"3,01",50.0
1995-08-08,"1,11",100.0
1995-08-08,"1,67",150.0
1995-08-08,"1,21",200.0
1995-08-08,"1,48",250.0
1995-08-23,"1,63",0.0
1995-08-23,"1,59",5.0
1995-08-23,"1,55",10.0
1995-08-23,"1,37",25.0
1995-08-23,"1,95",50.0
1995-08-23,"1,17",100.0
1995-08-23,"1,25",150.0
1995-08-23,"1,63",200.0
1995-08-23,"0,46",250.0
1995-08-28,"2,02",0.0
1995-08-28,"1,45",5.0
1995-08-28,"0,86",10.0
1995-08-28,"0,68",25.0
1995-08-28,"0,67",50.0
1995-08-28,"0,60",100.0
1995-08-28,"1,15",150.0
1995-08-28,"0,77",200.0
1995-08-28,"0,99",250.0
1995-09-14,,0.0
1995-09-14,,5.0
1995-09-14,,10.0
1995-09-14,,25.0
1995-09-14,,50.0
1995-09-14,,100.0
1995-09-14,,200.0
1995-09-21,"1,15",0.0
1995-09-21,"0,89",5.0
1995-09-21,"0,84",10.0
1995-09-21,"0,98",25.0
1995-09-21,"0,81",50.0
1995-09-21,"1,21",100.0
1995-09-21,"0,47",150.0
1995-09-21,"0,50",200.0
1995-09-21,"0,87",250.0
1995-10-07,"1,22",0.0
1995-10-07,"1,18",5.0
1995-10-07,"1,51",10.0
1995-10-07,"1,39",25.0
1995-10-07,"1,01",50.0
1995-10-07,"1,05",100.0
1995-10-07,"0,57",150.0
1995-10-07,"0,57",200.0
1995-10-07,"0,39",250.0
1995-10-19,"1,78",0.0
1995-10-19,"1,96",5.0
1995-10-19,"1,90",10.0
1995-10-19,"1,46",25.0
1995-10-19,"1,95",50.0
1995-10-19,"1,86",100.0
1995-10-19,"1,93",150.0
1995-10-19,"1,96",200.0
1995-10-19,"1,83",250.0
1996-03-13,,0.0
1996-03-13,"0,50",5.0
1996-03-13,"2,18",10.0
1996-03-13,"0,90",25.0
1996-03-13,"1,47",50.0
1996-03-13,"0,46",100.0
1996-03-13,"0,45",150.0
1996-03-13,"0,30",200.0
1996-03-13,"0,30",250.0
1996-03-18,"0,40",0.0
1996-03-18,"0,41",5.0
1996-03-18,"0,72",10.0
1996-03-18,"0,75",25.0
1996-03-18,"1,60",50.0
1996-03-18,"0,79",100.0
1996-03-18,"0,45",150.0
1996-03-18,"0,46",200.0
1996-03-18,"0,35",250.0
1996-03-22,"0,25",0.0
1996-03-22,"0,47",5.0
1996-03-22,"0,43",10.0
1996-03-22,"0,41",25.0
1996-03-22,"0,70",50.0
1996-03-22,"0,06",100.0
1996-03-22,"0,05",150.0
1996-03-22,"0,22",200.0
1996-03-22,"0,27",250.0
1996-03-27,"0,87",0.0
1996-03-27,"0,61",5.0
1996-03-27,"0,56",10.0
1996-03-27,"0,58",25.0
1996-03-27,"0,72",50.0
1996-03-27,"0,31",100.0
1996-03-27,"0,15",150.0
1996-03-27,"0,21",200.0
1996-03-27,"0,23",250.0
1996-06-04,"0,39",0.0
1996-06-04,"0,66",5.0
1996-06-04,"0,69",10.0
1996-06-04,"0,56",25.0
1996-06-04,"0,56",50.0
1996-06-04,"0,44",100.0
1996-06-04,"0,62",150.0
1996-06-04,"0,66",200.0
1996-06-04,"0,59",250.0
1996-06-11,"0,30",0.0
1996-06-11,"0,35",5.0
1996-06-11,"0,46",10.0
1996-06-11,"0,51",25.0
1996-06-11,"0,44",50.0
1996-06-11,"0,19",100.0
1996-06-11,"0,47",150.0
1996-06-11,"0,54",200.0
1996-06-11,"0,48",250.0
1996-06-19,"0,23",0.0
1996-06-19,"0,41",5.0
1996-06-19,"0,46",10.0
1996-06-19,"0,62",25.0
1996-06-19,"0,36",50.0
1996-06-19,"0,15",100.0
1996-06-19,"0,32",150.0
1996-06-19,"0,36",200.0
1996-06-19,"0,32",250.0
1996-07-02,"0,43",0.0
1996-07-02,"0,61",5.0
1996-07-02,"0,77",10.0
1996-07-02,"0,71",25.0
1996-07-02,"0,56",50.0
1996-07-02,"0,43",100.0
1996-07-02,"0,48",150.0
1996-07-02,"0,47",200.0
1996-07-02,"0,36",250.0
1996-07-08,"0,69",0.0
1996-07-08,"0,73",5.0
1996-07-08,"0,68",10.0
1996-07-08,"0,62",25.0
1996-07-08,"0,47",50.0
1996-07-08,"0,32",100.0
1996-07-08,"0,43",150.0
1996-07-08,"0,55",200.0
1996-07-08,"0,51",250.0
1996-07-16,"1,21",0.0
1996-07-16,"1,93",5.0
1996-07-16,"1,94",10.0
1996-07-16,"1,76",25.0
1996-07-16,"1,00",50.0
1996-07-16,"0,73",100.0
1996-07-16,"0,40",150.0
1996-07-16,"0,97",200.0
1996-07-16,"1,25",250.0
1996-07-23,"2,39",0.0
1996-07-23,"3,04",5.0
1996-07-23,"3,40",10.0
1996-07-23,"3,76",25.0
1996-07-23,"2,46",50.0
1996-07-23,"2,14",100.0
1996-07-23,"2,15",150.0
1996-07-23,"1,77",200.0
1996-07-23,"1,85",250.0
1996-07-29,"1,40",0.0
1996-07-29,"1,41",5.0
1996-07-29,"1,73",10.0
1996-07-29,"2,42",25.0
1996-07-29,"2,15",50.0
1996-07-29,"2,23",100.0
1996-07-29,"2,20",150.0
1996-07-29,"0,96",200.0
1996-07-29,"1,08",250.0
1996-08-06,"1,74",0.0
1996-08-06,"1,65",5.0
1996-08-06,"1,79",10.0
1996-08-06,"1,91",25.0
1996-08-06,"1,21",50.0
1996-08-06,"0,64",100.0
1996-08-06,"1,36",150.0
1996-08-06,"1,24",200.0
1996-08-06,"1,11",250.0
1996-08-18,"1,41",0.0
1996-08-18,"1,67",5.0
1996-08-18,"1,81",10.0
1996-08-18,"2,18",25.0
1996-08-18,"1,99",50.0
1996-08-18,"1,38",100.0
1996-08-18,"1,52",150.0
1996-08-18,"1,54",200.0
1996-08-18,"1,44",250.0
1996-08-24,"1,23",0.0
1996-08-24,"1,71",5.0
1996-08-24,"1,61",10.0
1996-08-24,"1,92",25.0
1996-08-24,"1,77",50.0
1996-08-24,"1,65",100.0
1996-08-24,"1,40",150.0
1996-08-24,"1,50",200.0
1996-08-24,"0,38",250.0
1996-09-02,"2,21",0.0
1996-09-02,"2,42",5.0
1996-09-02,"2,44",10.0
1996-09-02,"2,55",25.0
1996-09-02,"4,03",50.0
1996-09-02,"1,82",100.0
1996-09-02,"1,54",150.0
1996-09-02,"2,18",200.0
1996-09-02,"0,72",250.0
1996-09-09,"2,26",0.0
1996-09-09,"2,19",5.0
1996-09-09,"2,70",10.0
1996-09-09,"2,41",25.0
1996-09-09,"1,83",50.0
1996-09-09,"1,95",100.0
1996-09-09,"1,94",150.0
1996-09-09,"2,16",200.0
1996-09-09,"2,27",250.0
1996-09-13,"1,89",0.0
1996-09-13,"2,18",5.0
1996-09-13,"2,05",10.0
1996-09-13,"2,25",25.0
1996-09-13,"2,43",50.0
1996-09-13,"2,49",100.0
1996-09-13,"2,30",150.0
1996-09-13,"2,24",200.0
1996-09-13,"2,16",250.0
1996-09-23,"1,83",0.0
1996-09-23,"1,73",5.0
1996-09-23,"2,22",10.0
1996-09-23,"2,11",25.0
1996-09-23,"2,29",50.0
1996-09-23,"1,98",100.0
1996-09-23,"2,00",150.0
1996-09-23,"1,81",200.0
1996-09-23,"2,12",250.0
1996-10-04,"1,31",0.0
1996-10-04,"1,26",5.0
1996-10-04,"1,60",10.0
1996-10-04,"1,59",25.0
1996-10-04,"1,53",50.0
1996-10-04,"1,11",100.0
1996-10-04,"1,38",150.0
1996-10-04,"1,27",200.0
1996-10-04,"1,36",250.0
1996-10-10,"1,20",0.0
1996-10-10,"1,28",5.0
1996-10-10,"1,33",10.0
1996-10-10,"1,29",25.0
1996-10-10,"1,31",50.0
1996-10-10,"1,11",100.0
1996-10-10,"1,11",150.0
1996-10-10,"0,92",200.0
1996-10-10,"1,10",250.0
1996-10-20,"1,42",0.0
1996-10-20,"1,49",5.0
1996-10-20,"1,58",10.0
1996-10-20,"1,52",25.0
1996-10-20,"1,52",50.0
1996-10-20,"1,53",100.0
1996-10-20,"1,43",150.0
1996-10-20,"1,47",200.0
1996-10-20,"1,02",250.0
1996-10-24,"1,18",0.0
1996-10-24,"1,33",5.0
1996-10-24,"1,36",10.0
1996-10-24,"1,42",25.0
1996-10-24,"1,33",50.0
1996-10-24,"1,31",100.0
1996-10-24,"1,06",150.0
1996-10-24,"1,18",200.0
1996-10-24,"1,23",250.0
1996-11-06,"0,74",0.0
1996-11-06,"0,81",5.0
1996-11-06,"0,82",10.0
1996-11-06,"0,83",25.0
1996-11-06,"0,78",50.0
1996-11-06,"0,70",100.0
1996-11-06,"0,71",150.0
1996-11-06,"0,68",200.0
1996-11-06,"0,74",250.0
1996-11-14,"0,39",0.0
1996-11-14,"0,41",5.0
1996-11-14,"0,31",10.0
1996-11-14,"0,44",25.0
1996-11-14,"0,20",50.0
1996-11-14,"0,21",100.0
1996-11-14,"0,14",150.0
1996-11-14,"0,17",200.0
1996-11-14,"0,19",250.0
1996-11-21,"0,31",0.0
1996-11-21,"0,45",5.0
1996-11-21,"0,49",10.0
1996-11-21,"0,50",25.0
1996-11-21,"0,52",50.0
1996-11-21,"0,44",100.0
1996-11-21,"0,44",150.0
1996-11-21,"0,47",200.0
1996-11-21,"0,36",250.0
1996-11-29,"0,03",0.0
1996-11-29,"0,07",5.0
1996-11-29,"0,10",10.0
1996-11-29,"0,08",25.0
1996-11-29,"0,08",50.0
1996-11-29,"0,16",100.0
1996-11-29,"0,08",150.0
1996-11-29,"0,07",200.0
1996-11-29,"0,02",250.0
1996-12-05,"0,14",0.0
1996-12-05,"0,19",5.0
1996-12-05,"0,28",10.0
1996-12-05,"0,42",25.0
1996-12-05,"0,28",50.0
1996-12-05,"0,18",100.0
1996-12-05,"0,08",150.0
1996-12-05,"0,27",200.0
1996-12-05,"0,21",250.0
1996-12-23,"0,30",0.0
1996-12-23,"0,35",5.0
1996-12-23,"0,28",10.0
1996-12-23,"0,22",25.0
1996-12-23,"0,15",50.0
1996-12-23,"0,28",100.0
1996-12-23,"0,22",150.0
1996-12-23,"0,27",200.0
1996-12-23,"0,22",250.0
1996-12-26,"0,24",0.0
1996-12-26,"0,33",5.0
1996-12-26,"0,44",10.0
1996-12-26,"0,32",25.0
1996-12-26,"0,34",50.0
1996-12-26,"0,36",100.0
1996-12-26,"0,17",150.0
1996-12-26,"0,22",200.0
1996-12-26,"0,25",250.0
1997-02-13,"0,48",0.0
1997-02-13,"0,71",5.0
1997-02-13,"1,01",10.0
1997-02-13,"0,84",25.0
1997-02-13,"0,50",50.0
1997-02-13,"0,30",100.0
1997-02-13,"0,28",150.0
1997-02-13,"0,28",200.0
1997-02-13,"0,27",250.0
1997-02-20,"0,44",0.0
1997-02-20,"0,47",5.0
1997-02-20,"0,47",10.0
1997-02-20,"0,30",25.0
1997-02-20,"0,26",50.0
1997-02-20,"0,11",100.0
1997-02-20,"0,22",150.0
1997-02-20,"0,20",200.0
1997-02-20,"0,23",250.0
1997-02-27,"0,60",0.0
1997-02-27,"0,77",5.0
1997-02-27,"1,02",10.0
1997-02-27,"0,75",25.0
1997-02-27,"0,55",50.0
1997-02-27,"0,37",100.0
1997-02-27,"0,52",150.0
1997-02-27,"0,56",200.0
1997-02-27,"0,51",250.0
1997-03-06,"1,80",0.0
1997-03-06,"1,05",5.0
1997-03-06,"1,02",10.0
1997-03-06,"0,92",25.0
1997-03-06,"0,88",50.0
1997-03-06,"0,62",100.0
1997-03-06,"0,62",150.0
1997-03-06,"0,63",200.0
1997-03-06,"0,57",250.0
1997-03-13,"2,14",0.0
1997-03-13,"1,85",5.0
1997-03-13,"1,65",10.0
1997-03-13,"1,79",25.0
1997-03-13,"1,10",50.0
1997-03-13,"0,78",100.0
1997-03-13,"1,29",150.0
1997-03-13,"0,81",200.0
1997-03-13,"0,80",250.0
1997-03-20,"1,11",0.0
1997-03-20,"0,98",5.0
1997-03-20,"2,15",10.0
1997-03-20,"1,21",25.0
1997-03-20,"0,92",50.0
1997-03-20,"0,75",100.0
1997-03-20,"0,65",150.0
1997-03-20,"0,76",200.0
1997-03-20,"0,84",250.0
1997-03-27,"0,94",0.0
1997-03-27,"1,27",5.0
1997-03-27,"1,66",10.0
1997-03-27,"1,73",25.0
1997-03-27,"1,36",50.0
1997-03-27,"0,99",100.0
1997-03-27,"1,18",150.0
1997-03-27,"1,18",200.0
1997-03-27,"1,10",250.0
1997-05-04,"3,92",0.0
1997-05-04,"2,57",5.0
1997-05-04,"3,78",10.0
1997-05-04,"2,69",25.0
1997-05-04,"4,43",50.0
1997-05-04,"3,67",100.0
1997-05-04,"3,45",150.0
1997-05-04,"3,32",200.0
1997-05-04,"2,52",250.0
1997-05-11,"5,26",0.0
1997-05-11,"5,42",5.0
1997-05-11,"5,63",10.0
1997-05-11,"5,89",25.0
1997-05-11,"5,74",50.0
1997-05-11,"4,60",100.0
1997-05-11,"3,73",150.0
1997-05-11,"4,06",200.0
1997-05-11,"3,79",250.0
1997-05-22,"1,68",0.0
1997-05-22,"2,41",5.0
1997-05-22,"3,46",10.0
1997-05-22,"2,96",25.0
1997-05-22,"5,13",50.0
1997-05-22,"2,89",100.0
1997-05-22,"2,85",150.0
1997-05-22,"2,72",200.0
1997-05-22,"2,61",250.0
1997-06-02,"2,60",0.0
1997-06-02,"2,45",5.0
1997-06-02,"2,94",10.0
1997-06-02,"4,00",25.0
1997-06-02,"3,71",50.0
1997-06-02,"3,38",100.0
1997-06-02,"3,34",150.0
1997-06-02,"3,13",200.0
1997-06-02,"3,32",250.0
1997-06-09,"1,63",0.0
1997-06-09,"1,58",5.0
1997-06-09,"1,68",10.0
1997-06-09,"2,05",25.0
1997-06-09,"2,10",50.0
1997-06-09,"1,83",100.0
1997-06-09,"1,17",150.0
1997-06-09,"1,20",200.0
1997-06-09,"1,05",250.0
1997-06-16,"0,53",0.0
1997-06-16,"0,76",5.0
1997-06-16,"1,01",10.0
1997-06-16,"0,83",25.0
1997-06-16,"0,65",50.0
1997-06-16,"0,65",100.0
1997-06-16,"0,87",150.0
1997-06-16,"0,69",200.0
1997-06-16,"0,77",250.0
1997-06-23,"0,45",0.0
1997-06-23,"0,61",5.0
1997-06-23,"0,55",10.0
1997-06-23,"0,53",25.0
1997-06-23,"0,51",50.0
1997-06-23,"0,47",100.0
1997-06-23,"0,43",150.0
1997-06-23,"0,50",200.0
1997-06-23,"0,40",250.0
1997-06-30,"0,46",0.0
1997-06-30,"0,60",5.0
1997-06-30,"0,60",10.0
1997-06-30,"0,63",25.0
1997-06-30,"0,62",50.0
1997-06-30,"0,64",100.0
1997-06-30,"0,68",150.0
1997-06-30,"0,65",200.0
1997-06-30,"0,53",250.0
1997-07-07,"0,43",0.0
1997-07-07,"0,61",5.0
1997-07-07,"0,58",10.0
1997-07-07,"0,64",25.0
1997-07-07,"0,67",50.0
1997-07-07,"0,51",100.0
1997-07-07,"0,56",150.0
1997-07-07,"0,53",200.0
1997-07-07,"0,46",250.0
1997-07-14,"0,50",0.0
1997-07-14,"0,88",5.0
1997-07-14,"0,85",10.0
1997-07-14,"0,94",25.0
1997-07-14,"0,95",50.0
1997-07-14,"0,88",100.0
1997-07-14,"0,59",150.0
1997-07-14,"0,72",200.0
1997-07-14,"0,63",250.0
1997-07-21,"1,40",0.0
1997-07-21,"1,32",5.0
1997-07-21,"1,30",10.0
1997-07-21,"1,27",25.0
1997-07-21,"1,11",50.0
1997-07-21,"0,79",100.0
1997-07-21,"0,67",150.0
1997-07-21,"0,67",200.0
1997-07-21,"0,51",250.0
1997-07-30,"2,05",0.0
1997-07-30,"2,85",5.0
1997-07-30,"3,00",10.0
1997-07-30,"2,92",25.0
1997-07-30,"2,20",50.0
1997-08-04,"1,30",0.0
1997-08-04,"1,47",5.0
1997-08-04,"1,76",10.0
1997-08-04,"2,32",25.0
1997-08-04,"1,41",50.0
1997-08-04,"0,93",100.0
1997-08-04,"0,53",150.0
1997-08-04,"0,12",200.0
1997-08-04,"0,17",250.0
1997-08-13,"1,89",0.0
1997-08-13,"1,71",5.0
1997-08-13,"1,82",10.0
1997-08-13,"1,64",25.0
1997-08-13,"1,23",50.0
1997-08-13,"0,25",100.0
1997-08-13,"0,26",150.0
1997-08-13,"0,23",200.0
1997-08-13,"0,30",250.0
1997-08-18,"1,49",0.0
1997-08-18,"1,12",5.0
1997-08-18,"1,08",10.0
1997-08-18,"0,70",25.0
1997-08-18,"0,62",50.0
1997-08-18,"0,32",100.0
1997-08-18,"0,22",150.0
1997-08-18,"0,10",200.0
1997-08-18,"0,25",250.0
1997-08-26,"1,72",0.0
1997-08-26,"0,86",5.0
1997-08-26,"1,76",10.0
1997-08-26,"2,01",25.0
1997-08-26,"1,12",50.0
1997-08-26,"0,24",100.0
1997-08-26,"0,23",150.0
1997-08-26,"0,16",200.0
1997-08-26,"0,12",250.0
1997-09-02,"1,46",0.0
1997-09-02,"1,50",5.0
1997-09-02,"1,42",10.0
1997-09-02,"1,19",25.0
1997-09-02,"0,73",50.0
1997-09-02,,100.0
1997-09-02,,150.0
1997-09-10,"1,12",0.0
1997-09-10,"1,53",5.0
1997-09-10,"1,28",10.0
1997-09-10,"0,96",25.0
1997-09-10,"0,74",50.0
1997-09-16,"2,25",0.0
1997-09-16,"2,39",5.0
1997-09-16,"2,48",10.0
1997-09-16,"1,83",25.0
1997-09-16,"0,85",50.0
1997-09-16,"0,12",100.0
1997-09-16,"0,16",150.0
1997-09-16,"0,10",200.0
1997-09-16,"0,10",250.0
1997-09-23,"2,24",0.0
1997-09-23,"2,24",5.0
1997-09-23,"2,14",10.0
1997-09-23,"1,75",25.0
1997-09-23,"0,88",50.0
1997-09-23,"0,95",100.0
1997-09-23,"0,21",150.0
1997-09-23,"0,10",200.0
1997-09-23,"0,24",250.0
1997-10-01,"1,00",0.0
1997-10-01,"1,02",5.0
1997-10-01,"1,07",10.0
1997-10-01,"0,86",25.0
1997-10-01,"0,52",50.0
1997-10-01,"0,53",100.0
1997-10-01,"0,07",150.0
1997-10-01,"0,08",200.0
1997-10-01,"0,34",250.0
1997-10-09,"0,73",0.0
1997-10-09,"0,60",5.0
1997-10-09,"0,52",10.0
1997-10-09,"0,23",25.0
1997-10-09,"0,25",50.0
1997-10-09,"0,07",100.0
1997-10-09,"0,10",150.0
1997-10-09,"0,22",200.0
1997-10-09,"0,00",250.0
1997-10-17,"1,32",0.0
1997-10-17,"1,29",5.0
1997-10-17,"1,21",10.0
1997-10-17,"0,48",25.0
1997-10-17,"0,21",50.0
1997-10-17,"0,45",100.0
1997-10-17,"0,13",150.0
1997-10-17,"0,08",200.0
1997-10-17,"0,05",250.0
1997-10-24,"0,43",0.0
1997-10-24,"0,49",5.0
1997-10-24,"0,49",10.0
1997-10-24,"0,48",25.0
1997-10-24,"0,50",50.0
1997-10-24,"0,48",100.0
1997-10-24,"0,16",150.0
1997-10-24,"0,13",200.0
1997-10-24,"0,03",250.0
1997-11-04,"0,38",0.0
1997-11-04,"0,44",5.0
1997-11-04,"0,45",10.0
1997-11-04,"0,48",25.0
1997-11-04,"0,39",50.0
1997-11-04,"0,37",100.0
1997-11-04,"0,35",150.0
1997-11-04,"0,47",200.0
1997-11-04,"0,38",250.0
1997-11-18,"0,32",0.0
1997-11-18,"0,26",5.0
1997-11-18,"0,28",10.0
1997-11-18,"0,29",25.0
1997-11-18,"0,29",50.0
1997-11-18,"0,32",100.0
1997-11-18,"0,27",150.0
1997-11-18,"0,30",200.0
1997-11-18,"0,30",250.0
1997-12-01,"0,16",0.0
1997-12-01,"0,18",5.0
1997-12-01,"0,22",10.0
1997-12-01,"0,22",25.0
1997-12-01,"0,23",50.0
1997-12-01,"0,19",100.0
1997-12-01,"0,16",150.0
1997-12-01,"0,17",200.0
1997-12-01,"0,19",250.0
1997-12-09,"0,14",0.0
1997-12-09,"0,17",5.0
1997-12-09,"0,17",10.0
1997-12-09,"0,18",25.0
1997-12-09,"0,16",50.0
1997-12-09,"0,17",100.0
1997-12-09,"0,13",150.0
1997-12-09,"0,13",200.0
1997-12-09,"0,16",250.0
1997-12-25,"0,19",0.0
1997-12-25,"0,17",5.0
1997-12-25,"0,22",10.0
1997-12-25,"0,18",25.0
1997-12-25,"0,16",50.0
1997-12-25,"0,20",100.0
1997-12-25,"0,09",150.0
1997-12-25,"0,10",200.0
1997-12-25,"0,14",250.0
1998-01-05,"0,11",0.0
1998-01-05,"0,19",5.0
1998-01-05,"0,47",10.0
1998-01-05,"0,63",25.0
1998-01-05,"0,19",50.0
1998-01-05,"0,10",100.0
1998-01-05,"0,08",150.0
1998-01-05,"0,13",200.0
1998-01-05,"0,14",250.0
1998-02-02,"0,32",0.0
1998-02-02,"0,41",5.0
1998-02-02,"0,39",10.0
1998-02-02,"0,35",25.0
1998-02-02,"0,30",50.0
1998-02-02,"0,12",100.0
1998-02-02,"0,09",150.0
1998-02-02,"0,06",200.0
1998-02-10,"0,45",0.0
1998-02-10,"0,41",5.0
1998-02-10,"0,43",10.0
1998-02-10,"0,27",25.0
1998-02-10,"0,22",50.0
1998-02-10,"0,19",100.0
1998-02-10,"0,07",150.0
1998-02-10,"0,00",200.0
1998-02-10,"0,18",250.0
1998-02-17,"0,53",0.0
1998-02-17,"0,54",5.0
1998-02-17,"0,57",10.0
1998-02-17,"0,45",25.0
1998-02-17,"0,29",50.0
1998-02-17,"0,07",100.0
1998-02-17,"0,04",150.0
1998-02-17,"0,04",200.0
1998-02-17,"0,04",250.0
1998-02-25,"0,54",0.0
1998-02-25,"0,69",5.0
1998-02-25,"0,46",10.0
1998-02-25,"0,60",25.0
1998-02-25,"0,36",50.0
1998-02-25,"0,04",100.0
1998-02-25,"0,04",150.0
1998-02-25,"0,00",200.0
1998-02-25,"0,00",250.0
1998-03-03,"0,34",0.0
1998-03-03,"0,42",5.0
1998-03-03,"0,38",10.0
1998-03-03,"0,63",25.0
1998-03-03,"0,29",50.0
1998-03-03,"0,03",100.0
1998-03-03,"0,00",150.0
1998-03-03,"0,00",200.0
1998-03-03,"0,04",250.0
1998-03-09,"0,39",0.0
1998-03-09,"0,64",5.0
1998-03-09,"0,57",10.0
1998-03-09,"0,72",25.0
1998-03-09,"0,42",50.0
1998-03-09,"0,07",100.0
1998-03-09,"0,00",150.0
1998-03-09,"0,00",200.0
1998-03-09,"0,19",250.0
1998-03-18,"0,31",0.0
1998-03-18,"0,54",5.0
1998-03-18,"0,53",10.0
1998-03-18,"0,88",25.0
1998-03-18,"0,38",50.0
1998-03-18,"0,04",100.0
1998-03-18,"0,00",150.0
1998-03-18,"0,04",200.0
1998-03-18,"0,03",250.0
1998-03-25,"0,41",0.0
1998-03-25,"0,54",5.0
1998-03-25,"0,54",10.0
1998-03-25,"0,53",25.0
1998-03-25,"0,39",50.0
1998-03-25,"0,03",100.0
1998-03-25,"0,03",150.0
1998-03-25,"0,04",200.0
1998-03-25,"0,00",250.0
1998-04-01,"0,29",0.0
1998-04-01,"0,44",5.0
1998-04-01,"0,62",10.0
1998-04-01,"0,65",25.0
1998-04-01,"0,57",50.0
1998-04-01,"0,00",100.0
1998-04-01,"0,00",150.0
1998-04-01,"0,00",200.0
1998-04-01,"0,03",250.0
1998-04-08,"0,40",0.0
1998-04-08,"0,53",5.0
1998-04-08,"0,74",10.0
1998-04-08,"0,71",25.0
1998-04-08,"0,74",50.0
1998-04-08,"0,03",100.0
1998-04-08,"0,04",150.0
1998-04-08,"0,16",200.0
1998-04-08,"0,03",250.0
1998-05-08,"1,12",0.0
1998-05-08,"1,15",5.0
1998-05-08,"1,08",10.0
1998-05-08,"1,06",25.0
1998-05-08,"1,01",50.0
1998-05-08,"0,10",100.0
1998-05-08,"0,04",150.0
1998-05-08,"0,05",200.0
1998-05-08,"0,04",250.0
1998-05-18,"1,33",0.0
1998-05-18,"1,53",5.0
1998-05-18,"1,45",10.0
1998-05-18,"1,56",25.0
1998-05-18,"1,52",50.0
1998-05-18,"1,44",100.0
1998-05-18,"0,10",150.0
1998-05-18,"0,04",200.0
1998-05-18,"0,00",250.0
1998-05-25,"1,37",0.0
1998-05-25,"1,62",5.0
1998-05-25,"1,67",10.0
1998-05-25,"1,69",25.0
1998-05-25,"1,69",50.0
1998-05-25,"1,03",100.0
1998-05-25,"0,86",150.0
1998-05-25,"0,28",200.0
1998-05-25,"0,00",250.0
1998-06-01,"1,88",0.0
1998-06-01,"2,11",5.0
1998-06-01,"1,99",10.0
1998-06-01,"2,12",25.0
1998-06-01,"1,95",50.0
1998-06-01,"1,61",100.0
1998-06-01,"0,50",150.0
1998-06-01,"0,17",200.0
1998-06-01,"0,23",250.0
1998-06-08,"0,77",0.0
1998-06-08,"0,70",5.0
1998-06-08,"0,91",10.0
1998-06-08,"0,86",25.0
1998-06-08,"0,88",50.0
1998-06-08,"0,88",100.0
1998-06-08,"0,73",150.0
1998-06-08,"0,22",200.0
1998-06-08,"0,31",250.0
1998-06-15,"0,40",0.0
1998-06-15,"0,51",5.0
1998-06-15,"0,60",10.0
1998-06-15,"0,61",25.0
1998-06-15,"0,63",50.0
1998-06-15,"0,41",100.0
1998-06-15,"0,16",150.0
1998-06-15,"0,13",200.0
1998-06-15,"0,60",250.0
1998-06-23,"0,42",0.0
1998-06-23,"0,49",5.0
1998-06-23,"0,53",10.0
1998-06-23,"0,59",25.0
1998-06-23,"0,54",50.0
1998-06-23,"0,50",100.0
1998-06-23,"0,47",150.0
1998-06-23,"0,55",200.0
1998-06-23,"0,39",250.0
1998-06-29,"0,23",0.0
1998-06-29,"0,44",5.0
1998-06-29,"0,49",10.0
1998-06-29,"0,46",25.0
1998-06-29,"0,51",50.0
1998-06-29,"0,44",100.0
1998-06-29,"0,45",150.0
1998-06-29,"0,41",200.0
1998-06-29,"0,20",250.0
1998-07-06,"0,24",0.0
1998-07-06,"0,52",5.0
1998-07-06,"0,64",10.0
1998-07-06,"0,70",25.0
1998-07-06,"0,61",50.0
1998-07-06,"0,48",100.0
1998-07-06,"0,48",150.0
1998-07-06,"0,39",200.0
1998-07-06,"0,32",250.0
1998-07-10,"0,42",0.0
1998-07-10,"0,48",5.0
1998-07-10,"0,70",10.0
1998-07-10,"0,75",25.0
1998-07-10,"0,71",50.0
1998-07-10,"0,46",100.0
1998-07-10,"0,59",150.0
1998-07-10,"0,41",200.0
1998-07-10,"0,29",250.0
1998-07-19,"0,47",0.0
1998-07-19,"0,67",5.0
1998-07-19,"0,70",10.0
1998-07-19,"0,80",25.0
1998-07-19,"0,63",50.0
1998-07-19,"0,37",100.0
1998-07-19,"0,16",150.0
1998-07-19,"0,20",200.0
1998-07-19,"0,15",250.0
1998-07-28,"0,79",0.0
1998-07-28,"0,88",5.0
1998-07-28,"0,98",10.0
1998-07-28,"0,76",25.0
1998-07-28,"0,61",50.0
1998-07-28,"0,21",100.0
1998-07-28,"0,07",150.0
1998-07-28,"0,08",200.0
1998-07-28,"0,05",250.0
1998-08-03,"0,21",0.0
1998-08-03,"0,21",5.0
1998-08-03,"0,30",10.0
1998-08-03,"0,26",25.0
1998-08-03,"0,43",50.0
1998-08-03,"0,16",100.0
1998-08-03,"0,53",150.0
1998-08-03,"0,23",200.0
1998-08-03,"0,26",250.0
1998-08-11,"2,30",0.0
1998-08-11,"1,97",5.0
1998-08-11,"2,05",10.0
1998-08-11,"1,70",25.0
1998-08-11,"0,73",50.0
1998-08-11,"0,33",100.0
1998-08-11,"0,14",150.0
1998-08-11,"0,24",200.0
1998-08-11,"0,32",250.0
1998-08-17,"2,42",0.0
1998-08-17,"2,95",5.0
1998-08-17,"3,04",10.0
1998-08-17,"3,04",25.0
1998-08-17,"1,11",50.0
1998-08-17,,100.0
1998-08-17,"0,20",150.0
1998-08-17,"0,22",200.0
1998-08-17,"0,27",250.0
1998-08-25,"1,87",0.0
1998-08-25,"1,91",5.0
1998-08-25,"2,04",10.0
1998-08-25,"2,29",25.0
1998-08-25,"1,01",50.0
1998-08-25,"0,21",100.0
1998-08-25,"0,24",150.0
1998-08-25,"0,24",200.0
1998-08-25,"0,18",250.0
1998-09-01,"2,20",0.0
1998-09-01,"2,17",5.0
1998-09-01,"2,19",10.0
1998-09-01,"2,43",25.0
1998-09-01,"0,95",50.0
1998-09-01,"0,20",100.0
1998-09-01,"0,10",150.0
1998-09-01,"0,27",200.0
1998-09-01,"0,14",250.0
1998-09-07,"2,88",0.0
1998-09-07,"2,49",5.0
1998-09-07,"2,44",10.0
1998-09-07,"2,40",25.0
1998-09-07,"0,95",50.0
1998-09-07,"0,16",100.0
1998-09-07,    0.81*,150.0
1998-09-07,"0,15",200.0
1998-09-07,"0,00",250.0
1998-09-16,"2,49",0.0
1998-09-16,"2,15",5.0
1998-09-16,"2,17",10.0
1998-09-16,"2,15",25.0
1998-09-16,"1,01",50.0
1998-09-16,"0,16",100.0
1998-09-16,"0,42",150.0
1998-09-16,"0,14",200.0
1998-09-16,"0,21",250.0
1998-09-24,"1,89",0.0
1998-09-24,"2,08",5.0
1998-09-24,"1,85",10.0
1998-09-24,"1,79",25.0
1998-09-24,"1,81",50.0
1998-09-24,"0,75",100.0
1998-09-24,"0,32",150.0
1998-09-24,"0,32",200.0
1998-09-24,"0,36",250.0
1998-10-01,"2,95",0.0
1998-10-01,"2,78",5.0
1998-10-01,"2,97",10.0
1998-10-01,"3,21",25.0
1998-10-01,"2,19",50.0
1998-10-01,"0,45",100.0
1998-10-01,"0,28",150.0
1998-10-01,"0,31",200.0
1998-10-01,"0,00",250.0
1998-10-09,"1,80",0.0
1998-10-09,"1,68",5.0
1998-10-09,"1,62",10.0
1998-10-09,"1,60",25.0
1998-10-09,"1,64",50.0
1998-10-09,"0,54",100.0
1998-10-09,"0,13",150.0
1998-10-09,"0,10",200.0
1998-10-09,"0,09",250.0
1998-10-16,"1,35",0.0
1998-10-16,"1,49",5.0
1998-10-16,"1,45",10.0
1998-10-16,"1,48",25.0
1998-10-16,"1,14",50.0
1998-10-16,"0,89",100.0
1998-10-16,"0,09",150.0
1998-10-16,"0,08",200.0
1998-10-16,"0,07",250.0
1998-10-22,"1,01",0.0
1998-10-22,"1,12",5.0
1998-10-22,"1,09",10.0
1998-10-22,"0,95",25.0
1998-10-22,"0,41",50.0
1998-10-22,"0,29",100.0
1998-10-22,"0,33",150.0
1998-10-22,"0,34",200.0
1998-10-22,"0,34",250.0
1998-10-28,"0,47",0.0
1998-10-28,"0,67",5.0
1998-10-28,"0,62",10.0
1998-10-28,"0,58",25.0
1998-10-28,"0,49",50.0
1998-10-28,"0,37",100.0
1998-10-28,"0,37",150.0
1998-10-28,"0,31",200.0
1998-10-28,"0,31",250.0
1998-10-28,,300.0
1998-11-11,"0,43",0.0
1998-11-11,"0,34",5.0
1998-11-11,"0,40",10.0
1998-11-11,"0,43",25.0
1998-11-11,"0,32",50.0
1998-11-11,"0,25",100.0
1998-11-11,"0,28",150.0
1998-11-11,"0,20",200.0
1998-11-11,"0,23",250.0
1998-11-11,,300.0
1998-11-19,"0,64",0.0
1998-11-19,"0,61",5.0
1998-11-19,"0,64",10.0
1998-11-19,"0,69",25.0
1998-11-19,"0,67",50.0
1998-11-19,"0,77",100.0
1998-11-19,"0,60",150.0
1998-11-19,"0,59",200.0
1998-11-19,"0,53",250.0
1998-11-19,,300.0
1998-11-26,"0,46",0.0
1998-11-26,"0,50",5.0
1998-11-26,"0,51",10.0
1998-11-26,"0,52",25.0
1998-11-26,"0,50",50.0
1998-11-26,"0,42",100.0
1998-11-26,"0,40",150.0
1998-11-26,"0,48",200.0
1998-11-26,"0,44",250.0
1998-12-04,"0,48",0.0
1998-12-04,"0,46",5.0
1998-12-04,"0,46",10.0
1998-12-04,"0,34",25.0
1998-12-04,"0,38",50.0
1998-12-04,"0,41",100.0
1998-12-04,"0,35",150.0
1998-12-04,"0,38",200.0
1998-12-04,"0,36",250.0
1998-12-04,,300.0
1998-12-10,"0,27",0.0
1998-12-10,"0,24",5.0
1998-12-10,"0,23",10.0
1998-12-10,"0,25",25.0
1998-12-10,"0,25",50.0
1998-12-10,"0,23",100.0
1998-12-10,"0,16",150.0
1998-12-10,"0,24",200.0
1998-12-10,"0,22",250.0
1998-12-10,,300.0
1998-12-29,"0,17",0.0
1998-12-29,"0,14",5.0
1998-12-29,"0,19",10.0
1998-12-29,"0,16",25.0
1998-12-29,"0,17",50.0
1998-12-29,"0,17",100.0
1998-12-29,"0,18",150.0
1998-12-29,"0,14",200.0
1998-12-29,"0,08",250.0
1999-01-04,"0,46",0.0
1999-01-04,"0,52",5.0
1999-01-04,"0,48",10.0
1999-01-04,"0,46",25.0
1999-01-04,"0,28",50.0
1999-01-04,"0,26",100.0
1999-01-04,"0,29",150.0
1999-01-04,"0,32",200.0
1999-01-04,"0,31",250.0
1999-01-04,,300.0
1999-01-29,"0,64",0.0
1999-01-29,"0,68",5.0
1999-01-29,"0,70",10.0
1999-01-29,"0,59",25.0
1999-01-29,"0,34",50.0
1999-01-29,"0,19",100.0
1999-01-29,"0,19",150.0
1999-01-29,"0,23",200.0
1999-01-29,"0,19",250.0
1999-02-04,"1,31",0.0
1999-02-04,"1,27",5.0
1999-02-04,"0,81",10.0
1999-02-04,"0,47",25.0
1999-02-04,"0,36",50.0
1999-02-04,"0,27",100.0
1999-02-04,"0,26",150.0
1999-02-04,"0,27",200.0
1999-02-04,"0,28",250.0
1999-02-11,"1,58",0.0
1999-02-11,"1,45",5.0
1999-02-11,"1,43",10.0
1999-02-11,"0,69",25.0
1999-02-11,"0,52",50.0
1999-02-11,"0,43",100.0
1999-02-11,"0,38",150.0
1999-02-11,"0,38",200.0
1999-02-11,"0,37",250.0
1999-02-18,"1,30",0.0
1999-02-18,"1,25",5.0
1999-02-18,"1,16",10.0
1999-02-18,"0,51",25.0
1999-02-18,"0,38",50.0
1999-02-18,"0,27",100.0
1999-02-18,"0,32",150.0
1999-02-18,"0,35",200.0
1999-02-18,"0,30",250.0
1999-02-25,"1,16",0.0
1999-02-25,"1,35",5.0
1999-02-25,"1,32",10.0
1999-02-25,"0,59",25.0
1999-02-25,"0,36",50.0
1999-02-25,"0,39",100.0
1999-02-25,"0,28",150.0
1999-02-25,"0,31",200.0
1999-02-25,"0,29",250.0
1999-03-04,"1,41",0.0
1999-03-04,"1,22",5.0
1999-03-04,"1,08",10.0
1999-03-04,"1,31",25.0
1999-03-04,"0,47",50.0
1999-03-04,"0,45",100.0
1999-03-04,"0,40",150.0
1999-03-04,"0,45",200.0
1999-03-04,"0,38",250.0
1999-03-12,"1,86",0.0
1999-03-12,"2,26",5.0
1999-03-12,"2,04",10.0
1999-03-12,"2,10",25.0
1999-03-12,"1,24",50.0
1999-03-12,"0,66",100.0
1999-03-12,"0,65",150.0
1999-03-12,"0,73",200.0
1999-03-12,"0,58",250.0
1999-03-16,"1,49",0.0
1999-03-16,"1,70",5.0
1999-03-16,"1,98",10.0
1999-03-16,"1,36",25.0
1999-03-16,"0,57",50.0
1999-03-16,"0,46",100.0
1999-03-16,"0,42",150.0
1999-03-16,"0,48",200.0
1999-03-16,"0,50",250.0
1999-03-23,"1,46",0.0
1999-03-23,"2,08",5.0
1999-03-23,"2,09",10.0
1999-03-23,"1,92",25.0
1999-03-23,"0,60",50.0
1999-03-23,"0,50",100.0
1999-03-23,"0,56",150.0
1999-03-23,"0,57",200.0
1999-03-23,"0,53",250.0
1999-03-30,"1,70",0.0
1999-03-30,"1,58",5.0
1999-03-30,"1,61",10.0
1999-03-30,"1,70",25.0
1999-03-30,"1,13",50.0
1999-03-30,"0,63",100.0
1999-03-30,"0,63",150.0
1999-03-30,"0,60",200.0
1999-03-30,"0,51",250.0
1999-04-05,"1,33",0.0
1999-04-05,"1,70",5.0
1999-04-05,"1,72",10.0
1999-04-05,"1,68",25.0
1999-04-05,"1,13",50.0
1999-04-05,"0,45",100.0
1999-04-05,"0,52",150.0
1999-04-05,"0,43",200.0
1999-04-05,"0,45",250.0
1999-04-12,"1,33",0.0
1999-04-12,"1,30",5.0
1999-04-12,"1,43",10.0
1999-04-12,"1,52",25.0
1999-04-12,"1,46",50.0
1999-04-12,"0,65",100.0
1999-04-12,"0,64",150.0
1999-04-12,"0,67",200.0
1999-04-12,"0,63",250.0
1999-05-05,"0,57",0.0
1999-05-05,"1,22",5.0
1999-05-05,"0,92",10.0
1999-05-05,"1,13",25.0
1999-05-05,"0,81",50.0
1999-05-05,"0,38",100.0
1999-05-05,"0,29",150.0
1999-05-05,"0,43",200.0
1999-05-05,"0,29",250.0
1999-05-14,"0,83",0.0
1999-05-14,"0,84",5.0
1999-05-14,"1,03",10.0
1999-05-14,"1,32",25.0
1999-05-14,"1,08",50.0
1999-05-14,"0,70",100.0
1999-05-14,"0,47",150.0
1999-05-14,"0,69",200.0
1999-05-14,"0,65",250.0
1999-05-20,"0,97",0.0
1999-05-20,"1,45",5.0
1999-05-20,"1,16",10.0
1999-05-20,"1,53",25.0
1999-05-20,"1,59",50.0
1999-05-20,"0,96",100.0
1999-05-20,"0,90",150.0
1999-05-20,"0,96",200.0
1999-05-20,"1,10",250.0
1999-05-27,"1,51",0.0
1999-05-27,"1,48",5.0
1999-05-27,"1,86",10.0
1999-05-27,"1,74",25.0
1999-05-27,"1,71",50.0
1999-05-27,"1,04",100.0
1999-05-27,"0,16",150.0
1999-05-27,"0,28",200.0
1999-05-27,"0,25",250.0
1999-06-02,"1,11",0.0
1999-06-02,"1,31",5.0
1999-06-02,"1,29",10.0
1999-06-02,"1,41",25.0
1999-06-02,"1,45",50.0
1999-06-02,"1,00",100.0
1999-06-02,"0,72",150.0
1999-06-02,"0,79",200.0
1999-06-02,"0,62",250.0
1999-06-10,"1,42",0.0
1999-06-10,"1,59",5.0
1999-06-10,"1,80",10.0
1999-06-10,"1,84",25.0
1999-06-10,"2,01",50.0
1999-06-10,"1,90",100.0
1999-06-10,"1,66",150.0
1999-06-10,"1,40",200.0
1999-06-10,"1,39",250.0
1999-06-17,"0,83",0.0
1999-06-17,"1,47",5.0
1999-06-17,"1,45",10.0
1999-06-17,"1,64",25.0
1999-06-17,"1,83",50.0
1999-06-17,"1,71",100.0
1999-06-17,"1,65",150.0
1999-06-17,"1,67",200.0
1999-06-17,"1,48",250.0
1999-06-24,"1,51",0.0
1999-06-24,"1,83",5.0
1999-06-24,"1,80",10.0
1999-06-24,"1,91",25.0
1999-06-24,"1,80",50.0
1999-06-24,"1,68",100.0
1999-06-24,"1,20",150.0
1999-06-24,"1,62",200.0
1999-06-24,"1,40",250.0
1999-06-30,"1,74",0.0
1999-06-30,"2,57",5.0
1999-06-30,"2,61",10.0
1999-06-30,"2,46",25.0
1999-06-30,"2,41",50.0
1999-06-30,"1,63",100.0
1999-06-30,"1,87",150.0
1999-06-30,"1,48",200.0
1999-06-30,"0,69",250.0
1999-07-07,"2,12",0.0
1999-07-07,"3,47",5.0
1999-07-07,"4,45",10.0
1999-07-07,"2,98",25.0
1999-07-07,"2,07",50.0
1999-07-07,"0,92",100.0
1999-07-07,"0,95",150.0
1999-07-07,"0,91",200.0
1999-07-07,"0,72",250.0
1999-07-13,"2,35",0.0
1999-07-13,"2,63",5.0
1999-07-13,"2,75",10.0
1999-07-13,"2,69",25.0
1999-07-13,"1,34",50.0
1999-07-13,"0,83",100.0
1999-07-13,"0,91",150.0
1999-07-13,"1,08",200.0
1999-07-13,"0,89",250.0
1999-07-20,"1,10",0.0
1999-07-20,"1,57",5.0
1999-07-20,"4,39",10.0
1999-07-20,"2,52",25.0
1999-07-20,"1,27",50.0
1999-07-20,"0,76",100.0
1999-07-20,"0,45",150.0
1999-07-20,"0,52",200.0
1999-07-20,"0,33",250.0
1999-07-31,"1,77",0.0
1999-07-31,"2,54",5.0
1999-07-31,"3,46",10.0
1999-07-31,"2,42",25.0
1999-07-31,"0,83",50.0
1999-07-31,"0,20",100.0
1999-07-31,"0,19",150.0
1999-07-31,"0,23",200.0
1999-07-31,"0,22",250.0
1999-08-04,"1,62",0.0
1999-08-04,"1,65",5.0
1999-08-04,"1,82",10.0
1999-08-04,"2,37",25.0
1999-08-04,"0,33",50.0
1999-08-04,"0,18",100.0
1999-08-04,"0,16",150.0
1999-08-04,"0,13",200.0
1999-08-04,"0,17",250.0
1999-08-16,"1,58",0.0
1999-08-16,"1,55",5.0
1999-08-16,"1,68",10.0
1999-08-16,"1,77",25.0
1999-08-16,"0,28",50.0
1999-08-16,"0,11",100.0
1999-08-16,"0,06",150.0
1999-08-16,"0,16",200.0
1999-08-16,"0,08",250.0
1999-08-23,"1,71",0.0
1999-08-23,"1,89",5.0
1999-08-23,"1,79",10.0
1999-08-23,"1,56",25.0
1999-08-23,"0,29",50.0
1999-08-23,"0,12",100.0
1999-08-23,"0,11",150.0
1999-08-23,"0,09",200.0
1999-08-23,"0,15",250.0
1999-08-31,"1,59",0.0
1999-08-31,"1,83",5.0
1999-08-31,"1,87",10.0
1999-08-31,"1,67",25.0
1999-08-31,"1,22",50.0
1999-08-31,"0,26",100.0
1999-08-31,"0,09",150.0
1999-08-31,"0,20",200.0
1999-08-31,"0,12",250.0
1999-09-08,"1,58",0.0
1999-09-08,"1,71",5.0
1999-09-08,"1,72",10.0
1999-09-08,"1,64",25.0
1999-09-08,"0,36",50.0
1999-09-08,"0,16",100.0
1999-09-08,"0,09",150.0
1999-09-08,"0,07",200.0
1999-09-08,"0,02",250.0
1999-09-15,"2,04",0.0
1999-09-15,"1,98",5.0
1999-09-15,"2,00",10.0
1999-09-15,"0,45",25.0
1999-09-15,"0,25",50.0
1999-09-15,"0,18",100.0
1999-09-15,"0,10",150.0
1999-09-15,"0,09",200.0
1999-09-15,"0,04",250.0
1999-09-23,"1,62",0.0
1999-09-23,"1,51",5.0
1999-09-23,"1,71",10.0
1999-09-23,"1,54",25.0
1999-09-23,"1,33",50.0
1999-09-23,"0,08",100.0
1999-09-23,"0,05",150.0
1999-09-23,"0,01",200.0
1999-09-23,"0,05",250.0
1999-09-29,"1,77",0.0
1999-09-29,"1,73",5.0
1999-09-29,"1,90",10.0
1999-09-29,"1,70",25.0
1999-09-29,"0,54",50.0
1999-09-29,"0,14",100.0
1999-09-29,"0,06",150.0
1999-09-29,"0,06",200.0
1999-09-29,"0,04",250.0
1999-10-05,"1,68",0.0
1999-10-05,"1,70",5.0
1999-10-05,"1,80",10.0
1999-10-05,"1,35",25.0
1999-10-05,"1,20",50.0
1999-10-05,"0,04",100.0
1999-10-05,"0,04",150.0
1999-10-05,"0,05",200.0
1999-10-05,"0,02",250.0
1999-10-13,"0,85",0.0
1999-10-13,"0,92",5.0
1999-10-13,"1,02",10.0
1999-10-13,"0,38",25.0
1999-10-13,"0,08",50.0
1999-10-13,"0,06",100.0
1999-10-13,"0,04",150.0
1999-10-13,"0,03",200.0
1999-10-13,"0,03",250.0
1999-10-20,"1,33",0.0
1999-10-20,"1,37",5.0
1999-10-20,"1,20",10.0
1999-10-20,"1,23",25.0
1999-10-20,"0,90",50.0
1999-10-20,"0,06",100.0
1999-10-20,"0,05",150.0
1999-10-20,"0,03",200.0
1999-10-20,"0,03",250.0
1999-10-28,"0,31",0.0
1999-10-28,"0,29",5.0
1999-10-28,"0,31",10.0
1999-10-28,"0,23",25.0
1999-10-28,"0,19",50.0
1999-10-28,"0,10",100.0
1999-10-28,"0,05",150.0
1999-10-28,"0,04",200.0
1999-10-28,"0,13",250.0
1999-11-04,"0,62",0.0
1999-11-04,"0,54",5.0
1999-11-04,"0,55",10.0
1999-11-04,"0,53",25.0
1999-11-04,"0,56",50.0
1999-11-04,"0,47",100.0
1999-11-04,"0,38",150.0
1999-11-04,"0,29",200.0
1999-11-04,"0,07",250.0
1999-11-10,"0,47",0.0
1999-11-10,"0,44",5.0
1999-11-10,"0,42",10.0
1999-11-10,"0,41",25.0
1999-11-10,"0,30",50.0
1999-11-10,"0,36",100.0
1999-11-10,"0,05",150.0
1999-11-10,"0,06",200.0
1999-11-10,"0,04",250.0
1999-11-26,"0,07",0.0
1999-11-26,"0,12",5.0
1999-11-26,"0,11",10.0
1999-11-26,"0,12",25.0
1999-11-26,"0,08",50.0
1999-11-26,"0,11",100.0
1999-11-26,"0,06",150.0
1999-11-26,"0,03",200.0
1999-11-26,"0,04",250.0
1999-12-03,"0,11",0.0
1999-12-03,"0,13",5.0
1999-12-03,"0,11",10.0
1999-12-03,"0,09",25.0
1999-12-03,"0,14",50.0
1999-12-03,"0,12",100.0
1999-12-03,"0,08",150.0
1999-12-03,"0,06",200.0
1999-12-03,"0,05",250.0
1999-12-08,"0,18",0.0
1999-12-08,"0,10",5.0
1999-12-08,"0,10",10.0
1999-12-08,"0,08",25.0
1999-12-08,"0,07",50.0
1999-12-08,"0,08",100.0
1999-12-08,"0,08",150.0
1999-12-08,"0,06",200.0
1999-12-08,"0,06",250.0
1999-12-26,"0,11",0.0
1999-12-26,"0,13",5.0
1999-12-26,"0,14",10.0
1999-12-26,"0,14",25.0
1999-12-26,"0,13",50.0
1999-12-26,"0,09",100.0
1999-12-26,"0,06",150.0
1999-12-26,"0,04",200.0
1999-12-26,"0,06",250.0
2000-01-08,"0,14",0.0
2000-01-08,"0,15",5.0
2000-01-08,"0,17",10.0
2000-01-08,"0,16",25.0
2000-01-08,"0,16",50.0
2000-01-08,"0,16",100.0
2000-01-08,"0,14",150.0
2000-01-08,"0,09",200.0
2000-01-08,"0,09",250.0
2000-01-27,"0,18",0.0
2000-01-27,"0,24",5.0
2000-01-27,"0,21",10.0
2000-01-27,"0,21",25.0
2000-01-27,"0,16",50.0
2000-01-27,"0,06",100.0
2000-01-27,"0,04",150.0
2000-01-27,"0,03",200.0
2000-01-27,"0,04",250.0
2000-02-02,"0,29",0.0
2000-02-02,"0,20",5.0
2000-02-02,"0,23",10.0
2000-02-02,"0,22",25.0
2000-02-02,"0,12",50.0
2000-02-02,"0,04",100.0
2000-02-02,"0,03",150.0
2000-02-02,"0,03",200.0
2000-02-02,"0,03",250.0
2000-02-09,"0,43",0.0
2000-02-09,"0,33",5.0
2000-02-09,"0,31",10.0
2000-02-09,"0,22",25.0
2000-02-09,"0,10",50.0
2000-02-09,"0,07",100.0
2000-02-09,"0,03",150.0
2000-02-09,"0,03",200.0
2000-02-09,"0,02",250.0
2000-02-16,"0,29",0.0
2000-02-16,"0,36",5.0
2000-02-16,"0,37",10.0
2000-02-16,"0,22",25.0
2000-02-16,"0,11",50.0
2000-02-16,"0,04",100.0
2000-02-16,"0,02",150.0
2000-02-16,"0,02",200.0
2000-02-16,"0,02",250.0
2000-02-23,"0,32",0.0
2000-02-23,"0,69",5.0
2000-02-23,"0,53",10.0
2000-02-23,"0,35",25.0
2000-02-23,"0,10",50.0
2000-02-23,"0,06",100.0
2000-02-23,"0,00",150.0
2000-02-23,"0,00",200.0
2000-02-23,"0,00",250.0
2000-03-01,"0,78",0.0
2000-03-01,"0,69",5.0
2000-03-01,"0,84",10.0
2000-03-01,"0,37",25.0
2000-03-01,"0,11",50.0
2000-03-01,"0,04",100.0
2000-03-01,"0,01",150.0
2000-03-01,"0,02",200.0
2000-03-01,"0,02",250.0
2000-03-07,"1,37",0.0
2000-03-07,"1,63",5.0
2000-03-07,"1,29",10.0
2000-03-07,"0,62",25.0
2000-03-07,"0,09",50.0
2000-03-07,"0,06",100.0
2000-03-07,"0,02",150.0
2000-03-07,"0,02",200.0
2000-03-07,"0,02",250.0
2000-03-15,"2,73",0.0
2000-03-15,"3,40",5.0
2000-03-15,"3,60",10.0
2000-03-15,"2,16",25.0
2000-03-15,"0,12",50.0
2000-03-15,"0,04",100.0
2000-03-15,"0,03",150.0
2000-03-15,"0,03",200.0
2000-03-15,"0,03",250.0
2000-03-22,"1,67",0.0
2000-03-22,"3,38",5.0
2000-03-22,"3,36",10.0
2000-03-22,"5,26",25.0
2000-03-22,"0,16",50.0
2000-03-22,"0,04",100.0
2000-03-22,"0,00",150.0
2000-03-22,"0,02",200.0
2000-03-22,"0,02",250.0
2000-03-29,"4,66",0.0
2000-03-29,"2,79",5.0
2000-03-29,"2,78",10.0
2000-03-29,"2,16",25.0
2000-03-29,"0,14",50.0
2000-03-29,"0,05",100.0
2000-03-29,"0,05",150.0
2000-03-29,"0,05",200.0
2000-03-29,"0,03",250.0
2000-04-05,"6,35",0.0
2000-04-05,"4,81",5.0
2000-04-05,"4,69",10.0
2000-04-05,"4,90",25.0
2000-04-05,"0,21",50.0
2000-04-05,"0,07",100.0
2000-04-05,"0,05",150.0
2000-04-05,"0,02",200.0
2000-04-05,"0,03",250.0
2000-04-12,"6,65",0.0
2000-04-12,"4,57",5.0
2000-04-12,"5,08",10.0
2000-04-12,"5,07",25.0
2000-04-12,"0,26",50.0
2000-04-12,"0,12",100.0
2000-04-12,"0,07",150.0
2000-04-12,"0,10",200.0
2000-04-12,"0,06",250.0
2000-05-13,"3,02",0.0
2000-05-13,"3,80",5.0
2000-05-13,"3,76",10.0
2000-05-13,"3,66",25.0
2000-05-13,"3,84",50.0
2000-05-13,"3,06",100.0
2000-05-13,"0,83",150.0
2000-05-13,"0,11",200.0
2000-05-13,"0,07",250.0
2000-05-25,"0,68",0.0
2000-05-25,"0,90",5.0
2000-05-25,"0,80",10.0
2000-05-25,"0,74",25.0
2000-05-25,"0,79",50.0
2000-05-25,"0,41",100.0
2000-05-25,"0,09",150.0
2000-05-25,"0,06",200.0
2000-05-25,"0,06",250.0
2000-06-01,"0,65",0.0
2000-06-01,"0,71",5.0
2000-06-01,"0,91",10.0
2000-06-01,"0,72",25.0
2000-06-01,"0,79",50.0
2000-06-01,"0,60",100.0
2000-06-01,"0,48",150.0
2000-06-01,"0,45",200.0
2000-06-01,"0,09",250.0
2000-06-08,"0,39",0.0
2000-06-08,"0,37",5.0
2000-06-08,"0,31",10.0
2000-06-08,"0,33",25.0
2000-06-08,"0,46",50.0
2000-06-08,"0,40",100.0
2000-06-08,"0,44",150.0
2000-06-08,"0,47",200.0
2000-06-08,"0,16",250.0
2000-06-15,"0,26",0.0
2000-06-15,"0,35",5.0
2000-06-15,"0,42",10.0
2000-06-15,"0,40",25.0
2000-06-15,"0,52",50.0
2000-06-15,"0,44",100.0
2000-06-15,"0,42",150.0
2000-06-15,"0,48",200.0
2000-06-15,"0,27",250.0
2000-06-23,"0,34",0.0
2000-06-23,"0,34",5.0
2000-06-23,"0,47",10.0
2000-06-23,"0,46",25.0
2000-06-23,"0,45",50.0
2000-06-23,"0,47",100.0
2000-06-23,"0,30",150.0
2000-06-23,"0,32",200.0
2000-06-23,"0,22",250.0
2000-06-29,"0,31",0.0
2000-06-29,"0,29",5.0
2000-06-29,"0,37",10.0
2000-06-29,"0,41",25.0
2000-06-29,"0,56",50.0
2000-06-29,"0,49",100.0
2000-06-29,"0,35",150.0
2000-06-29,"0,33",200.0
2000-06-29,"0,24",250.0
2000-07-05,"0,91",0.0
2000-07-05,"0,95",5.0
2000-07-05,"1,25",10.0
2000-07-05,"1,06",25.0
2000-07-05,"1,10",50.0
2000-07-05,"0,53",100.0
2000-07-05,"0,18",150.0
2000-07-05,"0,16",200.0
2000-07-05,"0,17",250.0
2000-07-11,"0,78",0.0
2000-07-11,"0,81",5.0
2000-07-11,"1,34",10.0
2000-07-11,"1,24",25.0
2000-07-11,"0,84",50.0
2000-07-11,"0,36",100.0
2000-07-11,"0,22",150.0
2000-07-11,"0,14",200.0
2000-07-11,"0,16",250.0
2000-07-21,"2,81",0.0
2000-07-21,"2,27",5.0
2000-07-21,"1,84",10.0
2000-07-21,"1,00",25.0
2000-07-21,"0,68",50.0
2000-07-21,"0,22",100.0
2000-07-21,"0,14",150.0
2000-07-21,"0,13",200.0
2000-07-21,"0,12",250.0
2000-07-27,"1,16",0.0
2000-07-27,"1,28",5.0
2000-07-27,"1,15",10.0
2000-07-27,"1,05",25.0
2000-07-27,"0,65",50.0
2000-07-27,"0,17",100.0
2000-07-27,"0,17",150.0
2000-07-27,"0,17",200.0
2000-07-27,"0,11",250.0
2000-08-08,"1,97",0.0
2000-08-08,"2,51",5.0
2000-08-08,"3,00",10.0
2000-08-08,"4,12",25.0
2000-08-08,"1,96",50.0
2000-08-08,"0,46",100.0
2000-08-08,"0,15",150.0
2000-08-08,"0,18",200.0
2000-08-08,"0,09",250.0
2000-08-17,"0,22",0.0
2000-08-17,"0,21",5.0
2000-08-17,"0,16",10.0
2000-08-17,"0,18",25.0
2000-08-17,"0,20",50.0
2000-08-17,"0,11",100.0
2000-08-17,"0,07",150.0
2000-08-17,"0,03",200.0
2000-08-17,"0,03",250.0
2000-08-23,"2,36",0.0
2000-08-23,"2,37",5.0
2000-08-23,"2,49",10.0
2000-08-23,"2,76",25.0
2000-08-23,"0,46",50.0
2000-08-23,"0,18",100.0
2000-08-23,"0,07",150.0
2000-08-23,"0,08",200.0
2000-08-23,"0,04",250.0
2000-08-31,"2,64",0.0
2000-08-31,"2,34",5.0
2000-08-31,"1,42",10.0
2000-08-31,"1,08",25.0
2000-08-31,"0,30",50.0
2000-08-31,"0,12",100.0
2000-08-31,"0,09",150.0
2000-08-31,"0,11",200.0
2000-08-31,"0,05",250.0
2000-09-21,"1,83",0.0
2000-09-21,"2,00",5.0
2000-09-21,"1,81",10.0
2000-09-21,"1,79",25.0
2000-09-21,"1,22",50.0
2000-09-21,"0,13",100.0
2000-09-21,"0,18",150.0
2000-09-21,"0,15",200.0
2000-09-21,"0,09",250.0
2000-09-28,"1,28",0.0
2000-09-28,"1,30",5.0
2000-09-28,"1,30",10.0
2000-09-28,"1,19",25.0
2000-09-28,"1,17",50.0
2000-09-28,"0,17",100.0
2000-09-28,"0,06",150.0
2000-09-28,"0,06",200.0
2000-09-28,"0,03",250.0
2000-10-07,"0,65",0.0
2000-10-07,"0,72",5.0
2000-10-07,"0,79",10.0
2000-10-07,"0,73",25.0
2000-10-07,"0,79",50.0
2000-10-07,"0,20",100.0
2000-10-07,"0,10",150.0
2000-10-07,"0,06",200.0
2000-10-07,"0,04",250.0
2000-10-18,"0,53",0.0
2000-10-18,"0,50",5.0
2000-10-18,"0,25",10.0
2000-10-18,"0,52",25.0
2000-10-18,"0,82",50.0
2000-10-18,"0,37",100.0
2000-10-18,"0,14",150.0
2000-10-18,"0,08",200.0
2000-10-18,"0,09",250.0
2000-11-02,"0,57",0.0
2000-11-02,"0,46",5.0
2000-11-02,"0,78",10.0
2000-11-02,"0,56",25.0
2000-11-02,"0,67",50.0
2000-11-02,"0,64",100.0
2000-11-02,"0,21",150.0
2000-11-02,"0,13",200.0
2000-11-02,"0,06",250.0
2000-11-10,"0,47",0.0
2000-11-10,"0,33",5.0
2000-11-10,"0,39",10.0
2000-11-10,"0,34",25.0
2000-11-10,"0,34",50.0
2000-11-10,"0,37",100.0
2000-11-10,"0,12",150.0
2000-11-10,"0,07",200.0
2000-11-10,"0,04",250.0
2000-11-16,"0,35",0.0
2000-11-16,"0,37",5.0
2000-11-16,"0,39",10.0
2000-11-16,"0,41",25.0
2000-11-16,"0,45",50.0
2000-11-16,"0,28",100.0
2000-11-16,"0,24",150.0
2000-11-16,"0,17",200.0
2000-11-16,"0,04",250.0
2000-11-30,"0,11",0.0
2000-11-30,"0,15",5.0
2000-11-30,"0,12",10.0
2000-11-30,"0,13",25.0
2000-11-30,"0,13",50.0
2000-11-30,"0,16",100.0
2000-11-30,"0,11",150.0
2000-11-30,"0,12",200.0
2000-11-30,"0,08",250.0
2000-12-11,"0,14",0.0
2000-12-11,"0,14",5.0
2000-12-11,"0,14",10.0
2000-12-11,"0,13",25.0
2000-12-11,"0,11",50.0
2000-12-11,"0,10",100.0
2000-12-11,"0,11",150.0
2000-12-11,"0,10",200.0
2000-12-11,"0,11",250.0
2000-12-21,"0,28",0.0
2000-12-21,"0,33",5.0
2000-12-21,"0,31",10.0
2000-12-21,"0,29",25.0
2000-12-21,"0,17",50.0
2000-12-21,"0,17",100.0
2000-12-21,"0,10",150.0
2000-12-21,"0,12",200.0
2000-12-21,"0,10",250.0
2001-01-17,"0,29",0.0
2001-01-17,"0,52",5.0
2001-01-17,"0,48",10.0
2001-01-17,"0,26",25.0
2001-01-17,"0,13",50.0
2001-01-17,"0,07",100.0
2001-01-17,"0,05",150.0
2001-01-17,"0,05",200.0
2001-01-17,"0,05",250.0
2001-01-25,"0,42",0.0
2001-01-25,"0,41",5.0
2001-01-25,"0,40",10.0
2001-01-25,"0,29",25.0
2001-01-25,"0,26",50.0
2001-01-25,"0,18",100.0
2001-01-25,"0,21",150.0
2001-01-25,"0,15",200.0
2001-01-25,"0,00",250.0
2001-02-01,"0,39",0.0
2001-02-01,"0,57",5.0
2001-02-01,"0,53",10.0
2001-02-01,"0,56",25.0
2001-02-01,"0,13",50.0
2001-02-01,"0,08",100.0
2001-02-01,"0,05",150.0
2001-02-01,"0,06",200.0
2001-02-01,"0,04",250.0
2001-02-08,"0,62",0.0
2001-02-08,"0,70",5.0
2001-02-08,"0,70",10.0
2001-02-08,"0,54",25.0
2001-02-08,"0,12",50.0
2001-02-08,"0,05",100.0
2001-02-08,"0,05",150.0
2001-02-08,"0,04",200.0
2001-02-08,"0,03",250.0
2001-02-15,"1,00",0.0
2001-02-15,"0,78",5.0
2001-02-15,"0,80",10.0
2001-02-15,"0,70",25.0
2001-02-15,"0,10",50.0
2001-02-15,"0,07",100.0
2001-02-15,"0,04",150.0
2001-02-15,"0,06",200.0
2001-02-15,"0,05",250.0
2001-02-22,"0,72",0.0
2001-02-22,"0,78",5.0
2001-02-22,"0,80",10.0
2001-02-22,"0,24",25.0
2001-02-22,"0,09",50.0
2001-02-22,"0,07",100.0
2001-02-22,"0,05",150.0
2001-02-22,"0,06",200.0
2001-02-22,"0,03",250.0
2001-03-01,"0,76",0.0
2001-03-01,"0,73",5.0
2001-03-01,"0,74",10.0
2001-03-01,"0,66",25.0
2001-03-01,"0,13",50.0
2001-03-01,"0,06",100.0
2001-03-01,"0,04",150.0
2001-03-01,"0,02",200.0
2001-03-01,"0,05",250.0
2001-03-11,"1,05",0.0
2001-03-11,"1,06",5.0
2001-03-11,"1,20",10.0
2001-03-11,"0,89",25.0
2001-03-11,"0,13",50.0
2001-03-11,"0,05",100.0
2001-03-11,"0,04",150.0
2001-03-11,"0,40",200.0
2001-03-11,"0,02",250.0
2001-03-15,"0,82",0.0
2001-03-15,"0,83",5.0
2001-03-15,"0,91",10.0
2001-03-15,"0,87",25.0
2001-03-15,"0,18",50.0
2001-03-15,"0,06",100.0
2001-03-15,"0,04",150.0
2001-03-15,"0,17",200.0
2001-03-15,"0,05",250.0
2001-03-22,"0,98",0.0
2001-03-22,"1,23",5.0
2001-03-22,"1,16",10.0
2001-03-22,"0,96",25.0
2001-03-22,"0,12",50.0
2001-03-22,"0,07",100.0
2001-03-22,"0,04",150.0
2001-03-22,"0,05",200.0
2001-03-22,"0,04",250.0
2001-03-29,"1,27",0.0
2001-03-29,"1,28",5.0
2001-03-29,"1,27",10.0
2001-03-29,"1,24",25.0
2001-03-29,"0,25",50.0
2001-03-29,"0,06",100.0
2001-03-29,"0,06",150.0
2001-03-29,"0,04",200.0
2001-03-29,"0,05",250.0
2001-04-05,"1,90",0.0
2001-04-05,"1,14",5.0
2001-04-05,"1,23",10.0
2001-04-05,"1,16",25.0
2001-04-05,"0,30",50.0
2001-04-05,"0,07",100.0
2001-04-05,"0,08",150.0
2001-04-05,"0,07",200.0
2001-04-05,"0,04",250.0
2001-05-30,"0,42",0.0
2001-05-30,"0,54",5.0
2001-05-30,"0,52",10.0
2001-05-30,"0,59",25.0
2001-05-30,"0,65",50.0
2001-05-30,"0,55",100.0
2001-05-30,"0,20",150.0
2001-05-30,"0,05",200.0
2001-05-30,"0,10",250.0
2001-06-09,"0,59",0.0
2001-06-09,"0,66",5.0
2001-06-09,"0,67",10.0
2001-06-09,"0,67",25.0
2001-06-09,"0,80",50.0
2001-06-09,"0,73",100.0
2001-06-09,"0,47",150.0
2001-06-09,"0,46",200.0
2001-06-09,"0,47",250.0
2001-06-20,"0,17",0.0
2001-06-20,"0,26",5.0
2001-06-20,"0,24",10.0
2001-06-20,"0,32",25.0
2001-06-20,"0,31",50.0
2001-06-20,"0,30",100.0
2001-06-20,"0,29",150.0
2001-06-20,"0,25",200.0
2001-06-20,"0,33",250.0
2001-06-28,"0,37",0.0
2001-06-28,"0,49",5.0
2001-06-28,"0,43",10.0
2001-06-28,"0,47",25.0
2001-06-28,"0,38",50.0
2001-06-28,"0,45",100.0
2001-06-28,"0,35",150.0
2001-06-28,"0,33",200.0
2001-06-28,"0,34",250.0
2001-07-05,"0,13",0.0
2001-07-05,"0,25",5.0
2001-07-05,"0,22",10.0
2001-07-05,"0,24",25.0
2001-07-05,"0,23",50.0
2001-07-05,"0,20",100.0
2001-07-05,"0,16",150.0
2001-07-05,"0,12",200.0
2001-07-05,"0,14",250.0
2001-07-16,"2,11",0.0
2001-07-16,"1,51",5.0
2001-07-16,"1,47",10.0
2001-07-16,"1,52",25.0
2001-07-16,"1,56",50.0
2001-07-16,"0,21",100.0
2001-07-16,"0,16",150.0
2001-07-16,"0,15",200.0
2001-07-16,"0,13",250.0
2001-07-24,"0,74",0.0
2001-07-24,"1,41",5.0
2001-07-24,"0,78",10.0
2001-07-24,"0,75",25.0
2001-07-24,"0,36",50.0
2001-07-24,"0,10",100.0
2001-07-24,"0,07",150.0
2001-07-24,"0,42",200.0
2001-07-24,"0,13",250.0
2001-08-06,"0,74",0.0
2001-08-06,"0,85",5.0
2001-08-06,"0,39",10.0
2001-08-06,"0,52",25.0
2001-08-06,"0,40",50.0
2001-08-06,"0,13",100.0
2001-08-06,"0,08",150.0
2001-08-06,"0,14",200.0
2001-08-06,"0,26",250.0
2001-08-25,"1,21",0.0
2001-08-25,"1,40",5.0
2001-08-25,"1,39",10.0
2001-08-25,"1,07",25.0
2001-08-25,"1,00",50.0
2001-08-25,"0,23",100.0
2001-08-25,"0,25",150.0
2001-08-25,"0,48",200.0
2001-08-25,"0,08",250.0
2001-09-11,"1,87",0.0
2001-09-11,"1,25",5.0
2001-09-11,"2,15",10.0
2001-09-11,"1,12",25.0
2001-09-11,"0,76",50.0
2001-09-11,,100.0
2001-09-11,,150.0
2001-09-11,,200.0
2001-09-11,"0,30",250.0
2001-09-28,"1,69",0.0
2001-09-28,"1,51",5.0
2001-09-28,"1,96",10.0
2001-09-28,"1,61",25.0
2001-09-28,"0,47",50.0
2001-09-28,"0,11",100.0
2001-09-28,"0,10",150.0
2001-09-28,"0,07",200.0
2001-09-28,"0,10",250.0
2001-10-25,"1,54",0.0
2001-10-25,"1,38",5.0
2001-10-25,"1,25",10.0
2001-10-25,"1,21",25.0
2001-10-25,"0,99",50.0
2001-10-25,"1,36",100.0
2001-10-25,"0,42",150.0
2001-10-25,"0,21",200.0
2001-10-25,"0,07",250.0
2001-11-05,"0,54",0.0
2001-11-05,"0,53",5.0
2001-11-05,"0,21",10.0
2001-11-05,"0,60",25.0
2001-11-05,"0,40",50.0
2001-11-05,"0,25",100.0
2001-11-05,"0,30",150.0
2001-11-05,"0,03",200.0
2001-11-05,"0,00",250.0
2001-11-14,"0,54",0.0
2001-11-14,"0,38",5.0
2001-11-14,"0,25",10.0
2001-11-14,"0,35",25.0
2001-11-14,"0,46",50.0
2001-11-14,"0,56",100.0
2001-11-14,"0,23",150.0
2001-11-14,"0,59",200.0
2001-11-14,"0,02",250.0
2001-11-25,"0,40",0.0
2001-11-25,"0,26",5.0
2001-11-25,"0,45",10.0
2001-11-25,"0,36",25.0
2001-11-25,"0,17",50.0
2001-11-25,"0,11",100.0
2001-11-25,"0,05",150.0
2001-11-25,"0,06",200.0
2001-11-25,"0,19",250.0
2001-12-05,"0,05",0.0
2001-12-05,"0,05",5.0
2001-12-05,"0,04",10.0
2001-12-05,"0,05",25.0
2001-12-05,"0,04",50.0
2001-12-05,"0,04",100.0
2001-12-05,"0,04",150.0
2001-12-05,"0,02",200.0
2001-12-05,"0,02",250.0
2001-12-20,"0,18",0.0
2001-12-20,"0,15",5.0
2001-12-20,"0,11",10.0
2001-12-20,"0,15",25.0
2001-12-20,"0,06",50.0
2001-12-20,"0,07",100.0
2001-12-20,"0,05",150.0
2001-12-20,"0,07",200.0
2001-12-20,"0,05",250.0
2001-12-27,"0,30",0.0
2001-12-27,"0,32",5.0
2001-12-27,"0,32",10.0
2001-12-27,"0,24",25.0
2001-12-27,"0,23",50.0
2001-12-27,"0,12",100.0
2001-12-27,"0,09",150.0
2001-12-27,"0,05",200.0
2001-12-27,"0,05",250.0
2002-01-04,"0,14",0.0
2002-01-04,"0,12",5.0
2002-01-04,"0,14",10.0
2002-01-04,"0,12",25.0
2002-01-04,"0,12",50.0
2002-01-04,"0,07",100.0
2002-01-04,"0,04",150.0
2002-01-04,"0,04",200.0
2002-01-04,"0,04",250.0
2002-02-21,"1,64",0.0
2002-02-21,"1,47",5.0
2002-02-21,"1,41",10.0
2002-02-21,"0,72",25.0
2002-02-21,"0,21",50.0
2002-02-21,"0,07",100.0
2002-02-21,"0,03",150.0
2002-02-21,"0,03",200.0
2002-02-21,"0,02",250.0
2002-02-28,"0,59",0.0
2002-02-28,"0,80",5.0
2002-02-28,"0,83",10.0
2002-02-28,"0,81",25.0
2002-02-28,"0,16",50.0
2002-02-28,"0,07",100.0
2002-02-28,"0,06",150.0
2002-02-28,"0,04",200.0
2002-02-28,"0,04",250.0
2002-03-06,"0,42",0.0
2002-03-06,"0,85",5.0
2002-03-06,"0,91",10.0
2002-03-06,"0,77",25.0
2002-03-06,"0,22",50.0
2002-03-06,"0,02",100.0
2002-03-06,"0,02",150.0
2002-03-06,"0,02",200.0
2002-03-06,"0,02",250.0
2002-03-14,"0,65",0.0
2002-03-14,"1,29",5.0
2002-03-14,"1,50",10.0
2002-03-14,"1,41",25.0
2002-03-14,"0,18",50.0
2002-03-14,"0,07",100.0
2002-03-14,"0,02",150.0
2002-03-14,"0,02",200.0
2002-03-14,"0,03",250.0
2002-05-16,"2,21",0.0
2002-05-16,"1,93",5.0
2002-05-16,"2,29",10.0
2002-05-16,"2,50",25.0
2002-05-16,"2,51",50.0
2002-05-16,"1,79",100.0
2002-05-16,"1,03",150.0
2002-05-16,"0,96",200.0
2002-05-16,"0,06",250.0
2002-05-24,"1,25",0.0
2002-05-24,"1,40",5.0
2002-05-24,"1,64",10.0
2002-05-24,"1,50",25.0
2002-05-24,"1,54",50.0
2002-05-24,"1,95",100.0
2002-05-24,"1,20",150.0
2002-05-24,"0,11",200.0
2002-05-24,"0,11",250.0
2002-05-29,"1,24",0.0
2002-05-29,"2,65",5.0
2002-05-29,"2,85",10.0
2002-05-29,"2,49",25.0
2002-05-29,"2,32",50.0
2002-05-29,"2,88",100.0
2002-05-29,"2,80",150.0
2002-05-29,"1,60",200.0
2002-05-29,"1,44",250.0
2002-06-13,"1,06",0.0
2002-06-13,"1,28",5.0
2002-06-13,"1,28",10.0
2002-06-13,"1,15",25.0
2002-06-13,"1,05",50.0
2002-06-13,"0,75",100.0
2002-06-13,"0,99",150.0
2002-06-13,"0,73",200.0
2002-06-13,"0,11",250.0
2002-06-18,"0,17",0.0
2002-06-18,"0,28",5.0
2002-06-18,"0,35",10.0
2002-06-18,"0,34",25.0
2002-06-18,"0,29",50.0
2002-06-18,"0,25",100.0
2002-06-18,"0,23",150.0
2002-06-18,"0,23",200.0
2002-06-18,"0,23",250.0
2002-06-25,"0,31",0.0
2002-06-25,"0,54",5.0
2002-06-25,"0,13",10.0
2002-06-25,"0,52",25.0
2002-06-25,"0,65",50.0
2002-06-25,"0,38",100.0
2002-06-25,"0,04",150.0
2002-06-25,"0,35",200.0
2002-06-25,"0,35",250.0
2002-07-03,"0,19",0.0
2002-07-03,"0,34",5.0
2002-07-03,"0,30",10.0
2002-07-03,"0,22",25.0
2002-07-03,"0,40",50.0
2002-07-03,"0,11",100.0
2002-07-03,"0,14",150.0
2002-07-03,"0,12",200.0
2002-07-03,"0,03",250.0
2002-07-09,"0,75",0.0
2002-07-09,"0,74",5.0
2002-07-09,"0,74",10.0
2002-07-09,"0,74",25.0
2002-07-09,"0,27",50.0
2002-07-09,"0,11",100.0
2002-07-09,"0,09",150.0
2002-07-09,"0,06",200.0
2002-07-09,"0,06",250.0
2002-07-16,"0,87",0.0
2002-07-16,"0,70",5.0
2002-07-16,"0,70",10.0
2002-07-16,"0,46",25.0
2002-07-16,"0,28",50.0
2002-07-16,"0,21",100.0
2002-07-16,"0,19",150.0
2002-07-16,"0,09",200.0
2002-07-16,"0,06",250.0
2002-07-23,"1,86",0.0
2002-07-23,"2,08",5.0
2002-07-23,"2,10",10.0
2002-07-23,"1,59",25.0
2002-07-23,"0,77",50.0
2002-07-23,"0,32",100.0
2002-07-23,"0,20",150.0
2002-07-23,"0,14",200.0
2002-07-23,"0,16",250.0
2002-08-01,"0,82",0.0
2002-08-01,"1,07",5.0
2002-08-01,"2,13",10.0
2002-08-01,"0,53",25.0
2002-08-01,"0,15",50.0
2002-08-01,"0,13",100.0
2002-08-01,"0,08",150.0
2002-08-01,"0,08",200.0
2002-08-01,"0,08",250.0
2002-08-08,"0,89",0.0
2002-08-08,"0,94",5.0
2002-08-08,"1,29",10.0
2002-08-08,"1,01",25.0
2002-08-08,"1,40",50.0
2002-08-08,"0,09",100.0
2002-08-08,"0,06",150.0
2002-08-08,"0,05",200.0
2002-08-08,"0,06",250.0
2002-08-13,"1,12",0.0
2002-08-13,"1,30",5.0
2002-08-13,"1,29",10.0
2002-08-13,"1,40",25.0
2002-08-13,"0,21",50.0
2002-08-13,"0,03",100.0
2002-08-13,"0,04",150.0
2002-08-13,"0,04",200.0
2002-08-13,"0,03",250.0
2002-08-22,"1,10",0.0
2002-08-22,"0,98",5.0
2002-08-22,"1,08",10.0
2002-08-22,"1,20",25.0
2002-08-22,"0,19",50.0
2002-08-22,"0,05",100.0
2002-08-22,"0,04",150.0
2002-08-22,"0,04",200.0
2002-08-22,"0,05",250.0
2002-08-30,"1,34",0.0
2002-08-30,"1,36",5.0
2002-08-30,"1,03",10.0
2002-08-30,"0,93",25.0
2002-08-30,"0,21",50.0
2002-08-30,"0,08",100.0
2002-08-30,"0,05",150.0
2002-08-30,"0,04",200.0
2002-08-30,"0,03",250.0
2002-09-19,"1,01",0.0
2002-09-19,"0,85",5.0
2002-09-19,"1,15",10.0
2002-09-19,"1,09",25.0
2002-09-19,"0,03",50.0
2002-09-19,"0,02",100.0
2002-09-19,"0,04",150.0
2002-09-19,"0,02",200.0
2002-09-19,"0,05",250.0
2002-09-28,"1,04",0.0
2002-09-28,"1,08",5.0
2002-09-28,"0,92",10.0
2002-09-28,"1,06",25.0
2002-09-28,"0,15",50.0
2002-09-28,"0,12",100.0
2002-09-28,"0,06",150.0
2002-09-28,"0,04",200.0
2002-09-28,"0,03",250.0
2002-10-15,"0,42",0.0
2002-10-15,"0,80",5.0
2002-10-15,"0,87",10.0
2002-10-15,"0,59",25.0
2002-10-15,"0,79",50.0
2002-10-15,"0,45",100.0
2002-10-15,"0,06",150.0
2002-10-15,"0,03",200.0
2002-10-15,"0,02",250.0
2002-10-22,"0,75",0.0
2002-10-22,"0,75",5.0
2002-10-22,"0,75",10.0
2002-10-22,"0,73",25.0
2002-10-22,"0,71",50.0
2002-10-22,"0,17",100.0
2002-10-22,"0,05",150.0
2002-10-22,"0,04",200.0
2002-10-22,"0,05",250.0
2002-10-31,"0,42",0.0
2002-10-31,"0,35",5.0
2002-10-31,"0,34",10.0
2002-10-31,"0,34",25.0
2002-10-31,"0,43",50.0
2002-10-31,"0,28",100.0
2002-10-31,"0,08",150.0
2002-10-31,"0,06",200.0
2002-10-31,"0,04",250.0
2002-11-10,"0,38",0.0
2002-11-10,"0,40",5.0
2002-11-10,"0,22",10.0
2002-11-10,"0,46",25.0
2002-11-10,"0,43",50.0
2002-11-10,"0,40",100.0
2002-11-10,"0,19",150.0
2002-11-10,"0,06",200.0
2002-11-10,"0,05",250.0
2002-11-14,"0,28",0.0
2002-11-14,"0,27",5.0
2002-11-14,"0,25",10.0
2002-11-14,"0,29",25.0
2002-11-14,"0,32",50.0
2002-11-14,"0,36",100.0
2002-11-14,"0,08",150.0
2002-11-14,"0,04",200.0
2002-11-14,"0,02",250.0
2002-11-21,"0,28",0.0
2002-11-21,"0,22",5.0
2002-11-21,"0,23",10.0
2002-11-21,"0,27",25.0
2002-11-21,"0,29",50.0
2002-11-21,"0,26",100.0
2002-11-21,"0,18",150.0
2002-11-21,"0,26",200.0
2002-11-21,"0,20",250.0
2003-02-04,"0,79",0.0
2003-02-04,"0,88",5.0
2003-02-04,"0,69",10.0
2003-02-04,"0,63",25.0
2003-02-04,"0,10",50.0
2003-02-04,"0,02",100.0
2003-02-04,"0,02",150.0
2003-02-04,"0,00",200.0
2003-02-04,"0,00",250.0
2003-02-11,"1,46",0.0
2003-02-11,"2,05",5.0
2003-02-11,"2,01",10.0
2003-02-11,"0,48",25.0
2003-02-11,"0,08",50.0
2003-02-11,"0,04",100.0
2003-02-11,"0,05",150.0
2003-02-11,"0,05",200.0
2003-02-11,"0,07",250.0
2003-02-18,"0,72",0.0
2003-02-18,"1,24",5.0
2003-02-18,"1,14",10.0
2003-02-18,"0,65",25.0
2003-02-18,"0,10",50.0
2003-02-18,"0,03",100.0
2003-02-18,"0,05",150.0
2003-02-18,"0,03",200.0
2003-02-18,"0,02",250.0
2003-02-25,"0,55",0.0
2003-02-25,"0,80",5.0
2003-02-25,"0,84",10.0
2003-02-25,"0,38",25.0
2003-02-25,"0,01",50.0
2003-02-25,"0,04",100.0
2003-02-25,"0,05",150.0
2003-02-25,"0,06",200.0
2003-02-25,"0,02",250.0
2003-03-04,"1,27",0.0
2003-03-04,"1,03",5.0
2003-03-04,"0,79",10.0
2003-03-04,"0,67",25.0
2003-03-04,"0,09",50.0
2003-03-04,"0,05",100.0
2003-03-04,"0,05",150.0
2003-03-04,"0,03",200.0
2003-03-04,"0,00",250.0
2003-03-11,"0,96",0.0
2003-03-11,"0,74",5.0
2003-03-11,"0,80",10.0
2003-03-11,"1,08",25.0
2003-03-11,"0,08",50.0
2003-03-11,"0,05",100.0
2003-03-11,"0,04",150.0
2003-03-11,"0,03",200.0
2003-03-11,"0,02",250.0
2003-03-15,"0,99",0.0
2003-03-15,"1,08",5.0
2003-03-15,"1,19",10.0
2003-03-15,"0,99",25.0
2003-03-15,"0,14",50.0
2003-03-15,"0,04",100.0
2003-03-15,"0,04",150.0
2003-03-15,"0,04",200.0
2003-03-15,"0,02",250.0
2003-03-25,"3,83",0.0
2003-03-25,"1,60",5.0
2003-03-25,"1,30",10.0
2003-03-25,"2,60",25.0
2003-03-25,"0,24",50.0
2003-03-25,"0,02",100.0
2003-03-25,"0,05",150.0
2003-03-25,"0,03",200.0
2003-03-25,"0,09",250.0
2003-04-01,"39,68",0.0
2003-04-01,"2,04",5.0
2003-04-01,"1,70",10.0
2003-04-01,"2,49",25.0
2003-04-01,"0,26",50.0
2003-04-01,"0,03",100.0
2003-04-01,"0,04",150.0
2003-04-01,"0,02",200.0
2003-04-01,"0,32",250.0
2003-04-13,"5,53",0.0
2003-04-13,"1,83",5.0
2003-04-13,"2,02",10.0
2003-04-13,"1,42",25.0
2003-04-13,"0,78",50.0
2003-04-13,,100.0
2003-04-13,,150.0
2003-04-13,,200.0
2003-04-13,,250.0
2003-06-17,"0,30",0.0
2003-06-17,"0,36",5.0
2003-06-17,"0,42",10.0
2003-06-17,"0,32",25.0
2003-06-17,"0,41",50.0
2003-06-17,,100.0
2003-06-17,,150.0
2003-06-17,,200.0
2003-06-17,,250.0
2003-06-25,"0,36",0.0
2003-06-25,"0,53",5.0
2003-06-25,"0,51",10.0
2003-06-25,"0,55",25.0
2003-06-25,"0,17",50.0
2003-06-25,,100.0
2003-06-25,,150.0
2003-06-25,,200.0
2003-06-25,,250.0
2003-07-01,"0,22",0.0
2003-07-01,"0,28",5.0
2003-07-01,"0,31",10.0
2003-07-01,"0,44",25.0
2003-07-01,"0,32",50.0
2003-07-01,,100.0
2003-07-01,,150.0
2003-07-01,,200.0
2003-07-01,,250.0
2003-07-10,"0,76",0.0
2003-07-10,"1,10",5.0
2003-07-10,"1,12",10.0
2003-07-10,"1,50",25.0
2003-07-10,"0,44",50.0
2003-07-10,,100.0
2003-07-10,,150.0
2003-07-10,,200.0
2003-07-10,,250.0
2003-07-18,"2,50",0.0
2003-07-18,"2,44",5.0
2003-07-18,"2,32",10.0
2003-07-18,"1,17",25.0
2003-07-18,"0,45",50.0
2003-07-18,,100.0
2003-07-18,,150.0
2003-07-18,,200.0
2003-07-18,,250.0
2003-07-22,"2,19",0.0
2003-07-22,"2,58",5.0
2003-07-22,"2,67",10.0
2003-07-22,"1,38",25.0
2003-07-22,"0,30",50.0
2003-07-22,,100.0
2003-07-22,,150.0
2003-07-22,,200.0
2003-07-22,,250.0
2003-07-29,"2,29",0.0
2003-07-29,"2,58",5.0
2003-07-29,"2,38",10.0
2003-07-29,"0,77",25.0
2003-07-29,"0,44",50.0
2003-07-29,,100.0
2003-07-29,,150.0
2003-07-29,,200.0
2003-07-29,,250.0
2003-08-04,"0,42",0.0
2003-08-04,"0,37",5.0
2003-08-04,"0,43",10.0
2003-08-04,"0,24",25.0
2003-08-04,"0,23",50.0
2003-08-04,,100.0
2003-08-04,,150.0
2003-08-04,,200.0
2003-08-04,,250.0
2003-08-11,"0,94",0.0
2003-08-11,"1,36",5.0
2003-08-11,"1,64",10.0
2003-08-11,"1,12",25.0
2003-08-11,"0,54",50.0
2003-08-11,,100.0
2003-08-11,,150.0
2003-08-11,,200.0
2003-08-11,,250.0
2003-08-18,"0,97",0.0
2003-08-18,"0,89",5.0
2003-08-18,"0,74",10.0
2003-08-18,"0,79",25.0
2003-08-18,"0,27",50.0
2003-08-18,,100.0
2003-08-18,,150.0
2003-08-18,,200.0
2003-08-18,,250.0
2003-08-27,"2,58",0.0
2003-08-27,"2,53",5.0
2003-08-27,"2,62",10.0
2003-08-27,"1,34",25.0
2003-08-27,"0,80",50.0
2003-08-27,,100.0
2003-08-27,,150.0
2003-08-27,,200.0
2003-08-27,,250.0
2003-09-02,"1,73",0.0
2003-09-02,"1,61",5.0
2003-09-02,"1,80",10.0
2003-09-02,"1,79",25.0
2003-09-02,"1,26",50.0
2003-09-02,,100.0
2003-09-02,,150.0
2003-09-02,,200.0
2003-09-02,,250.0
2003-09-16,"1,51",0.0
2003-09-16,"1,70",5.0
2003-09-16,"1,78",10.0
2003-09-16,"1,77",25.0
2003-09-16,"1,30",50.0
2003-09-16,"0,27",100.0
2003-09-16,"0,10",150.0
2003-09-16,"0,09",200.0
2003-09-16,"0,10",250.0
2003-10-02,"1,38",0.0
2003-10-02,"1,13",5.0
2003-10-02,"1,21",10.0
2003-10-02,"0,90",25.0
2003-10-02,"0,53",50.0
2003-10-02,"0,25",100.0
2003-10-02,"0,00",150.0
2003-10-02,"0,00",200.0
2003-10-02,"0,00",250.0
2003-10-09,"1,09",0.0
2003-10-09,"1,14",5.0
2003-10-09,"1,37",10.0
2003-10-09,"1,28",25.0
2003-10-09,"0,27",50.0
2003-10-09,"0,01",100.0
2003-10-09,"0,00",150.0
2003-10-09,"0,00",200.0
2003-10-09,"0,00",250.0
2003-10-16,"0,60",0.0
2003-10-16,"0,62",5.0
2003-10-16,"0,51",10.0
2003-10-16,"0,25",25.0
2003-10-16,"0,13",50.0
2003-10-16,"0,08",100.0
2003-10-16,"0,06",150.0
2003-10-16,"0,03",200.0
2003-10-16,"0,05",250.0
2003-10-23,"0,96",0.0
2003-10-23,"0,89",5.0
2003-10-23,"0,86",10.0
2003-10-23,"0,69",25.0
2003-10-23,"0,81",50.0
2003-10-23,"0,72",100.0
2003-10-23,"0,12",150.0
2003-10-23,"0,05",200.0
2003-10-23,"0,01",250.0
2003-10-31,"0,68",0.0
2003-10-31,"0,80",5.0
2003-10-31,"0,69",10.0
2003-10-31,"0,64",25.0
2003-10-31,"0,66",50.0
2003-10-31,"0,80",100.0
2003-10-31,"0,37",150.0
2003-10-31,"0,06",200.0
2003-10-31,"0,05",250.0
2003-11-05,"0,54",0.0
2003-11-05,"0,50",5.0
2003-11-05,"0,52",10.0
2003-11-05,"0,55",25.0
2003-11-05,"0,43",50.0
2003-11-05,"0,51",100.0
2003-11-05,"0,13",150.0
2003-11-05,"0,10",200.0
2003-11-05,"0,11",250.0
2003-11-13,"0,37",0.0
2003-11-13,"0,28",5.0
2003-11-13,"0,32",10.0
2003-11-13,"0,37",25.0
2003-11-13,"0,25",50.0
2003-11-13,"0,29",100.0
2003-11-13,"0,31",150.0
2003-11-13,"0,31",200.0
2003-11-13,"0,31",250.0
2003-11-20,"0,24",0.0
2003-11-20,"0,26",5.0
2003-11-20,"0,23",10.0
2003-11-20,"0,26",25.0
2003-11-20,"0,29",50.0
2003-11-20,"0,31",100.0
2003-11-20,"0,27",150.0
2003-11-20,"0,27",200.0
2003-11-20,"0,15",250.0
2003-11-27,"0,16",0.0
2003-11-27,"0,20",5.0
2003-11-27,"0,20",10.0
2003-11-27,"0,20",25.0
2003-11-27,"0,20",50.0
2003-11-27,"0,20",100.0
2003-11-27,"0,19",150.0
2003-11-27,"0,15",200.0
2003-11-27,"0,16",250.0
2003-12-06,"0,18",0.0
2003-12-06,"0,19",5.0
2003-12-06,"0,19",10.0
2003-12-06,"0,18",25.0
2003-12-06,"0,16",50.0
2003-12-06,"0,10",100.0
2003-12-06,"0,10",150.0
2003-12-06,"0,01",200.0
2003-12-06,"0,10",250.0
2004-02-19,"1,88",0.0
2004-02-19,"1,05",5.0
2004-02-19,"0,99",10.0
2004-02-19,"1,05",25.0
2004-02-19,"0,18",50.0
2004-02-19,"0,07",100.0
2004-02-19,"0,02",150.0
2004-02-19,"0,04",200.0
2004-02-19,"0,06",250.0
2004-02-25,"1,63",0.0
2004-02-25,"1,72",5.0
2004-02-25,"1,32",10.0
2004-02-25,"0,61",25.0
2004-02-25,"0,23",50.0
2004-02-25,"0,08",100.0
2004-02-25,"0,02",150.0
2004-02-25,"0,05",200.0
2004-02-25,"0,07",250.0
2004-03-03,"1,31",0.0
2004-03-03,"1,45",5.0
2004-03-03,"1,38",10.0
2004-03-03,"1,28",25.0
2004-03-03,"0,28",50.0
2004-03-03,"0,05",100.0
2004-03-03,"0,06",150.0
2004-03-03,"0,04",200.0
2004-03-03,"0,04",250.0
2004-03-10,"0,99",0.0
2004-03-10,"0,88",5.0
2004-03-10,"1,13",10.0
2004-03-10,"0,71",25.0
2004-03-10,"0,19",50.0
2004-03-10,"0,07",100.0
2004-03-10,"0,05",150.0
2004-03-10,"0,04",200.0
2004-03-10,"0,06",250.0
2004-03-17,"0,77",0.0
2004-03-17,"1,18",5.0
2004-03-17,"1,17",10.0
2004-03-17,"0,72",25.0
2004-03-17,"0,21",50.0
2004-03-17,"0,04",100.0
2004-03-17,"0,05",150.0
2004-03-17,"0,02",200.0
2004-03-17,"0,02",250.0
2004-05-28,"0,67",0.0
2004-05-28,"0,75",5.0
2004-05-28,"0,73",10.0
2004-05-28,"1,07",25.0
2004-05-28,"0,87",50.0
2004-05-28,"0,91",100.0
2004-05-28,"0,54",150.0
2004-05-28,"0,12",200.0
2004-05-28,"0,07",250.0
2004-06-04,"0,79",0.0
2004-06-04,"0,93",5.0
2004-06-04,"0,96",10.0
2004-06-04,"1,05",25.0
2004-06-04,"1,12",50.0
2004-06-04,"0,91",100.0
2004-06-04,"0,31",150.0
2004-06-04,"0,11",200.0
2004-06-04,"0,13",250.0
2004-06-16,"0,32",0.0
2004-06-16,"0,38",5.0
2004-06-16,"0,33",10.0
2004-06-16,"0,42",25.0
2004-06-16,"0,35",50.0
2004-06-16,"0,36",100.0
2004-06-16,"0,39",150.0
2004-06-16,"0,36",200.0
2004-06-16,"0,30",250.0
2004-06-22,"0,19",0.0
2004-06-22,"0,32",5.0
2004-06-22,"0,34",10.0
2004-06-22,"0,29",25.0
2004-06-22,"0,31",50.0
2004-06-22,"0,34",100.0
2004-06-22,"0,31",150.0
2004-06-22,"0,36",200.0
2004-06-22,"0,24",250.0
2004-07-01,"0,30",0.0
2004-07-01,"0,27",5.0
2004-07-01,"0,31",10.0
2004-07-01,"0,29",25.0
2004-07-01,"0,30",50.0
2004-07-01,"0,27",100.0
2004-07-01,"0,23",150.0
2004-07-01,"0,23",200.0
2004-07-01,"0,19",250.0
2004-07-07,"0,57",0.0
2004-07-07,"0,59",5.0
2004-07-07,"0,55",10.0
2004-07-07,"0,62",25.0
2004-07-07,"0,41",50.0
2004-07-07,"0,35",100.0
2004-07-07,"0,31",150.0
2004-07-07,"0,23",200.0
2004-07-07,"0,22",250.0
2004-07-07,"0,22",250.0
2004-07-14,"0,82",0.0
2004-07-14,"0,90",5.0
2004-07-14,"1,04",10.0
2004-07-14,"1,10",25.0
2004-07-14,"0,83",50.0
2004-07-14,"0,19",100.0
2004-07-14,"0,12",150.0
2004-07-14,"0,13",200.0
2004-07-14,"0,12",250.0
2004-07-21,"2,07",0.0
2004-07-21,"1,89",5.0
2004-07-21,"2,18",10.0
2004-07-21,"0,92",25.0
2004-07-21,"0,31",50.0
2004-07-21,"0,13",100.0
2004-07-21,"0,12",150.0
2004-07-21,"0,12",200.0
2004-07-21,"0,19",250.0
2004-07-27,"1,96",0.0
2004-07-27,"1,99",5.0
2004-07-27,"2,11",10.0
2004-07-27,"1,46",25.0
2004-07-27,"0,26",50.0
2004-07-27,"0,09",100.0
2004-07-27,"0,08",150.0
2004-07-27,"0,11",200.0
2004-07-27,"0,08",250.0
2004-08-03,"2,03",0.0
2004-08-03,"2,12",5.0
2004-08-03,"2,44",10.0
2004-08-03,"2,02",25.0
2004-08-03,"0,39",50.0
2004-08-03,"0,10",100.0
2004-08-03,"0,07",150.0
2004-08-03,"0,08",200.0
2004-08-03,"0,08",250.0
2004-08-16,"1,23",0.0
2004-08-16,"1,44",5.0
2004-08-16,"1,76",10.0
2004-08-16,"1,87",25.0
2004-08-16,"0,30",50.0
2004-08-16,"0,11",100.0
2004-08-16,"0,11",150.0
2004-08-16,"0,07",200.0
2004-08-16,"0,12",250.0
2004-08-23,"1,10",0.0
2004-08-23,"1,18",5.0
2004-08-23,"1,21",10.0
2004-08-23,"1,38",25.0
2004-08-23,"0,43",50.0
2004-08-23,"0,11",100.0
2004-08-23,"0,09",150.0
2004-08-23,"0,08",200.0
2004-08-23,"0,06",250.0
2004-09-02,"0,06",0.0
2004-09-02,"0,08",5.0
2004-09-02,"0,06",10.0
2004-09-02,"0,05",25.0
2004-09-02,"0,05",50.0
2004-09-02,"0,04",100.0
2004-09-02,"0,06",150.0
2004-09-02,"0,05",200.0
2004-09-02,"0,08",250.0
2004-09-20,"1,12",0.0
2004-09-20,"0,88",5.0
2004-09-20,"0,88",10.0
2004-09-20,"0,40",25.0
2004-09-20,"0,16",50.0
2004-09-20,"0,06",100.0
2004-09-20,"0,04",150.0
2004-09-20,"0,03",200.0
2004-09-20,"0,05",250.0
2004-09-29,"1,77",0.0
2004-09-29,"1,70",5.0
2004-09-29,"1,86",10.0
2004-09-29,"1,65",25.0
2004-09-29,"1,36",50.0
2004-09-29,"0,10",100.0
2004-09-29,"0,10",150.0
2004-09-29,"0,08",200.0
2004-09-29,"0,06",250.0
2004-10-07,"1,26",0.0
2004-10-07,"1,67",5.0
2004-10-07,"1,80",10.0
2004-10-07,"2,03",25.0
2004-10-07,"1,08",50.0
2004-10-07,"0,58",100.0
2004-10-07,"0,20",150.0
2004-10-07,"0,29",200.0
2004-10-07,"0,06",250.0
2004-10-15,"1,03",0.0
2004-10-15,"1,33",5.0
2004-10-15,"1,47",10.0
2004-10-15,"0,46",25.0
2004-10-15,"0,19",50.0
2004-10-15,"0,08",100.0
2004-10-15,"0,04",150.0
2004-10-15,"0,02",200.0
2004-10-15,"0,00",250.0
2004-10-22,"1,62",0.0
2004-10-22,"1,23",5.0
2004-10-22,"1,59",10.0
2004-10-22,"1,56",25.0
2004-10-22,"1,36",50.0
2004-10-22,"0,11",100.0
2004-10-22,"0,15",150.0
2004-10-22,"0,05",200.0
2004-10-22,"0,04",250.0
2004-10-28,"1,36",0.0
2004-10-28,"0,76",5.0
2004-10-28,"1,67",10.0
2004-10-28,"1,47",25.0
2004-10-28,"1,48",50.0
2004-10-28,"1,45",100.0
2004-10-28,"0,06",150.0
2004-10-28,"0,10",200.0
2004-10-28,"0,00",250.0
2004-11-14,"0,53",0.0
2004-11-14,"0,55",5.0
2004-11-14,"0,56",10.0
2004-11-14,"0,49",25.0
2004-11-14,"0,47",50.0
2004-11-14,"0,44",100.0
2004-11-14,"0,42",150.0
2004-11-14,"0,26",200.0
2004-11-14,"0,09",250.0
2004-11-18,"0,39",0.0
2004-11-18,"0,26",5.0
2004-11-18,"0,29",10.0
2004-11-18,"0,20",25.0
2004-11-18,"0,13",50.0
2004-11-18,"0,03",100.0
2004-11-18,"0,01",150.0
2004-11-18,"0,03",200.0
2004-11-18,"0,04",250.0
2004-11-25,"0,29",0.0
2004-11-25,"0,22",5.0
2004-11-25,"0,33",10.0
2004-11-25,"0,27",25.0
2004-11-25,"0,30",50.0
2004-11-25,"0,26",100.0
2004-11-25,"0,24",150.0
2004-11-25,"0,23",200.0
2004-11-25,"0,16",250.0
2004-12-02,"0,24",0.0
2004-12-02,"0,20",5.0
2004-12-02,"0,24",10.0
2004-12-02,"0,19",25.0
2004-12-02,"0,22",50.0
2004-12-02,"0,23",100.0
2004-12-02,"0,21",150.0
2004-12-02,"0,20",200.0
2004-12-02,"0,18",250.0
2004-12-17,"0,26",0.0
2004-12-17,"0,29",5.0
2004-12-17,"0,25",10.0
2004-12-17,"0,15",25.0
2004-12-17,"0,15",50.0
2004-12-17,"0,13",100.0
2004-12-17,"0,10",150.0
2004-12-17,"0,07",200.0
2004-12-17,"0,10",250.0
2004-12-28,"0,32",0.0
2004-12-28,"0,31",5.0
2004-12-28,"0,29",10.0
2004-12-28,"0,31",25.0
2004-12-28,"0,26",50.0
2004-12-28,"0,11",100.0
2004-12-28,"0,08",150.0
2004-12-28,"0,07",200.0
2004-12-28,"0,03",250.0
2005-02-16,"1,09",0.0
2005-02-16,"1,45",5.0
2005-02-16,"1,28",10.0
2005-02-16,"0,53",25.0
2005-02-16,"0,18",50.0
2005-02-16,"0,07",100.0
2005-02-16,"0,03",150.0
2005-02-16,"0,03",200.0
2005-02-16,"0,07",250.0
2005-02-24,"0,82",0.0
2005-02-24,"0,95",5.0
2005-02-24,"1,24",10.0
2005-02-24,"1,12",25.0
2005-02-24,"0,21",50.0
2005-02-24,"0,06",100.0
2005-02-24,"0,07",150.0
2005-02-24,"0,05",200.0
2005-02-24,"0,03",250.0
2005-03-02,"0,61",0.0
2005-03-02,"1,15",5.0
2005-03-02,"1,14",10.0
2005-03-02,"1,08",25.0
2005-03-02,"0,24",50.0
2005-03-02,"0,08",100.0
2005-03-02,"0,09",150.0
2005-03-02,"0,05",200.0
2005-03-02,"0,06",250.0
2005-03-10,"0,94",0.0
2005-03-10,"1,06",5.0
2005-03-10,"1,01",10.0
2005-03-10,"1,10",25.0
2005-03-10,"0,18",50.0
2005-03-10,"0,05",100.0
2005-03-10,"0,06",150.0
2005-03-10,"0,02",200.0
2005-03-10,"0,04",250.0
2005-03-16,"1,00",0.0
2005-03-16,"0,75",5.0
2005-03-16,"0,98",10.0
2005-03-16,"0,79",25.0
2005-03-16,"0,22",50.0
2005-03-16,"0,10",100.0
2005-03-16,"0,02",150.0
2005-03-16,"0,00",200.0
2005-03-16,"0,03",250.0
2005-03-25,"0,72",0.0
2005-03-25,"0,79",5.0
2005-03-25,"0,77",10.0
2005-03-25,"1,04",25.0
2005-03-25,"0,38",50.0
2005-03-25,"0,04",100.0
2005-03-25,"0,00",150.0
2005-03-25,"0,00",200.0
2005-03-25,"0,00",250.0
2005-03-30,"0,88",0.0
2005-03-30,"0,79",5.0
2005-03-30,"0,95",10.0
2005-03-30,"0,78",25.0
2005-03-30,"0,35",50.0
2005-03-30,"0,09",100.0
2005-03-30,"0,11",150.0
2005-03-30,"0,03",200.0
2005-03-30,"0,01",250.0
2005-05-19,"0,56",0.0
2005-05-19,"0,23",5.0
2005-05-19,"0,24",10.0
2005-05-19,"0,23",25.0
2005-05-19,"0,06",50.0
2005-05-19,"0,03",100.0
2005-05-19,"0,05",150.0
2005-05-19,"0,03",200.0
2005-05-19,"0,00",250.0
2005-05-31,"0,34",0.0
2005-05-31,"0,29",5.0
2005-05-31,"0,21",10.0
2005-05-31,"0,28",25.0
2005-05-31,"0,29",50.0
2005-05-31,"0,11",100.0
2005-05-31,"0,10",150.0
2005-05-31,"0,06",200.0
2005-05-31,"0,07",250.0
2005-06-08,"0,20",0.0
2005-06-08,"0,17",5.0
2005-06-08,"0,19",10.0
2005-06-08,"0,19",25.0
2005-06-08,"0,19",50.0
2005-06-08,"0,48",100.0
2005-06-08,"0,21",150.0
2005-06-08,"0,21",200.0
2005-06-08,"0,19",250.0
2005-06-18,"0,15",0.0
2005-06-18,"0,17",5.0
2005-06-18,"0,17",10.0
2005-06-18,"0,18",25.0
2005-06-18,"0,18",50.0
2005-06-18,"0,20",100.0
2005-06-18,"0,17",150.0
2005-06-18,"0,16",200.0
2005-06-18,"0,16",250.0
2005-06-26,"0,31",0.0
2005-06-26,"0,33",5.0
2005-06-26,"0,35",10.0
2005-06-26,"0,30",25.0
2005-06-26,"0,44",50.0
2005-06-26,"0,28",100.0
2005-06-26,"0,28",150.0
2005-06-26,"0,14",200.0
2005-06-26,"0,12",250.0
2005-07-06,"0,35",0.0
2005-07-06,"0,51",5.0
2005-07-06,"0,52",10.0
2005-07-06,"0,27",25.0
2005-07-06,"0,20",50.0
2005-07-06,"0,12",100.0
2005-07-06,"0,11",150.0
2005-07-06,"0,09",200.0
2005-07-06,"0,08",250.0
2005-07-12,"1,58",0.0
2005-07-12,"1,29",5.0
2005-07-12,"1,50",10.0
2005-07-12,"1,30",25.0
2005-07-12,"0,32",50.0
2005-07-12,"0,13",100.0
2005-07-12,"0,60",150.0
2005-07-12,"0,08",200.0
2005-07-12,"0,06",250.0
2005-07-21,"2,11",0.0
2005-07-21,"2,64",5.0
2005-07-21,"1,79",10.0
2005-07-21,"1,72",25.0
2005-07-21,"0,96",50.0
2005-07-21,"0,12",100.0
2005-07-21,"0,08",150.0
2005-07-21,"0,07",200.0
2005-07-21,"0,13",250.0
2005-07-27,"1,15",0.0
2005-07-27,"1,61",5.0
2005-07-27,"1,57",10.0
2005-07-27,"1,72",25.0
2005-07-27,"0,98",50.0
2005-07-27,"0,12",100.0
2005-07-27,"0,10",150.0
2005-07-27,"0,06",200.0
2005-07-27,"0,04",250.0
2005-08-02,"0,80",0.0
2005-08-02,"1,13",5.0
2005-08-02,"1,80",10.0
2005-08-02,"1,67",25.0
2005-08-02,"0,26",50.0
2005-08-02,"0,16",100.0
2005-08-02,"0,14",150.0
2005-08-02,"0,04",200.0
2005-08-02,"0,02",250.0
2005-08-09,"1,78",0.0
2005-08-09,"1,49",5.0
2005-08-09,"1,56",10.0
2005-08-09,"1,71",25.0
2005-08-09,"1,47",50.0
2005-08-09,"0,12",100.0
2005-08-09,"0,11",150.0
2005-08-09,"0,06",200.0
2005-08-09,"0,05",250.0
2005-08-21,"0,95",0.0
2005-08-21,"1,32",5.0
2005-08-21,"1,37",10.0
2005-08-21,"1,05",25.0
2005-08-21,"1,46",50.0
2005-08-21,"0,20",100.0
2005-08-21,"0,11",150.0
2005-08-21,"0,09",200.0
2005-08-21,"0,07",250.0
2005-08-28,"1,24",0.0
2005-08-28,"1,16",5.0
2005-08-28,"1,03",10.0
2005-08-28,"0,82",25.0
2005-08-28,"0,31",50.0
2005-08-28,"0,13",100.0
2005-08-28,"0,09",150.0
2005-08-28,"0,10",200.0
2005-08-28,"0,05",250.0
2005-09-06,"0,91",0.0
2005-09-06,"0,80",5.0
2005-09-06,"0,74",10.0
2005-09-06,"0,48",25.0
2005-09-06,"0,22",50.0
2005-09-06,"0,05",100.0
2005-09-06,"0,08",150.0
2005-09-06,"0,04",200.0
2005-09-06,"0,02",250.0
2005-09-25,"0,96",0.0
2005-09-25,"0,99",5.0
2005-09-25,"1,01",10.0
2005-09-25,"1,08",25.0
2005-09-25,"0,73",50.0
2005-09-25,"0,14",100.0
2005-09-25,"0,12",150.0
2005-09-25,"0,11",200.0
2005-09-25,"0,05",250.0
2005-10-03,"1,47",0.0
2005-10-03,"1,69",5.0
2005-10-03,"1,68",10.0
2005-10-03,"1,00",25.0
2005-10-03,"0,51",50.0
2005-10-03,"0,14",100.0
2005-10-03,"0,05",150.0
2005-10-03,"0,02",200.0
2005-10-03,"0,01",250.0
2005-10-17,"0,11",0.0
2005-10-17,"0,08",5.0
2005-10-17,"0,10",10.0
2005-10-17,"0,09",25.0
2005-10-17,"0,08",50.0
2005-10-17,"0,06",100.0
2005-10-17,"0,05",150.0
2005-10-17,"0,08",200.0
2005-10-17,"0,05",250.0
2005-10-25,"1,42",0.0
2005-10-25,"1,51",5.0
2005-10-25,"1,72",10.0
2005-10-25,"1,35",25.0
2005-10-25,"1,38",50.0
2005-10-25,"1,34",100.0
2005-10-25,"0,91",150.0
2005-10-25,"0,54",200.0
2005-10-25,"0,00",250.0
2005-11-02,"1,12",0.0
2005-11-02,"1,10",5.0
2005-11-02,"1,12",10.0
2005-11-02,"1,30",25.0
2005-11-02,"1,10",50.0
2005-11-02,"0,88",100.0
2005-11-02,"0,16",150.0
2005-11-02,"0,12",200.0
2005-11-02,"0,06",250.0
2005-11-10,"0,78",0.0
2005-11-10,"0,69",5.0
2005-11-10,"0,79",10.0
2005-11-10,"0,67",25.0
2005-11-10,"0,75",50.0
2005-11-10,"0,80",100.0
2005-11-10,"0,70",150.0
2005-11-10,"0,64",200.0
2005-11-10,"0,16",250.0
2005-11-17,"0,85",0.0
2005-11-17,"0,76",5.0
2005-11-17,"0,72",10.0
2005-11-17,"0,71",25.0
2005-11-17,"0,77",50.0
2005-11-17,"0,54",100.0
2005-11-17,"0,46",150.0
2005-11-17,"0,15",200.0
2005-11-17,"0,08",250.0
2005-11-27,"0,37",0.0
2005-11-27,"0,29",5.0
2005-11-27,"0,34",10.0
2005-11-27,"0,33",25.0
2005-11-27,"0,36",50.0
2005-11-27,"0,34",100.0
2005-11-27,"0,36",150.0
2005-11-27,"0,23",200.0
2005-11-27,"0,11",250.0
2005-12-01,"0,18",0.0
2005-12-01,"0,16",5.0
2005-12-01,"0,14",10.0
2005-12-01,"0,14",25.0
2005-12-01,"0,13",50.0
2005-12-01,"0,17",100.0
2005-12-01,"0,18",150.0
2005-12-01,"0,16",200.0
2005-12-01,"0,09",250.0
2005-12-12,"0,16",0.0
2005-12-12,"0,11",5.0
2005-12-12,"0,13",10.0
2005-12-12,"0,13",25.0
2005-12-12,"0,16",50.0
2005-12-12,"0,10",100.0
2005-12-12,"0,15",150.0
2005-12-12,"0,14",200.0
2005-12-12,"0,15",250.0
2005-12-26,"0,07",0.0
2005-12-26,"0,06",5.0
2005-12-26,"0,09",10.0
2005-12-26,"0,08",25.0
2005-12-26,"0,06",50.0
2005-12-26,"0,04",100.0
2005-12-26,"0,11",150.0
2005-12-26,"0,08",200.0
2005-12-26,"0,11",250.0
2006-02-22,"0,83",0.0
2006-02-22,"0,82",5.0
2006-02-22,"0,91",10.0
2006-02-22,"0,51",25.0
2006-02-22,"0,13",50.0
2006-02-22,"0,10",100.0
2006-02-22,"0,07",150.0
2006-02-22,"0,02",200.0
2006-02-22,"0,05",250.0
2006-03-01,"0,77",0.0
2006-03-01,"0,64",5.0
2006-03-01,"0,74",10.0
2006-03-01,"0,85",25.0
2006-03-01,"0,13",50.0
2006-03-01,"0,07",100.0
2006-03-01,"0,05",150.0
2006-03-01,"0,03",200.0
2006-03-01,"0,06",250.0
2006-03-07,"0,63",0.0
2006-03-07,"0,62",5.0
2006-03-07,"0,64",10.0
2006-03-07,"0,60",25.0
2006-03-07,"0,20",50.0
2006-03-07,"0,08",100.0
2006-03-07,"0,05",150.0
2006-03-07,"0,05",200.0
2006-03-07,"0,03",250.0
2006-03-16,"0,44",0.0
2006-03-16,"0,71",5.0
2006-03-16,"0,66",10.0
2006-03-16,"0,56",25.0
2006-03-16,"0,14",50.0
2006-03-16,"0,06",100.0
2006-03-16,"0,03",150.0
2006-03-16,"0,03",200.0
2006-03-16,"0,03",250.0
2006-03-22,"0,50",0.0
2006-03-22,"0,59",5.0
2006-03-22,"0,57",10.0
2006-03-22,"0,67",25.0
2006-03-22,"0,16",50.0
2006-03-22,"0,08",100.0
2006-03-22,"0,05",150.0
2006-03-22,"0,04",200.0
2006-03-22,"0,05",250.0
2006-03-28,"1,05",0.0
2006-03-28,"0,79",5.0
2006-03-28,"0,86",10.0
2006-03-28,"0,69",25.0
2006-03-28,"0,20",50.0
2006-03-28,"0,03",100.0
2006-03-28,"0,02",150.0
2006-03-28,"0,00",200.0
2006-03-28,"0,05",250.0
2006-04-11,"0,75",0.0
2006-04-19,"0,59",0.0
2006-04-19,"0,86(2м)",5.0
2006-06-02,"0,33",0.0
2006-06-02,"0,28",5.0
2006-06-02,"0,21",10.0
2006-06-02,"0,18",25.0
2006-06-02,"0,22",50.0
2006-06-02,"0,09",100.0
2006-06-02,"0,02",150.0
2006-06-02,"0,02",200.0
2006-06-02,"0,02",250.0
2006-06-09,"0,23",0.0
2006-06-09,"0,33",5.0
2006-06-09,"0,24",10.0
2006-06-09,"0,21",25.0
2006-06-09,"0,21",50.0
2006-06-09,"0,07",100.0
2006-06-09,"0,02",150.0
2006-06-09,"0,00",200.0
2006-06-09,"0,03",250.0
2006-06-20,"0,10",0.0
2006-06-20,"0,07",5.0
2006-06-20,"0,01",10.0
2006-06-20,"0,08",25.0
2006-06-20,"0,11",50.0
2006-06-20,"0,06",100.0
2006-06-20,"0,05",150.0
2006-06-20,"0,02",200.0
2006-06-20,"0,05",250.0
2006-07-03,"0,15",0.0
2006-07-03,"0,30",5.0
2006-07-03,"0,32",10.0
2006-07-03,"0,27",25.0
2006-07-03,"0,28",50.0
2006-07-03,"0,27",100.0
2006-07-03,"0,29",150.0
2006-07-03,"0,19",200.0
2006-07-03,"0,07",250.0
2006-07-11,"0,40",0.0
2006-07-11,"0,32",5.0
2006-07-11,"0,29",10.0
2006-07-11,"0,34",25.0
2006-07-11,"0,28",50.0
2006-07-11,"0,25",100.0
2006-07-11,"0,19",150.0
2006-07-11,"0,14",200.0
2006-07-11,"0,11",250.0
2006-07-22,"0,44",0.0
2006-07-22,"0,53",5.0
2006-07-22,"0,56",10.0
2006-07-22,"0,51",25.0
2006-07-22,"0,35",50.0
2006-07-22,"0,19",100.0
2006-07-22,"0,13",150.0
2006-07-22,"0,13",200.0
2006-07-22,"0,07",250.0
2006-08-04,"3,08",0.0
2006-08-04,"3,40",5.0
2006-08-04,"3,44",10.0
2006-08-04,"2,22",25.0
2006-08-04,"0,41",50.0
2006-08-04,"0,20",100.0
2006-08-04,"0,11",150.0
2006-08-04,"0,09",200.0
2006-08-04,"0,08",250.0
2006-08-10,"1,79",0.0
2006-08-10,"2,26",5.0
2006-08-10,"3,83",10.0
2006-08-10,"1,34",25.0
2006-08-10,"0,28",50.0
2006-08-10,"0,10",100.0
2006-08-10,"0,04",150.0
2006-08-10,"0,04",200.0
2006-08-10,"0,03",250.0
2006-08-16,"1,67",0.0
2006-08-16,"2,16",5.0
2006-08-16,"2,41",10.0
2006-08-16,"1,77",25.0
2006-08-16,"0,57",50.0
2006-08-16,"0,23",100.0
2006-08-16,"0,05",150.0
2006-08-16,"0,04",200.0
2006-08-16,"0,05",250.0
2006-08-24,"2,10",0.0
2006-08-24,"2,12",5.0
2006-08-24,"2,09",10.0
2006-08-24,"1,84",25.0
2006-08-24,"0,51",50.0
2006-08-24,"0,20",100.0
2006-08-24,"0,09",150.0
2006-08-24,"0,08",200.0
2006-08-24,"0,08",250.0
2006-09-13,"1,63",0.0
2006-09-13,"1,42",5.0
2006-09-13,"1,45",10.0
2006-09-13,"1,50",25.0
2006-09-13,"0,44",50.0
2006-09-13,"0,10",100.0
2006-09-13,"0,09",150.0
2006-09-13,"0,05",200.0
2006-09-13,"0,03",250.0
2006-09-26,"2,21",0.0
2006-09-26,"2,24",5.0
2006-09-26,"2,20",10.0
2006-09-26,"1,93",25.0
2006-09-26,"1,81",50.0
2006-09-26,"0,07",100.0
2006-09-26,"0,08",150.0
2006-09-26,"0,03",200.0
2006-09-26,"0,05",250.0
2006-10-05,"2,09",0.0
2006-10-05,"1,89",5.0
2006-10-05,"2,22",10.0
2006-10-05,"2,28",25.0
2006-10-05,"0,61",50.0
2006-10-05,"0,06",100.0
2006-10-05,"0,07",150.0
2006-10-05,"0,00",200.0
2006-10-05,"0,00",250.0
2006-10-12,"1,44",0.0
2006-10-12,"1,47",5.0
2006-10-12,"1,41",10.0
2006-10-12,"1,13",25.0
2006-10-12,"1,06",50.0
2006-10-12,"1,12",100.0
2006-10-12,"0,73",150.0
2006-10-12,"0,09",200.0
2006-10-12,"0,06",250.0
2006-10-19,"1,21",0.0
2006-10-19,"1,14",5.0
2006-10-19,"1,23",10.0
2006-10-19,"1,09",25.0
2006-10-19,"1,09",50.0
2006-10-19,"0,53",100.0
2006-10-19,"0,24",150.0
2006-10-19,"0,05",200.0
2006-10-19,"0,03",250.0
2006-10-26,"0,76",0.0
2006-10-26,"0,72",5.0
2006-10-26,"0,76",10.0
2006-10-26,"0,78",25.0
2006-10-26,"0,72",50.0
2006-10-26,"0,54",100.0
2006-10-26,"0,22",150.0
2006-10-26,"0,03",200.0
2006-10-26,"0,02",250.0
2006-11-02,"0,51",0.0
2006-11-02,"0,66",5.0
2006-11-02,"0,58",10.0
2006-11-02,"0,60",25.0
2006-11-02,"0,50",50.0
2006-11-02,"0,38",100.0
2006-11-02,"0,05",150.0
2006-11-02,"0,05",200.0
2006-11-02,"0,06",250.0
2006-11-08,"0,37",0.0
2006-11-08,"0,34",5.0
2006-11-08,"0,37",10.0
2006-11-08,"0,33",25.0
2006-11-08,"0,19",50.0
2006-11-08,"0,08",100.0
2006-11-08,"0,01",150.0
2006-11-08,"0,05",200.0
2006-11-08,"0,03",250.0
2006-11-16,"0,39",0.0
2006-11-16,"0,39",5.0
2006-11-16,"0,41",10.0
2006-11-16,"0,33",25.0
2006-11-16,"0,29",50.0
2006-11-16,"0,30",100.0
2006-11-16,"0,11",150.0
2006-11-16,"0,05",200.0
2006-11-16,"0,03",250.0
2006-11-23,"0,35",0.0
2006-11-23,"0,34",5.0
2006-11-23,"0,33",10.0
2006-11-23,"0,34",25.0
2006-11-23,"0,34",50.0
2006-11-23,"0,39",100.0
2006-11-23,"0,27",150.0
2006-11-23,"0,27",200.0
2006-11-23,"0,24",250.0
2006-12-01,"0,27",0.0
2006-12-01,"0,18",5.0
2006-12-01,"0,22",10.0
2006-12-01,"0,25",25.0
2006-12-01,"0,21",50.0
2006-12-01,"0,23",100.0
2006-12-01,"0,23",150.0
2006-12-01,"0,08",200.0
2006-12-01,"0,15",250.0
2006-12-19,"0,15",0.0
2006-12-19,"0,12",5.0
2006-12-19,"0,14",10.0
2006-12-19,"0,13",25.0
2006-12-19,"0,09",50.0
2006-12-19,"0,09",100.0
2006-12-19,"0,09",150.0
2006-12-19,"0,05",200.0
2006-12-19,"0,03",250.0
2006-12-28,"0,32",0.0
2006-12-28,"0,36",5.0
2006-12-28,"0,39",10.0
2006-12-28,"0,23",25.0
2006-12-28,"0,25",50.0
2006-12-28,"0,23",100.0
2006-12-28,"0,18",150.0
2006-12-28,"0,08",200.0
2006-12-28,"0,08",250.0
2007-02-25,"0,87",0.0
2007-02-25,"1,30",5.0
2007-02-25,"1,31",10.0
2007-02-25,"0,84",25.0
2007-02-25,"0,14",50.0
2007-02-25,"0,05",100.0
2007-02-25,"0,03",150.0
2007-02-25,"0,05",200.0
2007-02-25,"0,02",250.0
2007-03-11,"1,50",0.0
2007-03-11,"1,69",5.0
2007-03-11,"2,46",10.0
2007-03-11,"0,59",25.0
2007-03-11,"0,09",50.0
2007-03-11,"0,03",100.0
2007-03-11,"0,02",150.0
2007-03-11,"0,04",200.0
2007-03-11,"0,03",250.0
2007-03-20,"2,04",0.0
2007-03-20,"3,01",5.0
2007-03-20,"3,04",10.0
2007-03-20,"2,98",25.0
2007-03-20,"0,16",50.0
2007-03-20,"0,03",100.0
2007-03-20,"0,05",150.0
2007-03-20,"0,03",200.0
2007-03-20,"0,03",250.0
2007-03-31,"1,68",0.0
2007-03-31,"1,58",5.0
2007-03-31,"1,39",10.0
2007-03-31,"0,52",25.0
2007-03-31,"0,07",50.0
2007-03-31,"0,10",100.0
2007-03-31,"0,02",150.0
2007-03-31,"0,02",200.0
2007-03-31,"0,00",250.0
2007-05-02,"1,68",0.0
2007-05-02,"2,40",5.0
2007-05-02,"3,00",10.0
2007-05-02,"2,08",25.0
2007-05-02,"0,27",50.0
2007-05-02,"0,07",100.0
2007-05-02,"0,03",150.0
2007-05-02,"0,00",200.0
2007-05-02,"0,01",250.0
2007-05-10,"3,29",0.0
2007-05-10,"2,84",5.0
2007-05-10,"2,80",10.0
2007-05-10,"3,05",25.0
2007-05-10,"3,06",50.0
2007-05-10,"2,50",100.0
2007-05-10,"2,78",150.0
2007-05-10,"1,59",200.0
2007-05-10,"0,21",250.0
2007-05-19,"1,98",0.0
2007-05-19,"2,05",5.0
2007-05-19,"2,30",10.0
2007-05-19,"2,12",25.0
2007-05-19,"1,86",50.0
2007-05-19,"1,92",100.0
2007-05-19,"2,04",150.0
2007-05-19,"1,14",200.0
2007-05-19,"0,47",250.0
2007-05-31,"0,77",0.0
2007-05-31,"0,88",5.0
2007-05-31,"0,91",10.0
2007-05-31,"1,03",25.0
2007-05-31,"0,99",50.0
2007-05-31,"0,96",100.0
2007-05-31,"1,11",150.0
2007-05-31,"1,00",200.0
2007-05-31,"0,58",250.0
2007-06-09,"0,35",0.0
2007-06-09,"0,35",5.0
2007-06-09,"0,44",10.0
2007-06-09,"0,49",25.0
2007-06-09,"0,51",50.0
2007-06-09,"0,44",100.0
2007-06-09,"0,42",150.0
2007-06-09,"0,44",200.0
2007-06-09,"0,51",250.0
2007-06-19,"0,42",0.0
2007-06-19,"0,41",5.0
2007-06-19,"0,46",10.0
2007-06-19,"0,45",25.0
2007-06-19,"0,42",50.0
2007-06-19,"0,45",100.0
2007-06-19,"0,39",150.0
2007-06-19,"0,41",200.0
2007-06-19,"0,41",250.0
2007-06-29,"0,35",0.0
2007-06-29,"0,46",5.0
2007-06-29,"0,44",10.0
2007-06-29,"0,42",25.0
2007-06-29,"0,37",50.0
2007-06-29,"0,37",100.0
2007-06-29,"0,31",150.0
2007-06-29,"0,28",200.0
2007-06-29,"0,29",250.0
2007-07-05,"0,54",0.0
2007-07-05,"0,85",5.0
2007-07-05,"0,95",10.0
2007-07-05,"0,54",25.0
2007-07-05,"0,48",50.0
2007-07-05,"0,20",100.0
2007-07-05,"0,31",150.0
2007-07-05,"0,24",200.0
2007-07-05,"0,28",250.0
2007-07-11,"0,49",0.0
2007-07-11,"0,72",5.0
2007-07-11,"0,72",10.0
2007-07-11,"0,78",25.0
2007-07-11,"0,82",50.0
2007-07-11,"0,28",100.0
2007-07-11,"0,28",150.0
2007-07-11,"0,19",200.0
2007-07-11,"0,17",250.0
2007-07-23,"2,28",0.0
2007-07-23,"2,18",5.0
2007-07-23,"2,86",10.0
2007-07-23,"2,59",25.0
2007-07-23,"1,13",50.0
2007-07-23,"0,21",100.0
2007-07-23,"0,15",150.0
2007-07-23,"0,15",200.0
2007-07-23,"0,22",250.0
2007-08-05,"0,62",0.0
2007-08-05,"0,66",5.0
2007-08-05,"0,79",10.0
2007-08-05,"1,66",25.0
2007-08-05,"0,23",50.0
2007-08-05,"0,13",100.0
2007-08-05,"0,10",150.0
2007-08-05,"0,09",200.0
2007-08-05,"0,07",250.0
2007-08-18,"1,10",0.0
2007-08-18,"1,16",5.0
2007-08-18,"0,96",10.0
2007-08-18,"0,98",25.0
2007-08-18,"0,20",50.0
2007-08-18,"0,11",100.0
2007-08-18,"0,08",150.0
2007-08-18,"0,08",200.0
2007-08-18,"0,07",250.0
2007-08-24,"0,72",0.0
2007-08-24,"1,06",5.0
2007-08-24,"1,33",10.0
2007-08-24,"0,73",25.0
2007-08-24,"0,19",50.0
2007-08-24,"0,14",100.0
2007-08-24,"0,10",150.0
2007-08-24,"0,10",200.0
2007-08-24,"0,06",250.0
2007-08-30,"0,70",0.0
2007-08-30,"0,84",5.0
2007-08-30,"1,10",10.0
2007-08-30,"0,93",25.0
2007-08-30,"0,56",50.0
2007-08-30,"0,15",100.0
2007-08-30,"0,11",150.0
2007-08-30,"0,07",200.0
2007-08-30,"0,03",250.0
2007-09-09,"1,17",0.0
2007-09-09,"1,08",5.0
2007-09-09,"1,19",10.0
2007-09-09,"0,63",25.0
2007-09-09,"0,32",50.0
2007-09-09,"0,14",100.0
2007-09-09,"0,06",150.0
2007-09-09,"0,10",200.0
2007-09-09,"0,09",250.0
2007-09-17,"1,45",0.0
2007-09-17,"1,47",5.0
2007-09-17,"1,40",10.0
2007-09-17,"0,41",25.0
2007-09-17,"0,14",50.0
2007-09-17,"0,11",100.0
2007-09-17,"0,11",150.0
2007-09-17,"0,05",200.0
2007-09-17,"0,07",250.0
2007-09-28,"0,91",0.0
2007-09-28,"1,02",5.0
2007-09-28,"1,07",10.0
2007-09-28,"0,45",25.0
2007-09-28,"0,34",50.0
2007-09-28,"0,17",100.0
2007-09-28,"0,04",150.0
2007-09-28,"0,05",200.0
2007-09-28,"0,02",250.0
2007-10-08,"1,24",0.0
2007-10-08,"1,04",5.0
2007-10-08,"1,14",10.0
2007-10-08,"0,30",25.0
2007-10-08,"0,25",50.0
2007-10-08,"0,14",100.0
2007-10-08,"0,03",150.0
2007-10-08,"0,10",200.0
2007-10-08,"0,10",250.0
2007-10-18,"0,93",0.0
2007-10-18,"1,03",5.0
2007-10-18,"0,92",10.0
2007-10-18,"0,84",25.0
2007-10-18,"0,78",50.0
2007-10-18,"0,10",100.0
2007-10-18,"0,08",150.0
2007-10-18,"0,04",200.0
2007-10-18,"0,07",250.0
2007-10-29,"0,98",0.0
2007-10-29,"0,98",5.0
2007-10-29,"0,71",10.0
2007-10-29,"0,98",25.0
2007-10-29,"0,93",50.0
2007-10-29,"0,15",100.0
2007-10-29,"0,11",150.0
2007-10-29,"0,11",200.0
2007-10-29,"0,08",250.0
2007-11-07,"0,69",0.0
2007-11-07,"0,69",5.0
2007-11-07,"0,45",10.0
2007-11-07,"0,61",25.0
2007-11-07,"0,58",50.0
2007-11-07,"0,14",100.0
2007-11-07,"0,07",150.0
2007-11-07,"0,03",200.0
2007-11-07,"0,03",250.0
2007-11-18,"0,22",0.0
2007-11-18,"0,16",5.0
2007-11-18,"0,15",10.0
2007-11-18,"0,15",25.0
2007-11-18,"0,16",50.0
2007-11-18,"0,13",100.0
2007-11-18,"0,07",150.0
2007-11-18,"0,03",200.0
2007-11-18,"0,06",250.0
2007-11-28,"0,20",0.0
2007-11-28,"0,17",5.0
2007-11-28,"0,18",10.0
2007-11-28,"0,17",25.0
2007-11-28,"0,18",50.0
2007-11-28,"0,20",100.0
2007-11-28,"0,18",150.0
2007-11-28,"0,13",200.0
2007-11-28,"0,20",250.0
2007-12-16,"0,12",0.0
2007-12-16,"0,11",5.0
2007-12-16,"0,12",10.0
2007-12-16,"0,10",25.0
2007-12-16,"0,11",50.0
2007-12-16,"0,11",100.0
2007-12-16,"0,11",150.0
2007-12-16,"0,12",200.0
2007-12-16,"0,09",250.0
2007-12-23,"0,16",0.0
2007-12-23,"0,16",5.0
2007-12-23,"0,13",10.0
2007-12-23,"0,15",25.0
2007-12-23,"0,12",50.0
2007-12-23,"0,10",100.0
2007-12-23,"0,10",150.0
2007-12-23,"0,08",200.0
2007-12-23,"0,13",250.0
2008-02-11,"0,50",0.0
2008-02-11,"0,42",5.0
2008-02-11,"0,55",10.0
2008-02-11,"0,42",25.0
2008-02-11,"0,18",50.0
2008-02-11,"0,08",100.0
2008-02-11,"0,07",150.0
2008-02-11,"0,00",200.0
2008-02-11,"0,03",250.0
2008-02-25,"0,72",0.0
2008-02-25,"0,93",5.0
2008-02-25,"0,74",10.0
2008-02-25,"0,47",25.0
2008-02-25,"0,19",50.0
2008-02-25,"0,07",100.0
2008-02-25,"0,05",150.0
2008-02-25,"0,05",200.0
2008-02-25,"0,03",250.0
2008-03-03,"0,82",0.0
2008-03-03,"0,84",5.0
2008-03-03,"0,82",10.0
2008-03-03,"0,53",25.0
2008-03-03,"0,21",50.0
2008-03-03,"0,08",100.0
2008-03-03,"0,03",150.0
2008-03-03,"0,02",200.0
2008-03-03,"0,03",250.0
2008-03-10,"0,98",0.0
2008-03-10,"1,12",5.0
2008-03-10,"1,32",10.0
2008-03-10,"0,83",25.0
2008-03-10,"0,16",50.0
2008-03-10,"0,11",100.0
2008-03-10,"0,05",150.0
2008-03-10,"0,00",200.0
2008-03-10,"0,01",250.0
2008-03-19,"1,87",0.0
2008-03-19,"1,55",5.0
2008-03-19,"1,33",10.0
2008-03-19,"1,49",25.0
2008-03-19,"0,29",50.0
2008-03-19,"0,05",100.0
2008-03-19,"0,03",150.0
2008-03-19,"0,05",200.0
2008-03-19,"0,03",250.0
2008-06-03,"1,12",0.0
2008-06-03,"1,38",5.0
2008-06-03,"1,30",10.0
2008-06-03,"1,24",25.0
2008-06-03,"1,12",50.0
2008-06-03,"1,01",100.0
2008-06-03,"0,74",150.0
2008-06-03,"0,42",200.0
2008-06-03,"0,15",250.0
2008-06-10,"0,61",0.0
2008-06-10,"0,65",5.0
2008-06-10,"0,68",10.0
2008-06-10,"0,64",25.0
2008-06-10,"0,56",50.0
2008-06-10,"0,48",100.0
2008-06-10,"0,60",150.0
2008-06-10,"0,46",200.0
2008-06-10,"0,41",250.0
2008-06-17,"0,43",0.0
2008-06-17,"0,60",5.0
2008-06-17,"0,57",10.0
2008-06-17,"0,51",25.0
2008-06-17,"0,45",50.0
2008-06-17,"0,43",100.0
2008-06-17,"0,45",150.0
2008-06-17,"0,44",200.0
2008-06-17,"0,40",250.0
2008-06-26,"0,27",0.0
2008-06-26,"0,28",5.0
2008-06-26,"0,45",10.0
2008-06-26,"0,41",25.0
2008-06-26,"0,24",50.0
2008-06-26,"0,18",100.0
2008-06-26,"0,35",150.0
2008-06-26,"0,44",200.0
2008-06-26,"0,37",250.0
2008-07-03,"0,30",0.0
2008-07-03,"0,35",5.0
2008-07-03,"0,35",10.0
2008-07-03,"0,40",25.0
2008-07-03,"0,37",50.0
2008-07-03,"0,37",100.0
2008-07-03,"0,32",150.0
2008-07-03,"0,33",200.0
2008-07-03,"0,30",250.0
2008-07-10,"1,65",0.0
2008-07-10,"1,73",5.0
2008-07-10,"1,45",10.0
2008-07-10,"0,67",25.0
2008-07-10,"0,49",50.0
2008-07-10,"0,29",100.0
2008-07-10,"0,27",150.0
2008-07-10,"0,26",200.0
2008-07-10,"0,21",250.0
2008-07-16,"1,15",0.0
2008-07-16,"1,92",5.0
2008-07-16,"1,73",10.0
2008-07-16,"1,76",25.0
2008-07-16,"0,42",50.0
2008-07-16,"0,27",100.0
2008-07-16,"0,19",150.0
2008-07-16,"0,16",200.0
2008-07-16,"0,10",250.0
2008-07-22,"2,69",0.0
2008-07-22,"2,57",5.0
2008-07-22,"2,86",10.0
2008-07-22,"2,66",25.0
2008-07-22,"0,81",50.0
2008-07-22,"0,20",100.0
2008-07-22,"0,10",150.0
2008-07-22,"0,17",200.0
2008-07-22,"0,16",250.0
2008-08-05,"1,26",0.0
2008-08-05,"1,51",5.0
2008-08-05,"1,63",10.0
2008-08-05,"2,39",25.0
2008-08-05,"0,38",50.0
2008-08-05,"0,20",100.0
2008-08-05,"0,13",150.0
2008-08-05,"0,14",200.0
2008-08-05,"0,10",250.0
2008-08-12,"0,99",0.0
2008-08-12,"0,96",5.0
2008-08-12,"1,02",10.0
2008-08-12,"1,11",25.0
2008-08-12,"0,51",50.0
2008-08-12,"0,24",100.0
2008-08-12,"0,12",150.0
2008-08-12,"0,09",200.0
2008-08-12,"0,12",250.0
2008-08-19,"0,83",0.0
2008-08-19,"1,24",5.0
2008-08-19,"1,08",10.0
2008-08-19,"0,94",25.0
2008-08-19,"0,16",50.0
2008-08-19,"0,10",100.0
2008-08-19,"0,12",150.0
2008-08-19,"0,09",200.0
2008-08-19,"0,08",250.0
2008-09-01,"0,91",0.0
2008-09-01,"1,02",5.0
2008-09-01,"1,22",10.0
2008-09-01,"0,77",25.0
2008-09-01,"0,18",50.0
2008-09-01,"0,17",100.0
2008-09-01,"0,01",150.0
2008-09-01,"0,11",200.0
2008-09-01,"0,10",250.0
2008-09-10,"0,84",0.0
2008-09-10,"1,21",5.0
2008-09-10,"0,93",10.0
2008-09-10,"1,07",25.0
2008-09-10,"0,33",50.0
2008-09-10,"0,12",100.0
2008-09-10,"0,14",150.0
2008-09-10,"0,10",200.0
2008-09-10,"0,11",250.0
2008-09-19,"1,00",0.0
2008-09-19,"1,05",5.0
2008-09-19,"0,80",10.0
2008-09-19,"1,08",25.0
2008-09-19,"0,85",50.0
2008-09-19,"0,07",100.0
2008-09-19,"0,09",150.0
2008-09-19,"0,13",200.0
2008-09-19,"0,09",250.0
2008-09-29,"1,00",0.0
2008-09-29,"1,03",5.0
2008-09-29,"1,05",10.0
2008-09-29,"0,87",25.0
2008-09-29,"0,85",50.0
2008-09-29,"0,13",100.0
2008-09-29,"0,09",150.0
2008-09-29,"0,13",200.0
2008-09-29,"0,11",250.0
2008-10-08,"1,36",0.0
2008-10-08,"1,63",5.0
2008-10-08,"1,52",10.0
2008-10-08,"1,63",25.0
2008-10-08,"0,47",50.0
2008-10-08,"0,14",100.0
2008-10-08,"0,06",150.0
2008-10-08,"0,08",200.0
2008-10-08,"0,09",250.0
2008-10-26,"1,20",0.0
2008-10-26,"1,29",5.0
2008-10-26,"1,58",10.0
2008-10-26,"1,16",25.0
2008-10-26,"0,74",50.0
2008-10-26,"0,11",100.0
2008-10-26,"0,15",150.0
2008-10-26,"0,10",200.0
2008-10-26,"0,00",250.0
2008-11-04,"0,78",0.0
2008-11-04,"0,79",5.0
2008-11-04,"0,73",10.0
2008-11-04,"0,60",25.0
2008-11-04,"0,87",50.0
2008-11-04,"0,55",100.0
2008-11-04,"0,16",150.0
2008-11-04,"0,12",200.0
2008-11-04,"0,05",250.0
2008-11-24,"0,16",0.0
2008-11-24,"0,14",5.0
2008-11-24,"0,13",10.0
2008-11-24,"0,11",25.0
2008-11-24,"0,22",50.0
2008-11-24,"0,18",100.0
2008-11-24,"0,19",150.0
2008-11-24,"0,11",200.0
2008-11-24,"0,07",250.0
2008-11-29,"0,15",0.0
2008-11-29,"0,08",5.0
2008-11-29,"0,13",10.0
2008-11-29,"0,17",25.0
2008-11-29,"0,19",50.0
2008-11-29,"0,09",100.0
2008-11-29,"0,14",150.0
2008-11-29,"0,09",200.0
2008-11-29,"0,01",250.0
2008-12-17,"0,08",0.0
2008-12-17,"0,01",5.0
2008-12-17,"0,09",10.0
2008-12-17,"0,06",25.0
2008-12-17,"0,10",50.0
2008-12-17,"0,06",100.0
2008-12-17,"0,07",150.0
2008-12-17,"0,05",200.0
2008-12-17,"0,08",250.0
2009-02-25,"0,70",0.0
2009-02-25,"0,73",5.0
2009-02-25,"0,71",10.0
2009-02-25,"0,64",25.0
2009-02-25,"0,22",50.0
2009-02-25,"0,05",100.0
2009-02-25,"0,04",150.0
2009-02-25,"0,02",200.0
2009-02-25,"0,01",250.0
2009-03-03,"0,63",0.0
2009-03-03,"0,66",5.0
2009-03-03,"0,60",10.0
2009-03-03,"0,66",25.0
2009-03-03,"0,18",50.0
2009-03-03,"0,09",100.0
2009-03-03,"0,04",150.0
2009-03-03,"0,02",200.0
2009-03-03,"0,01",250.0
2009-03-19,"8,05",0.0
2009-03-19,"0,70",5.0
2009-03-19,"0,96",10.0
2009-03-19,"0,87",25.0
2009-03-19,"0,22",50.0
2009-03-19,"0,05",100.0
2009-03-19,"0,04",150.0
2009-03-19,"0,05",200.0
2009-03-19,"0,07",250.0
2009-03-26,"15,21",0.0
2009-03-26,"0,73",5.0
2009-03-26,"0,78",10.0
2009-03-26,"0,74",25.0
2009-03-26,"0,27",50.0
2009-03-26,"0,10",100.0
2009-03-26,"0,07",150.0
2009-03-26,"0,03",200.0
2009-03-26,"0,13",250.0
2009-04-01,"1,92",0.0
2009-04-01,"0,92",5.0
2009-04-01,"0,93",10.0
2009-04-01,"0,82",25.0
2009-04-01,"0,21",50.0
2009-04-01,"0,03",100.0
2009-04-01,"0,03",150.0
2009-04-01,"0,05",200.0
2009-04-01,"0,10",250.0
2009-05-08,"1,29",0.0
2009-05-08,"1,19",5.0
2009-05-08,"1,19",10.0
2009-05-08,"1,17",25.0
2009-05-08,"1,19",50.0
2009-05-08,"1,14",100.0
2009-05-08,"0,05",150.0
2009-05-08,"0,05",200.0
2009-05-08,"0,03",250.0
2009-05-18,"0,57",0.0
2009-05-18,"0,62",5.0
2009-05-18,"0,58",10.0
2009-05-18,"0,64",25.0
2009-05-18,"0,51",50.0
2009-05-18,"0,02",100.0
2009-05-18,"0,05",150.0
2009-05-18,"0,04",200.0
2009-05-18,"0,03",250.0
2009-05-29,"0,30",0.0
2009-05-29,"0,25",5.0
2009-05-29,"0,31",10.0
2009-05-29,"0,31",25.0
2009-05-29,"0,31",50.0
2009-05-29,"0,17",100.0
2009-05-29,"0,15",150.0
2009-05-29,"0,04",200.0
2009-05-29,"0,05",250.0
2009-06-03,"0,23",0.0
2009-06-03,"0,27",5.0
2009-06-03,"0,25",10.0
2009-06-03,"0,25",25.0
2009-06-03,"0,19",50.0
2009-06-03,"0,28",100.0
2009-06-03,"0,15",150.0
2009-06-03,"0,15",200.0
2009-06-03,"0,05",250.0
2009-06-10,"0,14",0.0
2009-06-10,"0,17",5.0
2009-06-10,"0,25",10.0
2009-06-10,"0,19",25.0
2009-06-10,"0,22",50.0
2009-06-10,"0,20",100.0
2009-06-10,"0,19",150.0
2009-06-10,"0,18",200.0
2009-06-10,"0,21",250.0
2009-06-17,"0,10",0.0
2009-06-17,"0,15",5.0
2009-06-17,"0,15",10.0
2009-06-17,"0,15",25.0
2009-06-17,"0,17",50.0
2009-06-17,"0,15",100.0
2009-06-17,"0,02",150.0
2009-06-17,"0,15",200.0
2009-06-17,"0,13",250.0
2009-06-27,"0,24",0.0
2009-06-27,"0,20",5.0
2009-06-27,"0,26",10.0
2009-06-27,"0,18",25.0
2009-06-27,"0,20",50.0
2009-06-27,"0,16",100.0
2009-06-27,"0,17",150.0
2009-06-27,"0,17",200.0
2009-06-27,"0,11",250.0
2009-07-06,"0,18",0.0
2009-07-06,"0,23",5.0
2009-07-06,"0,37",10.0
2009-07-06,"0,40",25.0
2009-07-06,"0,25",50.0
2009-07-06,"0,09",100.0
2009-07-06,"0,09",150.0
2009-07-06,"0,06",200.0
2009-07-06,"0,08",250.0
2009-07-17,"0,62",0.0
2009-07-17,"0,87",5.0
2009-07-17,"0,80",10.0
2009-07-17,"0,77",25.0
2009-07-17,"0,87",50.0
2009-07-17,"0,17",100.0
2009-07-17,"0,11",150.0
2009-07-17,"0,09",200.0
2009-07-17,"0,07",250.0
2009-07-24,"1,14",0.0
2009-07-24,"2,14",5.0
2009-07-24,"2,58",10.0
2009-07-24,"1,72",25.0
2009-07-24,"0,45",50.0
2009-07-24,"0,14",100.0
2009-07-24,"0,07",150.0
2009-07-24,"0,07",200.0
2009-07-24,"0,08",250.0
2009-07-30,"1,24",0.0
2009-07-30,"1,40",5.0
2009-07-30,"1,42",10.0
2009-07-30,"1,45",25.0
2009-07-30,"0,41",50.0
2009-07-30,"0,22",100.0
2009-07-30,"0,15",150.0
2009-07-30,"0,09",200.0
2009-07-30,"0,07",250.0
2009-08-07,"1,31",0.0
2009-08-07,"1,15",5.0
2009-08-07,"1,06",10.0
2009-08-07,"1,11",25.0
2009-08-07,"0,19",50.0
2009-08-07,"0,13",100.0
2009-08-07,"0,11",150.0
2009-08-07,"0,10",200.0
2009-08-07,"0,08",250.0
2009-08-14,"1,01",0.0
2009-08-14,"1,03",5.0
2009-08-14,"1,25",10.0
2009-08-14,"1,83",25.0
2009-08-14,"0,35",50.0
2009-08-14,"0,09",100.0
2009-08-14,"0,01",150.0
2009-08-14,"0,05",200.0
2009-08-14,"0,03",250.0
2009-08-21,"0,76",0.0
2009-08-21,"0,87",5.0
2009-08-21,"0,82",10.0
2009-08-21,"0,49",25.0
2009-08-21,"0,20",50.0
2009-08-21,"0,08",100.0
2009-08-21,"0,09",150.0
2009-08-21,"0,06",200.0
2009-08-21,"0,05",250.0
2009-08-27,"1,80",0.0
2009-08-27,"1,73",5.0
2009-08-27,"1,77",10.0
2009-08-27,"0,45",25.0
2009-08-27,"0,20",50.0
2009-08-27,"0,11",100.0
2009-08-27,"0,09",150.0
2009-08-27,"0,07",200.0
2009-08-27,"0,05",250.0
2009-09-05,"1,35",0.0
2009-09-05,"1,37",5.0
2009-09-05,"1,14",10.0
2009-09-05,"0,93",25.0
2009-09-05,"0,23",50.0
2009-09-05,"0,09",100.0
2009-09-05,"0,05",150.0
2009-09-05,"0,10",200.0
2009-09-05,"0,06",250.0
2009-09-28,"0,99",0.0
2009-09-28,"1,20",5.0
2009-09-28,"1,07",10.0
2009-09-28,"1,01",25.0
2009-09-28,"1,14",50.0
2009-09-28,"0,37",100.0
2009-09-28,"0,08",150.0
2009-09-28,"0,07",200.0
2009-09-28,"0,09",250.0
2009-10-08,"1,48",0.0
2009-10-08,"1,02",5.0
2009-10-08,"1,19",10.0
2009-10-08,"0,83",25.0
2009-10-08,"1,20",50.0
2009-10-08,"0,40",100.0
2009-10-08,"0,56",150.0
2009-10-08,"0,27",200.0
2009-10-08,"0,15",250.0
2009-10-16,"1,14",0.0
2009-10-16,"0,93",5.0
2009-10-16,"0,92",10.0
2009-10-16,"1,00",25.0
2009-10-16,"0,86",50.0
2009-10-16,"0,20",100.0
2009-10-16,"0,06",150.0
2009-10-16,"0,11",200.0
2009-10-16,"0,06",250.0
2009-10-22,"1,04",0.0
2009-10-22,"1,20",5.0
2009-10-22,"1,12",10.0
2009-10-22,"1,15",25.0
2009-10-22,"0,63",50.0
2009-10-22,"0,09",100.0
2009-10-22,"0,05",150.0
2009-10-22,"0,06",200.0
2009-10-22,"0,06",250.0
2009-11-02,"0,72",0.0
2009-11-02,"0,70",5.0
2009-11-02,"0,66",10.0
2009-11-02,"0,72",25.0
2009-11-02,"0,72",50.0
2009-11-02,"0,31",100.0
2009-11-02,"0,10",150.0
2009-11-02,"0,07",200.0
2009-11-02,"0,03",250.0
2009-11-12,"0,44",0.0
2009-11-12,"0,39",5.0
2009-11-12,"0,39",10.0
2009-11-12,"0,34",25.0
2009-11-12,"0,42",50.0
2009-11-12,"0,34",100.0
2009-11-12,"0,23",150.0
2009-11-12,"0,09",200.0
2009-11-12,"0,07",250.0
2009-11-26,"0,22",0.0
2009-11-26,"0,26",5.0
2009-11-26,"0,20",10.0
2009-11-26,"0,21",25.0
2009-11-26,"0,15",50.0
2009-11-26,"0,31",100.0
2009-11-26,"0,17",150.0
2009-11-26,"0,20",200.0
2009-11-26,"0,21",250.0
2009-12-06,"0,15",0.0
2009-12-06,"0,29",5.0
2009-12-06,"0,21",10.0
2009-12-06,"0,18",25.0
2009-12-06,"0,16",50.0
2009-12-06,"0,18",100.0
2009-12-06,"0,18",150.0
2009-12-06,"0,10",200.0
2009-12-06,"0,14",250.0
2009-12-13,"0,24",0.0
2009-12-13,"0,22",5.0
2009-12-13,"0,18",10.0
2009-12-13,"0,18",25.0
2009-12-13,"0,18",50.0
2009-12-13,"0,16",100.0
2009-12-13,"0,13",150.0
2009-12-13,"0,09",200.0
2009-12-13,"0,10",250.0
2010-02-17,"0,93",0.0
2010-02-17,"0,83",5.0
2010-02-17,"0,81",10.0
2010-02-17,"0,36",25.0
2010-02-17,"0,14",50.0
2010-02-17,"0,03",100.0
2010-02-17,"0,06",150.0
2010-02-17,"0,05",200.0
2010-02-17,"0,00",250.0
2010-02-26,"0,07",0.0
2010-02-26,"1,09",5.0
2010-02-26,"1,03",10.0
2010-02-26,"0,91",25.0
2010-02-26,"0,16",50.0
2010-02-26,"0,10",100.0
2010-02-26,"0,00",150.0
2010-02-26,"0,01",200.0
2010-02-26,"0,00",250.0
2010-03-16,"1,12",0.0
2010-03-16,"1,47",5.0
2010-03-16,"1,80",10.0
2010-03-16,"0,69",25.0
2010-03-16,"0,18",50.0
2010-03-16,"0,07",100.0
2010-03-16,"0,01",150.0
2010-03-16,"0,06",200.0
2010-03-16,"0,03",250.0
2010-03-24,"1,74",0.0
2010-03-24,"2,41",5.0
2010-03-24,"2,28",10.0
2010-03-24,"2,56",25.0
2010-03-24,"1,00",50.0
2010-03-24,"0,10",100.0
2010-03-24,"0,06",150.0
2010-03-24,"0,03",200.0
2010-03-24,"0,04",250.0
2010-03-30,"2,79",0.0
2010-03-30,"3,18",5.0
2010-03-30,"3,06",10.0
2010-03-30,"2,41",25.0
2010-03-30,"0,11",50.0
2010-03-30,"0,09",100.0
2010-03-30,"0,06",150.0
2010-03-30,"0,05",200.0
2010-03-30,"0,01",250.0
2010-05-31,"1,31",0.0
2010-05-31,"1,08",5.0
2010-05-31,"1,29",10.0
2010-05-31,"1,08",25.0
2010-05-31,"1,18",50.0
2010-05-31,"1,00",100.0
2010-05-31,"0,01",150.0
2010-05-31,"0,01",200.0
2010-05-31,"0,03",250.0
2010-06-07,"1,35",0.0
2010-06-07,"1,37",5.0
2010-06-07,"1,49",10.0
2010-06-07,"1,46",25.0
2010-06-07,"1,22",50.0
2010-06-07,"1,13",100.0
2010-06-07,"0,48",150.0
2010-06-07,"0,10",200.0
2010-06-07,"0,03",250.0
2010-06-15,"0,87",0.0
2010-06-15,"0,91",5.0
2010-06-15,"1,02",10.0
2010-06-15,"0,99",25.0
2010-06-15,"1,00",50.0
2010-06-15,"1,00",100.0
2010-06-15,"0,26",150.0
2010-06-15,"0,05",200.0
2010-06-15,"0,00",250.0
2010-06-21,"0,51",0.0
2010-06-21,"0,63",5.0
2010-06-21,"0,59",10.0
2010-06-21,"0,62",25.0
2010-06-21,"0,66",50.0
2010-06-21,"0,57",100.0
2010-06-21,"0,47",150.0
2010-06-21,"0,13",200.0
2010-06-21,"0,01",250.0
2010-06-28,"0,40",0.0
2010-06-28,"0,41",5.0
2010-06-28,"0,45",10.0
2010-06-28,"0,45",25.0
2010-06-28,"0,45",50.0
2010-06-28,"0,44",100.0
2010-06-28,"0,39",150.0
2010-06-28,"0,37",200.0
2010-06-28,"0,42",250.0
2010-07-07,"0,18",0.0
2010-07-07,"0,28",5.0
2010-07-07,"0,30",10.0
2010-07-07,"0,31",25.0
2010-07-07,"0,28",50.0
2010-07-07,"0,31",100.0
2010-07-07,"0,25",150.0
2010-07-07,"0,26",200.0
2010-07-07,"0,27",250.0
2010-07-13,"0,75",0.0
2010-07-13,"1,24",5.0
2010-07-13,"1,32",10.0
2010-07-13,"1,29",25.0
2010-07-13,"1,46",50.0
2010-07-13,"1,00",100.0
2010-07-13,"0,31",150.0
2010-07-13,"0,26",200.0
2010-07-13,"0,19",250.0
2010-07-19,"0,60",0.0
2010-07-19,"0,90",5.0
2010-07-19,"0,72",10.0
2010-07-19,"0,79",25.0
2010-07-19,"0,62",50.0
2010-07-19,"0,36",100.0
2010-07-19,"0,24",150.0
2010-07-19,"0,19",200.0
2010-07-19,"0,17",250.0
2010-07-31,"0,49",0.0
2010-07-31,"0,57",5.0
2010-07-31,"0,51",10.0
2010-07-31,"0,46",25.0
2010-07-31,"0,30",50.0
2010-07-31,"0,31",100.0
2010-07-31,"0,10",150.0
2010-07-31,"0,17",200.0
2010-07-31,"0,07",250.0
2010-08-05,"1,21",0.0
2010-08-05,"1,06",5.0
2010-08-05,"1,16",10.0
2010-08-05,"0,54",25.0
2010-08-05,"0,35",50.0
2010-08-05,"0,17",100.0
2010-08-05,"0,11",150.0
2010-08-05,"0,44",200.0
2010-08-05,"0,09",250.0
2010-08-10,"0,77",0.0
2010-08-10,"1,38",5.0
2010-08-10,"1,39",10.0
2010-08-10,"1,32",25.0
2010-08-10,"0,43",50.0
2010-08-10,"0,59",100.0
2010-08-10,"0,29",150.0
2010-08-10,"0,35",200.0
2010-08-10,"0,11",250.0
2010-08-20,"1,62",0.0
2010-08-20,"1,72",5.0
2010-08-20,"1,33",10.0
2010-08-20,"0,59",25.0
2010-08-20,"0,19",50.0
2010-08-20,"0,91",100.0
2010-08-20,"0,15",150.0
2010-08-20,"0,24",200.0
2010-08-20,"0,06",250.0
2010-08-24,"1,84",0.0
2010-08-24,"1,91",5.0
2010-08-24,"2,01",10.0
2010-08-24,"1,71",25.0
2010-08-24,"1,77",50.0
2010-08-24,"0,51",100.0
2010-08-24,"0,14",150.0
2010-08-24,"0,15",200.0
2010-08-24,"0,17",250.0
2010-09-10,"1,77",0.0
2010-09-10,"1,69",5.0
2010-09-10,"2,01",10.0
2010-09-10,"1,90",25.0
2010-09-10,"0,75",50.0
2010-09-10,"0,19",100.0
2010-09-10,"0,08",150.0
2010-09-10,"0,17",200.0
2010-09-10,"0,12",250.0
2010-09-17,"1,84",0.0
2010-09-17,"1,89",5.0
2010-09-17,"1,74",10.0
2010-09-17,"1,67",25.0
2010-09-17,"1,65",50.0
2010-09-17,"0,33",100.0
2010-09-17,"0,11",150.0
2010-09-17,"0,13",200.0
2010-09-17,"0,09",250.0
2010-09-30,"1,59",0.0
2010-09-30,"1,62",5.0
2010-09-30,"1,66",10.0
2010-09-30,"1,67",25.0
2010-09-30,"1,47",50.0
2010-09-30,"0,19",100.0
2010-09-30,"0,10",150.0
2010-09-30,"0,07",200.0
2010-09-30,"0,08",250.0
2010-10-27,"1,22",0.0
2010-10-27,"1,23",5.0
2010-10-27,"1,14",10.0
2010-10-27,"1,21",25.0
2010-10-27,"1,19",50.0
2010-10-27,"1,14",100.0
2010-10-27,"0,44",150.0
2010-10-27,"0,11",200.0
2010-10-27,"0,04",250.0
2010-11-03,"0,92",0.0
2010-11-03,"0,89",5.0
2010-11-03,"0,88",10.0
2010-11-03,"0,97",25.0
2010-11-03,"0,92",50.0
2010-11-03,"0,54",100.0
2010-11-03,"0,01",150.0
2010-11-03,"0,08",200.0
2010-11-03,"0,07",250.0
2010-11-09,"1,04",0.0
2010-11-09,"0,98",5.0
2010-11-09,"0,96",10.0
2010-11-09,"0,91",25.0
2010-11-09,"0,95",50.0
2010-11-09,"0,84",100.0
2010-11-09,"0,81",150.0
2010-11-09,"0,25",200.0
2010-11-09,"0,13",250.0
2010-11-17,"0,64",0.0
2010-11-17,"0,59",5.0
2010-11-17,"0,54",10.0
2010-11-17,"0,64",25.0
2010-11-17,"0,62",50.0
2010-11-17,"0,60",100.0
2010-11-17,"0,48",150.0
2010-11-17,"0,19",200.0
2010-11-17,"0,10",250.0
2010-11-30,"0,25",0.0
2010-11-30,"0,28",5.0
2010-11-30,"0,25",10.0
2010-11-30,"0,26",25.0
2010-11-30,"0,30",50.0
2010-11-30,"0,28",100.0
2010-11-30,"0,23",150.0
2010-11-30,"0,28",200.0
2010-11-30,"0,22",250.0
2010-12-07,"0,26",0.0
2010-12-07,"0,32",5.0
2010-12-07,"0,25",10.0
2010-12-07,"0,18",25.0
2010-12-07,"0,23",50.0
2010-12-07,"0,22",100.0
2010-12-07,"0,22",150.0
2010-12-07,"0,18",200.0
2010-12-07,"0,23",250.0
2010-12-17,"0,11",0.0
2010-12-17,"0,13",5.0
2010-12-17,"0,11",10.0
2010-12-17,"0,12",25.0
2010-12-17,"0,08",50.0
2010-12-17,"0,11",100.0
2010-12-17,"0,10",150.0
2010-12-17,"0,13",200.0
2010-12-17,"0,06",250.0
2011-02-10,"0,80",0.0
2011-02-10,"0,96",5.0
2011-02-10,"0,73",10.0
2011-02-10,"0,34",25.0
2011-02-10,"0,12",50.0
2011-02-10,"0,11",100.0
2011-02-10,"0,08",150.0
2011-02-10,"0,10",200.0
2011-02-10,"0,11",250.0
2011-02-16,"0,80",0.0
2011-02-16,"0,83",5.0
2011-02-16,"0,72",10.0
2011-02-16,"0,21",25.0
2011-02-16,"0,15",50.0
2011-02-16,"0,09",100.0
2011-02-16,"0,06",150.0
2011-02-16,"0,06",200.0
2011-02-16,"0,05",250.0
2011-02-24,"1,07",0.0
2011-02-24,"1,07",5.0
2011-02-24,"0,86",10.0
2011-02-24,"0,32",25.0
2011-02-24,"0,11",50.0
2011-02-24,"0,07",100.0
2011-02-24,"0,03",150.0
2011-02-24,"0,03",200.0
2011-02-24,"0,06",250.0
2011-03-03,"1,09",0.0
2011-03-03,"1,21",5.0
2011-03-03,"1,05",10.0
2011-03-03,"0,37",25.0
2011-03-03,"0,15",50.0
2011-03-03,"0,06",100.0
2011-03-03,"0,04",150.0
2011-03-03,"0,14",200.0
2011-03-03,"0,03",250.0
2011-03-10,"2,74",0.0
2011-03-10,"1,74",5.0
2011-03-10,"1,46",10.0
2011-03-10,"1,08",25.0
2011-03-10,"0,10",50.0
2011-03-10,"0,08",100.0
2011-03-10,"0,03",150.0
2011-03-10,"0,03",200.0
2011-03-10,"0,03",250.0
2011-03-17,"3,30",0.0
2011-03-17,"1,43",5.0
2011-03-17,"1,24",10.0
2011-03-17,"0,49",25.0
2011-03-17,"0,11",50.0
2011-03-17,"0,04",100.0
2011-03-17,"0,04",150.0
2011-03-17,"0,03",200.0
2011-03-17,"0,04",250.0
2011-03-25,"18,16",0.0
2011-03-25,"2,07",5.0
2011-03-25,"1,73",10.0
2011-03-25,"1,38",25.0
2011-03-25,"0,12",50.0
2011-03-25,"0,03",100.0
2011-03-25,"0,01",150.0
2011-03-25,"0,01",200.0
2011-03-25,"0,05",250.0
2011-04-01,"4,56",0.0
2011-04-01,"0,92",5.0
2011-04-01,"0,97",10.0
2011-04-01,"0,39",25.0
2011-04-01,"0,07",50.0
2011-04-01,"0,07",100.0
2011-04-01,"0,04",150.0
2011-04-01,"0,03",200.0
2011-04-01,"0,04",250.0
2011-05-27,"0,43",0.0
2011-05-27,"0,56",5.0
2011-05-27,"0,62",10.0
2011-05-27,"0,62",25.0
2011-05-27,"0,56",50.0
2011-05-27,"0,66",100.0
2011-05-27,"0,39",150.0
2011-05-27,"0,02",200.0
2011-05-27,"0,02",250.0
2011-06-02,"0,52",0.0
2011-06-02,"0,54",5.0
2011-06-02,"0,56",10.0
2011-06-02,"0,56",25.0
2011-06-02,"0,50",50.0
2011-06-02,"0,60",100.0
2011-06-02,"0,52",150.0
2011-06-02,"0,45",200.0
2011-06-02,"0,13",250.0
2011-06-10,"1,03",0.0
2011-06-10,"1,10",5.0
2011-06-10,"1,16",10.0
2011-06-10,"1,10",25.0
2011-06-10,"0,71",50.0
2011-06-10,"0,60",100.0
2011-06-10,"0,65",150.0
2011-06-10,"0,37",200.0
2011-06-10,"0,51",250.0
2011-06-16,"0,56",0.0
2011-06-16,"0,62",5.0
2011-06-16,"0,60",10.0
2011-06-16,"0,60",25.0
2011-06-16,"0,65",50.0
2011-06-16,"0,55",100.0
2011-06-16,"0,50",150.0
2011-06-16,"0,48",200.0
2011-06-16,"0,53",250.0
2011-06-23,"0,69",0.0
2011-06-23,"0,83",5.0
2011-06-23,"0,90",10.0
2011-06-23,"0,84",25.0
2011-06-23,"1,12",50.0
2011-06-23,"0,79",100.0
2011-06-23,"0,63",150.0
2011-06-23,"0,74",200.0
2011-06-23,"0,11",250.0
2011-07-04,"0,39",0.0
2011-07-04,"0,38",5.0
2011-07-04,"0,51",10.0
2011-07-04,"0,54",25.0
2011-07-04,"0,39",50.0
2011-07-04,"0,45",100.0
2011-07-04,"0,43",150.0
2011-07-04,"0,43",200.0
2011-07-04,"0,40",250.0
2011-07-11,"0,32",0.0
2011-07-11,"0,34",5.0
2011-07-11,"0,29",10.0
2011-07-11,"0,37",25.0
2011-07-11,"0,32",50.0
2011-07-11,"0,30",100.0
2011-07-11,"0,29",150.0
2011-07-11,"0,32",200.0
2011-07-11,"0,29",250.0
2011-07-21,"1,38",0.0
2011-07-21,"1,82",5.0
2011-07-21,"1,45",10.0
2011-07-21,"0,85",25.0
2011-07-21,"0,82",50.0
2011-07-21,"0,39",100.0
2011-07-21,"0,21",150.0
2011-07-21,"0,14",200.0
2011-07-21,"0,15",250.0
2011-07-28,"0,53",0.0
2011-07-28,"0,72",5.0
2011-07-28,"0,72",10.0
2011-07-28,"0,73",25.0
2011-07-28,"0,75",50.0
2011-07-28,"0,24",100.0
2011-07-28,"0,11",150.0
2011-07-28,"0,09",200.0
2011-07-28,"0,13",250.0
2011-08-10,"1,66",0.0
2011-08-10,"1,27",5.0
2011-08-10,"1,74",10.0
2011-08-10,"1,54",25.0
2011-08-10,"1,32",50.0
2011-08-10,"0,39",100.0
2011-08-10,"0,22",150.0
2011-08-10,"0,17",200.0
2011-08-10,"0,15",250.0
2011-08-24,"1,15",0.0
2011-08-24,"1,28",5.0
2011-08-24,"0,99",10.0
2011-08-24,"0,40",25.0
2011-08-24,"0,34",50.0
2011-08-24,"0,17",100.0
2011-08-24,"0,09",150.0
2011-08-24,"0,18",200.0
2011-08-24,"0,14",250.0
2011-09-05,"1,24",0.0
2011-09-05,"1,21",5.0
2011-09-05,"1,29",10.0
2011-09-05,"0,71",25.0
2011-09-05,"0,22",50.0
2011-09-05,"0,85",100.0
2011-09-05,"0,29",150.0
2011-09-05,"0,14",200.0
2011-09-05,"0,11",250.0
2011-09-19,"1,00",0.0
2011-09-19,"1,07",5.0
2011-09-19,"1,08",10.0
2011-09-19,"0,36",25.0
2011-09-19,"0,21",50.0
2011-09-19,"0,17",100.0
2011-09-19,"0,13",150.0
2011-09-19,"0,13",200.0
2011-09-19,"0,17",250.0
2011-09-29,"1,59",0.0
2011-09-29,"1,66",5.0
2011-09-29,"1,65",10.0
2011-09-29,"1,08",25.0
2011-09-29,"0,54",50.0
2011-09-29,"0,30",100.0
2011-09-29,"0,12",150.0
2011-09-29,"0,09",200.0
2011-09-29,"0,11",250.0
2011-10-05,"1,04",0.0
2011-10-05,"1,08",5.0
2011-10-05,"1,11",10.0
2011-10-05,"0,93",25.0
2011-10-05,"1,09",50.0
2011-10-05,"0,18",100.0
2011-10-05,"0,13",150.0
2011-10-05,"0,10",200.0
2011-10-05,"0,05",250.0
2011-10-11,"0,84",0.0
2011-10-11,"0,88",5.0
2011-10-11,"1,09",10.0
2011-10-11,"1,00",25.0
2011-10-11,"0,58",50.0
2011-10-11,"0,10",100.0
2011-10-11,"0,07",150.0
2011-10-11,"0,07",200.0
2011-10-11,"0,05",250.0
2011-10-18,"0,98",0.0
2011-10-18,"1,02",5.0
2011-10-18,"1,20",10.0
2011-10-18,"1,05",25.0
2011-10-18,"0,33",50.0
2011-10-18,"0,06",100.0
2011-10-18,"0,05",150.0
2011-10-18,"0,07",200.0
2011-10-18,"0,05",250.0
2011-10-25,"0,52",0.0
2011-10-25,"0,66",5.0
2011-10-25,"0,74",10.0
2011-10-25,"0,73",25.0
2011-10-25,"0,64",50.0
2011-10-25,"0,08",100.0
2011-10-25,"0,09",150.0
2011-10-25,"0,06",200.0
2011-10-25,"0,05",250.0
2011-10-25,"0,05",250.0
2011-11-09,"0,59",0.0
2011-11-09,"0,51",5.0
2011-11-09,"0,56",10.0
2011-11-09,"0,57",25.0
2011-11-09,"0,63",50.0
2011-11-09,"0,59",100.0
2011-11-09,"0,31",150.0
2011-11-09,"0,03",200.0
2011-11-09,"0,03",250.0
2011-11-20,"0,43",0.0
2011-11-20,"0,42",5.0
2011-11-20,"0,40",10.0
2011-11-20,"0,43",25.0
2011-11-20,"0,37",50.0
2011-11-20,"0,43",100.0
2011-11-20,"0,37",150.0
2011-11-20,"0,22",200.0
2011-11-20,"0,07",250.0
2011-11-20,"0,07",250.0
2011-11-28,"0,31",0.0
2011-11-28,"0,28",5.0
2011-11-28,"0,32",10.0
2011-11-28,"0,33",25.0
2011-11-28,"0,32",50.0
2011-11-28,"0,33",100.0
2011-11-28,"0,35",150.0
2011-11-28,"0,27",200.0
2011-11-28,"0,20",250.0
2011-12-11,"0,24",0.0
2011-12-11,"0,20",5.0
2011-12-11,"0,17",10.0
2011-12-11,"0,17",25.0
2011-12-11,"0,23",50.0
2011-12-11,"0,22",100.0
2011-12-11,"0,16",150.0
2011-12-11,"0,20",200.0
2011-12-11,"0,19",250.0
2011-12-21,"0,11",0.0
2011-12-21,"0,07",5.0
2011-12-21,"0,09",10.0
2011-12-21,"0,11",25.0
2011-12-21,"0,12",50.0
2011-12-21,"0,08",100.0
2011-12-21,"0,10",150.0
2011-12-21,"0,16",200.0
2011-12-21,"0,10",250.0
2012-02-20,"2,32",0.0
2012-02-20,"2,18",5.0
2012-02-20,"1,64",10.0
2012-02-20,"0,66",25.0
2012-02-20,"0,16",50.0
2012-02-20,"0,02",100.0
2012-02-20,"0,04",150.0
2012-02-20,"0,03",200.0
2012-02-20,"0,05",250.0
2012-03-01,"4,27",0.0
2012-03-01,"2,99",5.0
2012-03-01,"2,61",10.0
2012-03-01,"1,42",25.0
2012-03-01,"0,17",50.0
2012-03-01,"0,07",100.0
2012-03-01,"0,01",150.0
2012-03-01,"0,00",200.0
2012-03-01,"0,07",250.0
2012-03-11,"2,44",0.0
2012-03-11,"2,44",5.0
2012-03-11,"2,42",10.0
2012-03-11,"1,07",25.0
2012-03-11,"0,18",50.0
2012-03-11,"0,11",100.0
2012-03-11,"0,04",150.0
2012-03-11,"0,07",200.0
2012-03-11,"0,04",250.0
2012-03-21,"1,80",0.0
2012-03-21,"1,30",5.0
2012-03-21,"2,26",10.0
2012-03-21,"0,92",25.0
2012-03-21,"0,20",50.0
2012-03-21,"0,08",100.0
2012-03-21,"0,06",150.0
2012-03-21,"0,04",200.0
2012-03-21,"0,03",250.0
2012-05-16,"1,27",0.0
2012-05-16,"1,20",5.0
2012-05-16,"1,38",10.0
2012-05-16,"1,23",25.0
2012-05-16,"1,17",50.0
2012-05-16,"0,68",100.0
2012-05-16,"0,16",150.0
2012-05-16,"0,05",200.0
2012-05-16,"0,05",250.0
2012-06-06,"0,17",0.0
2012-06-06,"0,19",5.0
2012-06-06,"0,19",10.0
2012-06-06,"0,17",25.0
2012-06-06,"0,19",50.0
2012-06-06,"0,18",100.0
2012-06-06,"0,19",150.0
2012-06-06,"0,15",200.0
2012-06-06,"0,14",250.0
2012-06-13,"0,19",0.0
2012-06-13,"0,25",5.0
2012-06-13,"0,23",10.0
2012-06-13,"0,20",25.0
2012-06-13,"0,33",50.0
2012-06-13,"0,35",100.0
2012-06-13,"0,27",150.0
2012-06-13,"0,33",200.0
2012-06-13,"0,33",250.0
2012-06-18,"0,32",0.0
2012-06-18,"0,47",5.0
2012-06-18,"0,51",10.0
2012-06-18,"0,53",25.0
2012-06-18,"0,48",50.0
2012-06-18,"0,46",100.0
2012-06-18,"0,41",150.0
2012-06-18,"0,27",200.0
2012-06-18,"0,18",250.0
2012-06-25,"0,30",0.0
2012-06-25,"0,36",5.0
2012-06-25,"0,31",10.0
2012-06-25,"0,36",25.0
2012-06-25,"0,27",50.0
2012-06-25,"0,28",100.0
2012-06-25,"0,32",150.0
2012-06-25,"0,21",200.0
2012-06-25,"0,21",250.0
2012-07-02,"0,38",0.0
2012-07-02,"0,57",5.0
2012-07-02,"0,44",10.0
2012-07-02,"0,30",25.0
2012-07-02,"0,34",50.0
2012-07-02,"0,22",100.0
2012-07-02,"0,22",150.0
2012-07-02,"0,16",200.0
2012-07-02,"0,25",250.0
2012-07-09,"0,93",0.0
2012-07-09,"0,73",5.0
2012-07-09,"1,00",10.0
2012-07-09,"1,19",25.0
2012-07-09,"0,37",50.0
2012-07-09,"0,22",100.0
2012-07-09,"0,12",150.0
2012-07-09,"0,10",200.0
2012-07-09,"0,16",250.0
2012-07-19,"1,23",0.0
2012-07-19,"1,56",5.0
2012-07-19,"1,39",10.0
2012-07-19,"1,47",25.0
2012-07-19,"0,61",50.0
2012-07-19,"0,27",100.0
2012-07-19,"0,21",150.0
2012-07-19,"0,14",200.0
2012-07-19,"0,14",250.0
2012-07-23,"0,76",0.0
2012-07-23,"0,75",5.0
2012-07-23,"0,51",10.0
2012-07-23,"0,31",25.0
2012-07-23,"0,25",50.0
2012-07-23,"0,22",100.0
2012-07-23,"0,21",150.0
2012-07-23,"0,15",200.0
2012-07-23,"0,28",250.0
2012-07-31,"0,93",0.0
2012-07-31,"1,14",5.0
2012-07-31,"1,14",10.0
2012-07-31,"0,84",25.0
2012-07-31,"0,27",50.0
2012-07-31,"0,20",100.0
2012-07-31,"0,12",150.0
2012-07-31,"0,08",200.0
2012-07-31,"0,07",250.0
2012-08-06,"1,53",0.0
2012-08-06,"1,60",5.0
2012-08-06,"1,73",10.0
2012-08-06,"1,64",25.0
2012-08-06,"0,48",50.0
2012-08-06,"0,14",100.0
2012-08-06,"0,20",150.0
2012-08-06,"0,13",200.0
2012-08-06,"0,12",250.0
2012-08-17,"1,10",0.0
2012-08-17,"1,46",5.0
2012-08-17,"1,50",10.0
2012-08-17,"1,39",25.0
2012-08-17,"0,83",50.0
2012-08-17,"0,14",100.0
2012-08-17,"0,14",150.0
2012-08-17,"0,12",200.0
2012-08-17,"0,11",250.0
2012-08-23,"1,63",0.0
2012-08-23,"1,10",5.0
2012-08-23,"1,88",10.0
2012-08-23,"1,73",25.0
2012-08-23,"0,33",50.0
2012-08-23,"0,16",100.0
2012-08-23,"0,14",150.0
2012-08-23,"0,11",200.0
2012-08-23,"0,10",250.0
2012-09-02,"1,02",0.0
2012-09-02,"0,99",5.0
2012-09-02,"1,14",10.0
2012-09-02,"0,77",25.0
2012-09-02,"0,73",50.0
2012-09-02,"0,12",100.0
2012-09-02,"0,09",150.0
2012-09-02,"0,11",200.0
2012-09-02,"0,08",250.0
2012-09-25,"1,28",0.0
2012-09-25,"1,22",5.0
2012-09-25,"1,21",10.0
2012-09-25,"1,36",25.0
2012-09-25,"0,87",50.0
2012-09-25,"0,14",100.0
2012-09-25,"0,17",150.0
2012-09-25,"0,05",200.0
2012-09-25,"0,06",250.0
2012-10-04,"1,01",0.0
2012-10-04,"1,48",5.0
2012-10-04,"1,42",10.0
2012-10-04,"0,52",25.0
2012-10-04,"0,24",50.0
2012-10-04,"0,14",100.0
2012-10-04,"0,01",150.0
2012-10-04,"0,01",200.0
2012-10-04,"0,01",250.0
2012-10-17,"1,09",0.0
2012-10-17,"1,03",5.0
2012-10-17,"1,03",10.0
2012-10-17,"0,83",25.0
2012-10-17,"0,11",50.0
2012-10-17,"0,11",100.0
2012-10-17,"0,07",150.0
2012-10-17,"0,07",200.0
2012-10-17,"0,08",250.0
2012-11-07,"1,08",0.0
2012-11-07,"0,93",5.0
2012-11-07,"0,96",10.0
2012-11-07,"0,91",25.0
2012-11-07,"0,87",50.0
2012-11-07,"0,82",100.0
2012-11-07,"0,71",150.0
2012-11-07,"0,22",200.0
2012-11-07,"0,13",250.0
2012-11-16,"0,47",0.0
2012-11-16,"0,45",5.0
2012-11-16,"0,45",10.0
2012-11-16,"0,45",25.0
2012-11-16,"0,46",50.0
2012-11-16,"0,44",100.0
2012-11-16,"0,41",150.0
2012-11-16,"0,23",200.0
2012-11-16,"0,12",250.0
2012-11-22,"0,45",0.0
2012-11-22,"0,47",5.0
2012-11-22,"0,45",10.0
2012-11-22,"0,46",25.0
2012-11-22,"0,43",50.0
2012-11-22,"0,38",100.0
2012-11-22,"0,28",150.0
2012-11-22,"0,15",200.0
2012-11-22,"0,06",250.0
2012-12-05,"0,14",0.0
2012-12-05,"0,14",5.0
2012-12-05,"0,20",10.0
2012-12-05,"0,14",25.0
2012-12-05,"0,18",50.0
2012-12-05,"0,16",100.0
2012-12-05,"0,23",150.0
2012-12-05,"0,11",200.0
2012-12-05,"0,19",250.0
2012-12-12,"0,32",0.0
2012-12-12,"0,15",5.0
2012-12-12,"0,17",10.0
2012-12-12,"0,19",25.0
2012-12-12,"0,28",50.0
2012-12-12,"0,29",100.0
2012-12-12,"0,19",150.0
2012-12-12,"0,72",200.0
2012-12-12,"0,58",250.0
2013-02-01,"0,54",0.0
2013-02-01,"0,76",5.0
2013-02-01,"0,62",10.0
2013-02-01,"0,40",25.0
2013-02-01,"0,15",50.0
2013-02-01,"0,10",100.0
2013-02-01,"0,05",150.0
2013-02-01,"0,13",200.0
2013-02-01,"0,11",250.0
2013-02-11,"0,56",0.0
2013-02-11,"0,75",5.0
2013-02-11,"0,89",10.0
2013-02-11,"0,72",25.0
2013-02-11,"0,27",50.0
2013-02-11,"0,10",100.0
2013-02-11,"0,06",150.0
2013-02-11,"0,05",200.0
2013-02-11,"0,03",250.0
2013-02-18,"0,88",0.0
2013-02-18,"1,04",5.0
2013-02-18,"0,94",10.0
2013-02-18,"0,87",25.0
2013-02-18,"0,30",50.0
2013-02-18,"0,01",100.0
2013-02-18,"0,10",150.0
2013-02-18,"0,06",200.0
2013-02-18,"0,07",250.0
2013-02-25,"1,06",0.0
2013-02-25,"1,09",5.0
2013-02-25,"1,21",10.0
2013-02-25,"0,79",25.0
2013-02-25,"0,22",50.0
2013-02-25,"0,11",100.0
2013-02-25,"0,07",150.0
2013-02-25,"0,11",200.0
2013-02-25,"0,09",250.0
2013-03-13,"9,02",0.0
2013-03-13,"1,44",5.0
2013-03-13,"1,39",10.0
2013-03-13,"1,35",25.0
2013-03-13,"0,28",50.0
2013-03-13,"0,12",100.0
2013-03-13,"0,10",150.0
2013-03-13,"0,12",200.0
2013-03-13,"0,13",250.0
2013-03-25,"6,15",0.0
2013-03-25,"1,21",5.0
2013-03-25,"1,20",10.0
2013-03-25,"1,27",25.0
2013-03-25,"1,24",50.0
2013-03-25,"0,11",100.0
2013-03-25,"0,11",150.0
2013-03-25,"0,07",200.0
2013-03-25,"0,11",250.0
2013-04-04,"17,98",0.0
2013-04-04,"1,12",5.0
2013-04-04,"1,17",10.0
2013-04-04,"1,17",25.0
2013-04-04,"1,25",50.0
2013-04-04,"0,07",100.0
2013-04-04,"0,07",150.0
2013-04-04,"0,07",200.0
2013-04-04,"0,12",250.0
2013-05-21,"1,76",0.0
2013-05-21,"1,83",5.0
2013-05-21,"2,15",10.0
2013-05-21,"1,89",25.0
2013-05-21,"2,03",50.0
2013-05-21,"1,64",100.0
2013-05-21,"0,11",150.0
2013-05-21,"0,11",200.0
2013-05-21,"0,11",250.0
2013-06-04,"0,94",0.0
2013-06-04,"1,04",5.0
2013-06-04,"0,94",10.0
2013-06-04,"0,86",25.0
2013-06-04,"0,87",50.0
2013-06-04,"1,03",100.0
2013-06-04,"0,98",150.0
2013-06-04,"0,79",200.0
2013-06-04,"0,56",250.0
2013-06-17,"0,65",0.0
2013-06-17,"0,68",5.0
2013-06-17,"0,63",10.0
2013-06-17,"0,68",25.0
2013-06-17,"0,52",50.0
2013-06-17,"0,59",100.0
2013-06-17,"0,62",150.0
2013-06-17,"0,63",200.0
2013-06-17,"0,65",250.0
2013-06-24,"0,57",0.0
2013-06-24,"0,64",5.0
2013-06-24,"0,67",10.0
2013-06-24,"0,68",25.0
2013-06-24,"0,59",50.0
2013-06-24,"0,55",100.0
2013-06-24,"0,47",150.0
2013-06-24,"0,58",200.0
2013-06-24,"0,63",250.0
2013-07-03,"1,05",0.0
2013-07-03,"1,15",5.0
2013-07-03,"0,89",10.0
2013-07-03,"0,96",25.0
2013-07-03,"0,96",50.0
2013-07-03,"0,41",100.0
2013-07-03,"0,58",150.0
2013-07-03,"0,29",200.0
2013-07-03,"0,21",250.0
2013-07-09,"0,81",0.0
2013-07-09,"0,61",5.0
2013-07-09,"1,02",10.0
2013-07-09,"0,50",25.0
2013-07-09,"0,44",50.0
2013-07-09,"0,36",100.0
2013-07-09,"0,33",150.0
2013-07-09,"0,31",200.0
2013-07-09,"0,24",250.0
2013-07-16,"0,94",0.0
2013-07-16,"1,01",5.0
2013-07-16,"1,33",10.0
2013-07-16,"0,93",25.0
2013-07-16,"0,63",50.0
2013-07-16,"0,37",100.0
2013-07-16,"0,25",150.0
2013-07-16,"0,16",200.0
2013-07-16,"0,17",250.0
2013-07-26,"2,30",0.0
2013-07-26,"2,19",5.0
2013-07-26,"2,75",10.0
2013-07-26,"2,37",25.0
2013-07-26,"0,53",50.0
2013-07-26,"0,20",100.0
2013-07-26,"0,23",150.0
2013-07-26,"0,12",200.0
2013-07-26,"0,14",250.0
2013-07-31,"1,44",0.0
2013-07-31,"1,97",5.0
2013-07-31,"2,84",10.0
2013-07-31,"1,06",25.0
2013-07-31,"0,37",50.0
2013-07-31,"0,20",100.0
2013-07-31,"0,17",150.0
2013-07-31,"0,17",200.0
2013-07-31,"0,17",250.0
2013-08-06,"1,70",0.0
2013-08-06,"1,59",5.0
2013-08-06,"1,10",10.0
2013-08-06,"0,44",25.0
2013-08-06,"0,22",50.0
2013-08-06,"0,20",100.0
2013-08-06,"0,13",150.0
2013-08-06,"0,02",200.0
2013-08-06,"0,16",250.0
2013-08-13,"1,47",0.0
2013-08-13,"1,72",5.0
2013-08-13,"1,47",10.0
2013-08-13,"0,65",25.0
2013-08-13,"0,28",50.0
2013-08-13,"0,17",100.0
2013-08-13,"0,13",150.0
2013-08-13,"0,10",200.0
2013-08-13,"0,19",250.0
2013-08-22,"1,50",0.0
2013-08-22,"1,90",5.0
2013-08-22,"1,89",10.0
2013-08-22,"0,96",25.0
2013-08-22,"0,25",50.0
2013-08-22,"0,19",100.0
2013-08-22,"0,15",150.0
2013-08-22,"0,13",200.0
2013-08-22,"0,13",250.0
2013-08-27,"1,35",0.0
2013-08-27,"1,37",5.0
2013-08-27,"1,65",10.0
2013-08-27,"1,81",25.0
2013-08-27,"1,19",50.0
2013-08-27,"0,15",100.0
2013-08-27,"0,19",150.0
2013-08-27,"0,10",200.0
2013-08-27,"0,14",250.0
2013-09-04,"1,35",0.0
2013-09-04,"1,56",5.0
2013-09-04,"1,60",10.0
2013-09-04,"1,67",25.0
2013-09-04,"0,74",50.0
2013-09-04,"0,20",100.0
2013-09-04,"0,15",150.0
2013-09-04,"0,13",200.0
2013-09-04,"0,15",250.0
2013-09-13,"1,43",0.0
2013-09-13,"1,36",5.0
2013-09-13,"1,45",10.0
2013-09-13,"1,49",25.0
2013-09-13,"0,78",50.0
2013-09-13,"0,23",100.0
2013-09-13,"0,17",150.0
2013-09-13,"0,12",200.0
2013-09-13,"0,15",250.0
2013-10-01,"1,22",0.0
2013-10-01,"1,60",5.0
2013-10-01,"1,74",10.0
2013-10-01,"0,67",25.0
2013-10-01,"0,92",50.0
2013-10-01,"0,71",100.0
2013-10-01,"0,41",150.0
2013-10-01,"0,07",200.0
2013-10-01,"0,18",250.0
2013-10-09,"1,22",0.0
2013-10-09,"1,28",5.0
2013-10-09,"1,37",10.0
2013-10-09,"1,29",25.0
2013-10-09,"1,12",50.0
2013-10-09,"1,03",100.0
2013-10-09,"0,31",150.0
2013-10-09,"0,16",200.0
2013-10-09,"0,12",250.0
2013-10-16,"1,16",0.0
2013-10-16,"0,94",5.0
2013-10-16,"0,93",10.0
2013-10-16,"0,80",25.0
2013-10-16,"0,42",50.0
2013-10-16,"1,20",100.0
2013-10-16,"0,94",150.0
2013-10-16,"0,19",200.0
2013-10-16,"0,08",250.0
2013-10-24,"0,91",0.0
2013-10-24,"0,85",5.0
2013-10-24,"0,84",10.0
2013-10-24,"0,81",25.0
2013-10-24,"0,84",50.0
2013-10-24,"0,80",100.0
2013-10-24,"0,52",150.0
2013-10-24,"0,28",200.0
2013-10-24,"0,11",250.0
2013-10-29,"0,63",0.0
2013-10-29,"0,66",5.0
2013-10-29,"0,64",10.0
2013-10-29,"0,63",25.0
2013-10-29,"0,70",50.0
2013-10-29,"0,73",100.0
2013-10-29,"0,61",150.0
2013-10-29,"0,52",200.0
2013-10-29,"0,23",250.0
2013-11-05,"0,70",0.0
2013-11-05,"0,51",5.0
2013-11-05,"0,53",10.0
2013-11-05,"0,60",25.0
2013-11-05,"0,52",50.0
2013-11-05,"0,51",100.0
2013-11-05,"0,33",150.0
2013-11-05,"0,17",200.0
2013-11-05,"0,09",250.0
2013-11-13,"0,10",0.0
2013-11-13,"0,14",5.0
2013-11-13,"0,11",10.0
2013-11-13,"0,11",25.0
2013-11-13,"0,12",50.0
2013-11-13,"0,09",100.0
2013-11-13,"0,10",150.0
2013-11-13,"0,07",200.0
2013-11-13,"0,10",250.0
2013-11-21,"0,51",0.0
2013-11-21,"0,37",5.0
2013-11-21,"0,40",10.0
2013-11-21,"0,45",25.0
2013-11-21,"0,35",50.0
2013-11-21,"0,40",100.0
2013-11-21,"0,39",150.0
2013-11-21,"0,43",200.0
2013-11-21,"0,37",250.0
2013-12-02,"0,18",0.0
2013-12-02,"0,12",5.0
2013-12-02,"0,15",10.0
2013-12-02,"0,15",25.0
2013-12-02,"0,12",50.0
2013-12-02,"0,17",100.0
2013-12-02,"0,09",150.0
2013-12-02,"0,12",200.0
2013-12-02,"0,05",250.0
2013-12-09,"0,22",0.0
2013-12-09,"0,16",5.0
2013-12-09,"0,18",10.0
2013-12-09,"0,17",25.0
2013-12-09,"0,19",50.0
2013-12-09,"0,18",100.0
2013-12-09,"0,17",150.0
2013-12-09,"0,13",200.0
2013-12-09,"0,22",250.0
2013-12-25,"0,20",0.0
2013-12-25,"0,29",5.0
2013-12-25,"0,28",10.0
2013-12-25,"0,26",25.0
2013-12-25,"0,27",50.0
2013-12-25,"0,18",100.0
2013-12-25,"0,36",150.0
2013-12-25,"0,13",200.0
2013-12-25,"0,44",250.0
2014-01-14,"0,21",0.0
2014-01-14,,5.0
2014-01-14,"0,18",10.0
2014-01-14,"0,20",25.0
2014-01-14,"0,12",50.0
2014-01-14,"0,08",100.0
2014-01-14,"0,07",150.0
2014-01-14,"0,07",200.0
2014-01-14,"0,08",250.0
2014-02-26,"1,25",0.0
2014-02-26,"1,16",5.0
2014-02-26,"1,41",10.0
2014-02-26,"1,28",25.0
2014-02-26,"0,21",50.0
2014-02-26,"0,10",100.0
2014-02-26,"0,07",150.0
2014-02-26,"0,05",200.0
2014-02-26,"0,06",250.0
2014-03-06,"1,61",0.0
2014-03-06,"1,72",5.0
2014-03-06,"1,61",10.0
2014-03-06,"1,68",25.0
2014-03-06,"0,21",50.0
2014-03-06,"0,03",100.0
2014-03-06,"0,04",150.0
2014-03-06,"0,00",200.0
2014-03-06,"0,04",250.0
2014-03-13,"1,97",0.0
2014-03-13,"2,17",5.0
2014-03-13,"2,33",10.0
2014-03-13,"2,21",25.0
2014-03-13,"0,16",50.0
2014-03-13,"0,09",100.0
2014-03-13,"0,03",150.0
2014-03-13,"0,03",200.0
2014-03-13,"0,03",250.0
2014-03-19,"1,48",0.0
2014-03-19,"3,07",5.0
2014-03-19,"3,18",10.0
2014-03-19,"2,70",25.0
2014-03-19,"0,46",50.0
2014-03-19,"0,10",100.0
2014-03-19,"0,05",150.0
2014-03-19,"0,01",200.0
2014-03-19,"0,06",250.0
2014-05-16,"2,76",0.0
2014-05-16,"3,05",5.0
2014-05-16,"2,96",10.0
2014-05-16,"2,97",25.0
2014-05-16,"2,70",50.0
2014-05-16,"2,58",100.0
2014-05-16,"2,11",150.0
2014-05-16,"1,05",200.0
2014-05-16,"0,78",250.0
2014-05-26,"1,72",0.0
2014-05-26,"1,72",5.0
2014-05-26,"1,61",10.0
2014-05-26,"2,12",25.0
2014-05-26,"2,17",50.0
2014-05-26,"1,80",100.0
2014-05-26,"1,24",150.0
2014-05-26,"0,88",200.0
2014-05-26,"0,72",250.0
2014-06-03,"1,63",0.0
2014-06-03,"1,74",5.0
2014-06-03,"1,74",10.0
2014-06-03,"1,76",25.0
2014-06-03,"1,57",50.0
2014-06-03,"1,52",100.0
2014-06-03,"1,71",150.0
2014-06-03,"1,38",200.0
2014-06-03,"1,05",250.0
2014-06-10,"1,48",0.0
2014-06-10,"1,58",5.0
2014-06-10,"1,72",10.0
2014-06-10,"1,79",25.0
2014-06-10,"1,78",50.0
2014-06-10,"1,62",100.0
2014-06-10,"1,02",150.0
2014-06-10,"1,50",200.0
2014-06-10,"1,62",250.0
2014-06-17,"1,19",0.0
2014-06-17,"1,19",5.0
2014-06-17,"1,30",10.0
2014-06-17,"1,24",25.0
2014-06-17,"1,23",50.0
2014-06-17,"1,23",100.0
2014-06-17,"0,40",150.0
2014-06-17,"0,53",200.0
2014-06-17,"0,96",250.0
2014-06-24,"1,84",0.0
2014-06-24,"1,69",5.0
2014-06-24,"1,59",10.0
2014-06-24,"1,78",25.0
2014-06-24,"1,79",50.0
2014-06-24,"1,53",100.0
2014-06-24,"1,07",150.0
2014-06-24,"0,88",200.0
2014-06-24,"1,16",250.0
2014-07-01,"1,26",0.0
2014-07-01,"2,01",5.0
2014-07-01,"2,22",10.0
2014-07-01,"1,22",25.0
2014-07-01,"1,06",50.0
2014-07-01,"1,16",100.0
2014-07-01,"0,81",150.0
2014-07-01,"0,73",200.0
2014-07-01,"0,81",250.0
2014-07-08,"0,80",0.0
2014-07-08,"0,87",5.0
2014-07-08,"0,97",10.0
2014-07-08,"0,97",25.0
2014-07-08,"0,95",50.0
2014-07-08,"0,92",100.0
2014-07-08,"0,73",150.0
2014-07-08,"0,74",200.0
2014-07-08,"0,49",250.0
2014-07-15,"0,39",0.0
2014-07-15,"0,16",5.0
2014-07-15,"0,20",10.0
2014-07-15,"0,50",25.0
2014-07-15,"0,83",50.0
2014-07-15,"0,51",100.0
2014-07-15,"0,48",150.0
2014-07-15,"0,54",200.0
2014-07-15,"0,55",250.0
2014-07-23,"0,32",0.0
2014-07-23,"0,47",5.0
2014-07-23,"0,49",10.0
2014-07-23,"1,29",25.0
2014-07-23,"1,02",50.0
2014-07-23,"0,47",100.0
2014-07-23,"0,34",150.0
2014-07-23,"0,43",200.0
2014-07-23,"0,51",250.0
2014-08-04,"1,14",0.0
2014-08-04,"1,11",5.0
2014-08-04,"1,62",10.0
2014-08-04,"0,64",25.0
2014-08-04,"0,43",50.0
2014-08-04,"0,32",100.0
2014-08-04,"0,26",150.0
2014-08-04,"0,21",200.0
2014-08-04,"0,33",250.0
2014-08-13,"0,49",0.0
2014-08-13,"0,83",5.0
2014-08-13,"1,70",10.0
2014-08-13,"0,87",25.0
2014-08-13,"0,44",50.0
2014-08-13,"0,30",100.0
2014-08-13,"0,19",150.0
2014-08-13,"0,11",200.0
2014-08-13,"0,36",250.0
2014-08-19,"0,58",0.0
2014-08-19,"0,70",5.0
2014-08-19,"0,69",10.0
2014-08-19,"2,02",25.0
2014-08-19,"0,29",50.0
2014-08-19,"0,19",100.0
2014-08-19,"0,16",150.0
2014-08-19,"0,14",200.0
2014-08-19,"0,55",250.0
2014-08-26,"0,68",0.0
2014-08-26,"0,84",5.0
2014-08-26,"1,27",10.0
2014-08-26,"0,98",25.0
2014-08-26,"0,40",50.0
2014-08-26,"0,13",100.0
2014-08-26,"0,11",150.0
2014-08-26,"0,12",200.0
2014-08-26,"0,17",250.0
2014-09-03,"0,70",0.0
2014-09-03,"0,78",5.0
2014-09-03,"0,92",10.0
2014-09-03,"1,02",25.0
2014-09-03,"0,30",50.0
2014-09-03,"0,11",100.0
2014-09-03,"0,13",150.0
2014-09-03,"0,07",200.0
2014-09-03,"0,18",250.0
2014-09-09,"1,01",0.0
2014-09-09,"1,05",5.0
2014-09-09,"1,11",10.0
2014-09-09,"1,07",25.0
2014-09-09,"0,17",50.0
2014-09-09,"0,12",100.0
2014-09-09,"0,13",150.0
2014-09-09,"0,23",200.0
2014-09-09,"0,39",250.0
2014-09-16,"0,75",0.0
2014-09-16,"0,91",5.0
2014-09-16,"1,15",10.0
2014-09-16,"0,75",25.0
2014-09-16,"0,18",50.0
2014-09-16,"0,11",100.0
2014-09-16,"0,10",150.0
2014-09-16,"0,19",200.0
2014-09-16,"1,45",250.0
2014-09-24,"1,21",0.0
2014-09-24,"1,17",5.0
2014-09-24,"1,09",10.0
2014-09-24,"1,13",25.0
2014-09-24,"0,25",50.0
2014-09-24,"0,12",100.0
2014-09-24,"0,08",150.0
2014-09-24,"0,10",200.0
2014-09-24,"0,75",250.0
2014-10-03,"1,23",0.0
2014-10-03,"1,21",5.0
2014-10-03,"1,33",10.0
2014-10-03,"0,97",25.0
2014-10-03,"1,29",50.0
2014-10-03,"0,12",100.0
2014-10-03,"0,08",150.0
2014-10-03,"0,11",200.0
2014-10-03,"0,69",250.0
2014-10-13,"1,14",0.0
2014-10-13,"1,01",5.0
2014-10-13,"1,01",10.0
2014-10-13,"1,00",25.0
2014-10-13,"0,81",50.0
2014-10-13,"0,14",100.0
2014-10-13,"0,06",150.0
2014-10-13,"0,07",200.0
2014-10-13,"0,21",250.0
2014-10-22,"0,93",0.0
2014-10-22,"0,86",5.0
2014-10-22,"0,86",10.0
2014-10-22,"0,86",25.0
2014-10-22,"0,84",50.0
2014-10-22,"0,81",100.0
2014-10-22,"0,33",150.0
2014-10-22,"0,12",200.0
2014-10-22,"0,09",250.0
2014-10-29,"0,94",0.0
2014-10-29,"0,90",5.0
2014-10-29,"0,81",10.0
2014-10-29,"0,82",25.0
2014-10-29,"0,81",50.0
2014-10-29,"0,80",100.0
2014-10-29,"0,60",150.0
2014-10-29,"0,21",200.0
2014-10-29,"0,20",250.0
2014-11-05,"0,90",0.0
2014-11-05,"0,82",5.0
2014-11-05,"0,91",10.0
2014-11-05,"0,89",25.0
2014-11-05,"0,84",50.0
2014-11-05,"0,34",100.0
2014-11-05,"0,33",150.0
2014-11-05,"0,25",200.0
2014-11-05,"0,37",250.0
2014-11-12,"0,70",0.0
2014-11-12,"0,68",5.0
2014-11-12,"0,65",10.0
2014-11-12,"0,53",25.0
2014-11-12,"0,19",50.0
2014-11-12,"0,17",100.0
2014-11-12,"0,09",150.0
2014-11-12,"0,04",200.0
2014-11-12,"0,13",250.0
2014-12-08,"0,12",0.0
2014-12-08,"0,11",5.0
2014-12-08,"0,11",10.0
2014-12-08,"0,15",25.0
2014-12-08,"0,22",50.0
2014-12-08,"0,16",100.0
2014-12-08,"0,18",150.0
2014-12-08,"0,19",200.0
2014-12-08,"0,39",250.0
2014-12-17,"0,11",0.0
2014-12-17,"0,15",5.0
2014-12-17,"0,09",10.0
2014-12-17,"0,14",25.0
2014-12-17,"0,16",50.0
2014-12-17,"0,14",100.0
2014-12-17,"0,12",150.0
2014-12-17,"0,14",200.0
2014-12-17,"0,13",250.0
2015-03-12,"0,64",0.0
2015-03-12,"0,87",5.0
2015-03-12,"0,92",10.0
2015-03-12,"0,92",25.0
2015-03-12,"0,34",50.0
2015-03-12,"0,09",100.0
2015-03-12,"0,07",150.0
2015-03-12,"0,04",200.0
2015-03-12,"0,00",250.0
2015-03-19,"0,73",0.0
2015-03-19,"0,82",5.0
2015-03-19,"0,78",10.0
2015-03-19,"0,75",25.0
2015-03-19,"0,36",50.0
2015-03-19,"0,05",100.0
2015-03-19,"0,04",150.0
2015-03-19,"0,00",200.0
2015-03-19,"0,00",250.0
2015-03-24,"3,13",0.0
2015-03-24,"0,80",5.0
2015-03-24,"0,82",10.0
2015-03-24,"0,94",25.0
2015-03-24,"0,41",50.0
2015-03-24,"0,04",100.0
2015-03-24,"0,03",150.0
2015-03-24,"0,00",200.0
2015-03-24,"0,03",250.0
2015-05-14,"1,02",0.0
2015-05-14,"0,95",5.0
2015-05-14,"1,04",10.0
2015-05-14,"0,86",25.0
2015-05-14,"0,91",50.0
2015-05-14,"0,51",100.0
2015-05-14,"0,08",150.0
2015-05-14,"0,08",200.0
2015-05-14,"0,04",250.0
2015-05-28,"0,52",0.0
2015-05-28,"0,48",5.0
2015-05-28,"0,56",10.0
2015-05-28,"0,58",25.0
2015-05-28,"0,67",50.0
2015-05-28,"0,47",100.0
2015-05-28,"0,26",150.0
2015-05-28,"0,25",200.0
2015-05-28,"0,08",250.0
2015-06-05,"0,47",0.0
2015-06-05,"0,42",5.0
2015-06-05,"0,43",10.0
2015-06-05,"0,49",25.0
2015-06-05,"0,46",50.0
2015-06-05,"0,36",100.0
2015-06-05,"0,33",150.0
2015-06-05,"0,39",200.0
2015-06-05,"2,20",250.0
2015-06-15,"0,42",0.0
2015-06-15,"0,41",5.0
2015-06-15,"0,43",10.0
2015-06-15,"0,46",25.0
2015-06-15,"0,47",50.0
2015-06-15,"0,43",100.0
2015-06-15,"0,45",150.0
2015-06-15,"0,37",200.0
2015-06-15,"3,30",250.0
2015-06-24,"0,35",0.0
2015-06-24,"0,36",5.0
2015-06-24,"0,41",10.0
2015-06-24,"0,40",25.0
2015-06-24,"0,37",50.0
2015-06-24,"0,34",100.0
2015-06-24,"0,31",150.0
2015-06-24,"0,33",200.0
2015-06-24,"0,77",250.0
2015-07-01,"0,50",0.0
2015-07-01,"0,64",5.0
2015-07-01,"0,61",10.0
2015-07-01,"0,60",25.0
2015-07-01,"0,45",50.0
2015-07-01,"0,33",100.0
2015-07-01,"0,28",150.0
2015-07-01,"0,22",200.0
2015-07-01,"1,29",250.0
2015-07-15,"0,50",0.0
2015-07-15,"0,46",5.0
2015-07-15,"0,59",10.0
2015-07-15,"0,43",25.0
2015-07-15,"0,35",50.0
2015-07-15,"0,29",100.0
2015-07-15,"0,26",150.0
2015-07-15,"0,19",200.0
2015-07-15,"0,14",250.0
2015-08-04,"1,95",0.0
2015-08-04,"2,03",5.0
2015-08-04,"2,25",10.0
2015-08-04,"0,47",25.0
2015-08-04,"0,22",50.0
2015-08-04,"0,15",100.0
2015-08-04,"0,17",150.0
2015-08-04,"0,18",200.0
2015-08-04,"0,15",250.0
2015-08-13,"0,79",0.0
2015-08-13,"1,01",5.0
2015-08-13,"1,77",10.0
2015-08-13,"1,15",25.0
2015-08-13,"0,32",50.0
2015-08-13,"0,12",100.0
2015-08-13,"0,10",150.0
2015-08-13,"0,13",200.0
2015-08-13,"0,11",250.0
2015-08-24,"0,77",0.0
2015-08-24,"1,03",5.0
2015-08-24,"0,98",10.0
2015-08-24,"0,87",25.0
2015-08-24,"0,61",50.0
2015-08-24,"0,09",100.0
2015-08-24,"0,09",150.0
2015-08-24,"0,12",200.0
2015-08-24,"0,18",250.0
2015-08-31,"1,00",0.0
2015-08-31,"1,09",5.0
2015-08-31,"0,85",10.0
2015-08-31,"0,60",25.0
2015-08-31,"0,29",50.0
2015-08-31,"0,10",100.0
2015-08-31,"0,11",150.0
2015-08-31,"0,10",200.0
2015-08-31,"0,12",250.0
2015-09-08,"0,95",0.0
2015-09-08,"0,97",5.0
2015-09-08,"0,92",10.0
2015-09-08,"0,75",25.0
2015-09-08,"0,38",50.0
2015-09-08,"0,08",100.0
2015-09-08,"0,06",150.0
2015-09-08,"0,06",200.0
2015-09-08,"0,67",250.0
2015-09-15,"1,61",0.0
2015-09-15,"1,60",5.0
2015-09-15,"1,64",10.0
2015-09-15,"0,50",25.0
2015-09-15,"0,25",50.0
2015-09-15,"0,14",100.0
2015-09-15,"0,10",150.0
2015-09-15,"0,09",200.0
2015-09-15,"0,16",250.0
2015-09-28,"1,22",0.0
2015-09-28,"1,23",5.0
2015-09-28,"1,25",10.0
2015-09-28,"1,28",25.0
2015-09-28,"0,85",50.0
2015-09-28,"0,15",100.0
2015-09-28,"0,27",150.0
2015-09-28,"0,20",200.0
2015-09-28,"1,43",250.0
2015-10-05,"1,73",0.0
2015-10-05,"1,93",5.0
2015-10-05,"1,79",10.0
2015-10-05,"1,73",25.0
2015-10-05,"1,56",50.0
2015-10-05,"0,11",100.0
2015-10-05,"0,11",150.0
2015-10-05,"0,12",200.0
2015-10-05,"0,24",250.0
2015-10-13,"1,71",0.0
2015-10-13,"1,43",5.0
2015-10-13,"1,49",10.0
2015-10-13,"1,29",25.0
2015-10-13,"1,60",50.0
2015-10-13,"0,19",100.0
2015-10-13,"0,26",150.0
2015-10-13,"0,14",200.0
2015-10-13,"0,66",250.0
2015-10-19,"1,44",0.0
2015-10-19,"1,41",5.0
2015-10-19,"1,33",10.0
2015-10-19,"1,32",25.0
2015-10-19,"1,40",50.0
2015-10-19,"0,10",100.0
2015-10-19,"0,18",150.0
2015-10-19,"0,12",200.0
2015-10-19,"0,63",250.0
2015-10-26,"1,43",0.0
2015-10-26,"1,40",5.0
2015-10-26,"1,44",10.0
2015-10-26,"1,37",25.0
2015-10-26,"1,40",50.0
2015-10-26,"0,93",100.0
2015-10-26,"0,13",150.0
2015-10-26,"0,08",200.0
2015-10-26,"0,58",250.0
2015-11-12,"0,87",0.0
2015-11-12,"0,85",5.0
2015-11-12,"0,88",10.0
2015-11-12,"0,82",25.0
2015-11-12,"0,76",50.0
2015-11-12,"0,40",100.0
2015-11-12,"0,15",150.0
2015-11-12,"0,10",200.0
2015-11-12,"1,32",250.0
2015-12-11,"0,34",0.0
2015-12-11,"0,36",5.0
2015-12-11,"0,33",10.0
2015-12-11,"0,30",25.0
2015-12-11,"0,28",50.0
2015-12-11,"0,23",100.0
2015-12-11,"0,23",150.0
2015-12-11,"0,20",200.0
2015-12-11,"0,55",250.0
2016-02-19,"1,39",0.0
2016-02-19,"1,51",5.0
2016-02-19,"1,36",10.0
2016-02-19,"0,80",25.0
2016-02-19,"0,22",50.0
2016-02-19,"0,07",100.0
2016-02-19,"0,04",150.0
2016-02-19,"0,04",200.0
2016-02-19,"0,15",250.0
2016-02-25,"1,20",0.0
2016-02-25,"1,42",5.0
2016-02-25,"1,30",10.0
2016-02-25,"0,39",25.0
2016-02-25,"0,29",50.0
2016-02-25,"0,09",100.0
2016-02-25,"0,06",150.0
2016-02-25,"0,03",200.0
2016-02-25,"0,11",250.0
2016-03-03,"1,09",0.0
2016-03-03,"1,26",5.0
2016-03-03,"1,49",10.0
2016-03-03,"0,67",25.0
2016-03-03,"0,20",50.0
2016-03-03,"0,06",100.0
2016-03-03,"0,05",150.0
2016-03-03,"0,06",200.0
2016-03-03,"0,16",250.0
2016-03-11,"1,53",0.0
2016-03-11,"1,84",5.0
2016-03-11,"1,76",10.0
2016-03-11,"0,53",25.0
2016-03-11,"0,22",50.0
2016-03-11,"0,06",100.0
2016-03-11,"0,07",150.0
2016-03-11,"0,05",200.0
2016-03-11,"0,11",250.0
2016-03-16,"3,35",0.0
2016-03-16,"2,21",5.0
2016-03-16,"2,09",10.0
2016-03-16,"1,29",25.0
2016-03-16,"0,45",50.0
2016-03-16,"0,05",100.0
2016-03-16,"0,06",150.0
2016-03-16,"0,07",200.0
2016-03-16,"0,14",250.0
2016-03-23,"1,05",0.0
2016-03-23,"1,70",5.0
2016-03-23,"1,74",10.0
2016-03-23,"1,71",25.0
2016-03-23,"0,27",50.0
2016-03-23,"0,07",100.0
2016-03-23,"0,07",150.0
2016-03-23,"0,05",200.0
2016-03-23,"0,19",250.0
2016-05-16,"0,85",0.0
2016-05-16,"1,02",5.0
2016-05-16,"0,83",10.0
2016-05-16,"1,02",25.0
2016-05-16,"0,73",50.0
2016-05-16,"0,27",100.0
2016-05-16,"0,29",150.0
2016-05-16,"0,36",200.0
2016-05-16,"0,25",250.0
2016-05-23,"0,25",0.0
2016-05-23,"0,22",5.0
2016-05-23,"0,49",10.0
2016-05-23,"0,28",25.0
2016-05-23,"0,32",50.0
2016-05-23,"0,26",100.0
2016-05-23,"0,23",150.0
2016-05-23,"0,26",200.0
2016-05-23,"0,57",250.0
2016-05-31,"0,19",0.0
2016-05-31,"0,23",5.0
2016-05-31,"0,29",10.0
2016-05-31,"0,23",25.0
2016-05-31,"0,39",50.0
2016-05-31,"0,50",100.0
2016-05-31,"0,23",150.0
2016-05-31,"0,17",200.0
2016-05-31,"0,19",250.0
2016-06-05,"0,20",0.0
2016-06-05,"0,21",5.0
2016-06-05,"0,24",10.0
2016-06-05,"0,22",25.0
2016-06-05,"0,24",50.0
2016-06-05,"0,23",100.0
2016-06-05,"0,25",150.0
2016-06-05,"0,23",200.0
2016-06-05,"0,25",250.0
2016-06-15,"0,19",0.0
2016-06-15,"0,20",5.0
2016-06-15,"0,21",10.0
2016-06-15,"0,22",25.0
2016-06-15,"0,18",50.0
2016-06-15,"0,19",100.0
2016-06-15,"0,14",150.0
2016-06-15,"0,15",200.0
2016-06-15,"0,19",250.0
2016-06-22,"0,95",0.0
2016-06-22,"1,00",5.0
2016-06-22,"0,95",10.0
2016-06-22,"0,99",25.0
2016-06-22,"0,25",50.0
2016-06-22,"0,20",100.0
2016-06-22,"0,13",150.0
2016-06-22,"0,14",200.0
2016-06-22,"0,15",250.0
2016-06-29,"0,26",0.0
2016-06-29,"0,49",5.0
2016-06-29,"0,43",10.0
2016-06-29,"0,33",25.0
2016-06-29,"0,25",50.0
2016-06-29,"0,13",100.0
2016-06-29,"0,10",150.0
2016-06-29,"0,12",200.0
2016-06-29,"0,07",250.0
2016-07-06,"0,55",0.0
2016-07-06,"0,66",5.0
2016-07-06,"0,68",10.0
2016-07-06,"0,59",25.0
2016-07-06,"0,40",50.0
2016-07-06,"0,13",100.0
2016-07-06,"0,09",150.0
2016-07-06,"0,11",200.0
2016-07-06,"0,09",250.0
2016-07-13,"0,39",0.0
2016-07-13,"0,33",5.0
2016-07-13,"0,40",10.0
2016-07-13,"0,35",25.0
2016-07-13,"0,23",50.0
2016-07-13,"0,14",100.0
2016-07-13,"0,10",150.0
2016-07-13,"0,09",200.0
2016-07-13,"0,09",250.0
2016-07-20,"0,99",0.0
2016-07-20,"1,16",5.0
2016-07-20,"1,06",10.0
2016-07-20,"0,88",25.0
2016-07-20,"0,13",50.0
2016-07-20,"0,03",100.0
2016-07-20,"0,23",150.0
2016-07-20,"0,05",200.0
2016-07-20,"0,04",250.0
2016-07-27,"0,84",0.0
2016-07-27,"1,10",5.0
2016-07-27,"1,12",10.0
2016-07-27,"0,92",25.0
2016-07-27,"0,46",50.0
2016-07-27,"0,16",100.0
2016-07-27,"0,16",150.0
2016-07-27,"0,11",200.0
2016-07-27,"0,10",250.0
2016-08-03,"0,82",0.0
2016-08-03,"0,81",5.0
2016-08-03,"0,73",10.0
2016-08-03,"1,59",25.0
2016-08-03,"0,06",50.0
2016-08-03,"0,12",100.0
2016-08-03,"0,12",150.0
2016-08-03,"0,11",200.0
2016-08-03,"0,09",250.0
2016-08-09,"0,58",0.0
2016-08-09,"0,68",5.0
2016-08-09,"0,80",10.0
2016-08-09,"0,86",25.0
2016-08-09,"0,05",50.0
2016-08-09,"0,09",100.0
2016-08-09,"0,09",150.0
2016-08-09,"0,08",200.0
2016-08-09,"0,08",250.0
2016-08-18,"1,18",0.0
2016-08-18,"1,27",5.0
2016-08-18,"1,15",10.0
2016-08-18,"0,98",25.0
2016-08-18,"0,28",50.0
2016-08-18,"0,16",100.0
2016-08-18,"0,18",150.0
2016-08-18,"0,05",200.0
2016-08-18,"0,05",250.0
2016-08-25,"1,21",0.0
2016-08-25,"1,21",5.0
2016-08-25,"1,06",10.0
2016-08-25,"0,56",25.0
2016-08-25,"0,25",50.0
2016-08-25,"0,14",100.0
2016-08-25,"0,12",150.0
2016-08-25,"0,09",200.0
2016-08-25,"0,07",250.0
2016-09-06,"0,26",0.0
2016-09-06,"0,26",5.0
2016-09-06,"0,30",10.0
2016-09-06,"0,25",25.0
2016-09-06,"0,15",50.0
2016-09-06,"0,11",100.0
2016-09-06,"0,08",150.0
2016-09-06,"0,07",200.0
2016-09-06,"0,09",250.0
2016-09-13,"0,78",0.0
2016-09-13,"1,06",5.0
2016-09-13,"0,87",10.0
2016-09-13,"0,84",25.0
2016-09-13,"0,17",50.0
2016-09-13,"0,08",100.0
2016-09-13,"0,10",150.0
2016-09-13,"0,10",200.0
2016-09-13,"0,16",250.0
2016-09-20,"0,81",0.0
2016-09-20,"0,87",5.0
2016-09-20,"0,98",10.0
2016-09-20,"0,93",25.0
2016-09-20,"0,83",50.0
2016-09-20,"0,09",100.0
2016-09-20,"0,13",150.0
2016-09-20,"0,09",200.0
2016-09-20,"0,09",250.0
2016-09-27,"1,13",0.0
2016-09-27,"1,03",5.0
2016-09-27,"1,02",10.0
2016-09-27,"1,12",25.0
2016-09-27,"1,18",50.0
2016-09-27,"0,18",100.0
2016-09-27,"0,14",150.0
2016-09-27,"0,08",200.0
2016-09-27,"0,10",250.0
2016-10-06,"1,26",0.0
2016-10-06,"1,23",5.0
2016-10-06,"1,33",10.0
2016-10-06,"1,17",25.0
2016-10-06,"0,96",50.0
2016-10-06,"0,13",100.0
2016-10-06,"0,18",150.0
2016-10-06,"0,08",200.0
2016-10-06,"0,09",250.0
2016-10-17,"1,29",0.0
2016-10-17,"1,23",5.0
2016-10-17,"1,22",10.0
2016-10-17,"1,20",25.0
2016-10-17,"1,17",50.0
2016-10-17,"0,10",100.0
2016-10-17,"0,14",150.0
2016-10-17,"0,09",200.0
2016-10-17,"0,06",250.0
2016-10-24,"1,01",0.0
2016-10-24,"1,08",5.0
2016-10-24,"1,16",10.0
2016-10-24,"1,00",25.0
2016-10-24,"1,12",50.0
2016-10-24,"0,42",100.0
2016-10-24,"0,11",150.0
2016-10-24,"0,11",200.0
2016-10-24,"0,06",250.0
2016-11-01,"0,71",0.0
2016-11-01,"0,92",5.0
2016-11-01,"0,94",10.0
2016-11-01,"0,86",25.0
2016-11-01,"0,68",50.0
2016-11-01,"0,41",100.0
2016-11-01,"0,14",150.0
2016-11-01,"0,09",200.0
2016-11-01,"0,08",250.0
2016-11-10,"0,69",0.0
2016-11-10,"0,64",5.0
2016-11-10,"0,72",10.0
2016-11-10,"0,71",25.0
2016-11-10,"0,76",50.0
2016-11-10,"0,56",100.0
2016-11-10,"0,13",150.0
2016-11-10,"0,09",200.0
2016-11-10,"0,08",250.0
2016-11-15,"0,60",0.0
2016-11-15,"0,65",5.0
2016-11-15,"0,65",10.0
2016-11-15,"0,81",25.0
2016-11-15,"0,72",50.0
2016-11-15,"0,71",100.0
2016-11-15,"0,60",150.0
2016-11-15,"0,57",200.0
2016-11-15,"0,40",250.0
2016-11-22,"0,12",0.0
2016-11-22,"0,12",5.0
2016-11-22,"0,12",10.0
2016-11-22,"0,16",25.0
2016-11-22,"0,18",50.0
2016-11-22,"0,20",100.0
2016-11-22,"0,15",150.0
2016-11-22,"0,11",200.0
2016-11-22,"0,11",250.0
2016-12-06,"0,19",0.0
2016-12-06,"0,22",5.0
2016-12-06,"0,23",10.0
2016-12-06,"0,26",25.0
2016-12-06,"0,19",50.0
2016-12-06,"0,17",100.0
2016-12-06,"0,19",150.0
2016-12-06,"0,17",200.0
2016-12-06,"0,17",250.0
2017-02-17,"1,79",0.0
2017-02-17,"1,64",5.0
2017-02-17,"1,81",10.0
2017-02-17,"1,78",25.0
2017-02-17,"0,34",50.0
2017-02-17,"0,12",100.0
2017-02-17,"0,06",150.0
2017-02-17,"0,06",200.0
2017-02-17,"0,06",250.0
2017-02-22,"3,80",0.0
2017-02-22,"1,98",5.0
2017-02-22,"2,09",10.0
2017-02-22,"2,02",25.0
2017-02-22,"0,28",50.0
2017-02-22,"0,16",100.0
2017-02-22,"0,08",150.0
2017-02-22,"0,08",200.0
2017-02-22,"0,05",250.0
2017-03-02,"1,92",0.0
2017-03-02,"2,09",5.0
2017-03-02,"2,16",10.0
2017-03-02,"1,92",25.0
2017-03-02,"0,31",50.0
2017-03-02,"0,08",100.0
2017-03-02,"0,05",150.0
2017-03-02,"0,03",200.0
2017-03-02,"0,07",250.0
2017-03-09,"1,87",0.0
2017-03-09,"1,74",5.0
2017-03-09,"1,55",10.0
2017-03-09,"1,47",25.0
2017-03-09,"0,25",50.0
2017-03-09,"0,08",100.0
2017-03-09,"0,05",150.0
2017-03-09,"0,06",200.0
2017-03-09,"0,06",250.0
2017-03-15,"1,03",0.0
2017-03-15,"1,69",5.0
2017-03-15,"1,66",10.0
2017-03-15,"1,41",25.0
2017-03-15,"0,19",50.0
2017-03-15,"0,08",100.0
2017-03-15,"0,05",150.0
2017-03-15,"0,05",200.0
2017-03-15,"0,04",250.0
2017-03-21,"0,88",0.0
2017-03-21,"1,52",5.0
2017-03-21,"1,70",10.0
2017-03-21,"1,01",25.0
2017-03-21,"0,20",50.0
2017-03-21,"0,05",100.0
2017-03-21,"0,05",150.0
2017-03-21,"0,05",200.0
2017-03-21,"0,05",250.0
2017-03-26,"0,79",0.0
2017-03-26,"1,25",5.0
2017-03-26,"1,42",10.0
2017-03-26,"1,00",25.0
2017-03-26,"0,21",50.0
2017-03-26,"0,08",100.0
2017-03-26,"0,02",150.0
2017-03-26,"0,00",200.0
2017-03-26,"0,00",250.0
2017-05-19,"0,98",0.0
2017-05-19,"1,08",5.0
2017-05-19,"1,26",10.0
2017-05-19,"0,06",25.0
2017-05-19,"0,98",50.0
2017-05-19,"0,34",100.0
2017-05-19,"0,19",150.0
2017-05-19,"0,32",200.0
2017-05-19,"0,24",250.0
2017-06-07,"0,46",0.0
2017-06-07,"0,44",5.0
2017-06-07,"0,41",10.0
2017-06-07,"0,42",25.0
2017-06-07,"0,38",50.0
2017-06-07,"0,44",100.0
2017-06-07,"0,50",150.0
2017-06-07,"0,40",200.0
2017-06-07,"0,31",250.0
2017-06-20,"0,31",0.0
2017-06-20,"0,38",5.0
2017-06-20,"0,41",10.0
2017-06-20,"0,49",25.0
2017-06-20,"0,32",50.0
2017-06-20,"0,24",100.0
2017-06-20,"0,22",150.0
2017-06-20,"0,22",200.0
2017-06-20,"0,23",250.0
2017-07-05,"0,67",0.0
2017-07-05,"0,94",5.0
2017-07-05,"0,95",10.0
2017-07-05,"1,11",25.0
2017-07-05,"0,55",50.0
2017-07-05,"0,21",100.0
2017-07-05,"0,20",150.0
2017-07-05,"0,16",200.0
2017-07-05,"0,19",250.0
2017-07-13,"0,38",0.0
2017-07-13,"0,27",5.0
2017-07-13,"0,63",10.0
2017-07-13,"0,82",25.0
2017-07-13,"0,49",50.0
2017-07-13,"0,20",100.0
2017-07-13,"0,17",150.0
2017-07-13,"0,16",200.0
2017-07-13,"0,14",250.0
2017-07-26,"0,38",0.0
2017-07-26,"0,88",5.0
2017-07-26,"0,84",10.0
2017-07-26,"0,91",25.0
2017-07-26,"0,49",50.0
2017-07-26,"0,16",100.0
2017-07-26,"0,09",150.0
2017-07-26,"0,08",200.0
2017-07-26,"0,12",250.0
2017-08-03,"1,24",0.0
2017-08-03,"1,61",5.0
2017-08-03,"1,89",10.0
2017-08-03,"1,43",25.0
2017-08-03,"0,20",50.0
2017-08-03,"0,12",100.0
2017-08-03,"0,08",150.0
2017-08-03,"0,08",200.0
2017-08-03,"0,10",250.0
2017-08-15,"1,10",0.0
2017-08-15,"1,00",5.0
2017-08-15,"1,27",10.0
2017-08-15,"1,24",25.0
2017-08-15,"0,25",50.0
2017-08-15,"0,13",100.0
2017-08-15,"0,11",150.0
2017-08-15,"0,09",200.0
2017-08-15,"0,10",250.0
2017-08-27,"0,17",0.0
2017-08-27,"0,15",5.0
2017-08-27,"0,17",10.0
2017-08-27,"0,19",25.0
2017-08-27,"0,17",50.0
2017-08-27,"0,18",100.0
2017-08-27,"0,15",150.0
2017-08-27,"0,01",200.0
2017-08-27,"0,11",250.0
2017-09-04,"0,77",0.0
2017-09-04,"0,94",5.0
2017-09-04,"1,13",10.0
2017-09-04,"1,11",25.0
2017-09-04,"0,67",50.0
2017-09-04,"0,16",100.0
2017-09-04,"0,11",150.0
2017-09-04,"0,08",200.0
2017-09-04,"0,08",250.0
2017-09-14,"1,07",0.0
2017-09-14,"0,98",5.0
2017-09-14,"1,07",10.0
2017-09-14,"0,99",25.0
2017-09-14,"1,02",50.0
2017-09-14,"0,79",100.0
2017-09-14,"0,13",150.0
2017-09-14,"0,11",200.0
2017-09-14,"0,08",250.0
2017-09-20,"1,21",0.0
2017-09-20,"1,15",5.0
2017-09-20,"1,15",10.0
2017-09-20,"0,60",25.0
2017-09-20,"0,43",50.0
2017-09-20,"0,13",100.0
2017-09-20,"0,07",150.0
2017-09-20,"0,10",200.0
2017-09-20,"0,04",250.0
2017-09-26,"1,16",0.0
2017-09-26,"1,08",5.0
2017-09-26,"1,06",10.0
2017-09-26,"1,10",25.0
2017-09-26,"1,16",50.0
2017-09-26,"0,41",100.0
2017-09-26,"0,10",150.0
2017-09-26,"0,09",200.0
2017-09-26,"0,08",250.0
2017-10-05,"0,94",0.0
2017-10-05,"0,95",5.0
2017-10-05,"1,03",10.0
2017-10-05,"1,15",25.0
2017-10-05,"1,00",50.0
2017-10-05,"0,71",100.0
2017-10-05,"0,10",150.0
2017-10-05,"0,10",200.0
2017-10-05,"0,08",250.0
2017-10-10,"0,86",0.0
2017-10-10,"0,82",5.0
2017-10-10,"0,89",10.0
2017-10-10,"0,87",25.0
2017-10-10,"0,79",50.0
2017-10-10,"0,41",100.0
2017-10-10,"0,09",150.0
2017-10-10,"0,06",200.0
2017-10-10,"0,06",250.0
2017-10-17,"0,79",0.0
2017-10-17,"0,81",5.0
2017-10-17,"0,90",10.0
2017-10-17,"0,95",25.0
2017-10-17,"0,80",50.0
2017-10-17,"0,80",100.0
2017-10-17,"0,17",150.0
2017-10-17,"0,11",200.0
2017-10-17,"0,11",250.0
2017-10-24,"0,73",0.0
2017-10-24,"0,77",5.0
2017-10-24,"0,73",10.0
2017-10-24,"0,73",25.0
2017-10-24,"0,66",50.0
2017-10-24,"0,65",100.0
2017-10-24,"0,39",150.0
2017-10-24,"0,11",200.0
2017-10-24,"0,06",250.0
2017-11-08,"0,59",0.0
2017-11-08,"0,65",5.0
2017-11-08,"0,69",10.0
2017-11-08,"0,55",25.0
2017-11-08,"0,49",50.0
2017-11-08,"0,39",100.0
2017-11-08,"0,45",150.0
2017-11-08,"0,14",200.0
2017-11-08,"0,06",250.0
2017-11-14,"0,54",0.0
2017-11-14,"0,52",5.0
2017-11-14,"0,52",10.0
2017-11-14,"0,49",25.0
2017-11-14,"0,55",50.0
2017-11-14,"0,50",100.0
2017-11-14,"0,09",150.0
2017-11-14,"0,06",200.0
2017-11-14,"0,05",250.0
2017-11-20,"0,37",0.0
2017-11-20,"0,45",5.0
2017-11-20,"0,41",10.0
2017-11-20,"0,44",25.0
2017-11-20,"0,48",50.0
2017-11-20,"0,37",100.0
2017-11-20,"0,27",150.0
2017-11-20,"0,17",200.0
2017-11-20,"0,05",250.0
2017-11-26,"0,23",0.0
2017-11-26,"0,24",5.0
2017-11-26,"0,24",10.0
2017-11-26,"0,24",25.0
2017-11-26,"0,27",50.0
2017-11-26,"0,21",100.0
2017-11-26,"0,15",150.0
2017-11-26,"0,12",200.0
2017-11-26,"0,10",250.0
2017-12-05,"0,17",0.0
2017-12-05,"0,17",5.0
2017-12-05,"0,16",10.0
2017-12-05,"0,24",25.0
2017-12-05,"0,18",50.0
2017-12-05,"0,19",100.0
2017-12-05,"0,18",150.0
2017-12-05,"0,17",200.0
2017-12-05,"0,17",250.0
2017-12-14,"0,17",0.0
2017-12-14,"0,17",5.0
2017-12-14,"0,16",10.0
2017-12-14,"0,14",25.0
2017-12-14,"0,14",50.0
2017-12-14,"0,15",100.0
2017-12-14,"0,15",150.0
2017-12-14,"0,14",200.0
2017-12-14,"0,12",250.0
2018-02-24,"1,05",0.0
2018-02-24,"1,53",5.0
2018-02-24,"1,58",10.0
2018-02-24,"1,28",25.0
2018-02-24,"0,16",50.0
2018-02-24,"0,07",100.0
2018-02-24,"0,04",150.0
2018-02-24,"0,06",200.0
2018-02-24,"0,06",250.0
2018-03-01,"1,85",0.0
2018-03-01,"1,64",5.0
2018-03-01,"1,40",10.0
2018-03-01,"0,50",25.0
2018-03-01,"0,19",50.0
2018-03-01,"0,06",100.0
2018-03-01,"0,05",150.0
2018-03-01,"0,05",200.0
2018-03-01,"0,05",250.0
2018-03-08,"1,80",0.0
2018-03-08,"1,85",5.0
2018-03-08,"2,04",10.0
2018-03-08,"1,75",25.0
2018-03-08,"0,09",50.0
2018-03-08,"0,25",100.0
2018-03-08,"0,03",150.0
2018-03-08,"0,05",200.0
2018-03-08,"0,03",250.0
2018-03-14,"1,47",0.0
2018-03-14,"1,67",5.0
2018-03-14,"1,81",10.0
2018-03-14,"1,78",25.0
2018-03-14,"0,28",50.0
2018-03-14,"0,06",100.0
2018-03-14,"0,03",150.0
2018-03-14,"0,05",200.0
2018-03-14,"0,04",250.0
2018-03-19,"1,56",0.0
2018-03-19,"1,72",5.0
2018-03-19,"1,81",10.0
2018-03-19,"1,62",25.0
2018-03-19,"0,18",50.0
2018-03-19,"0,07",100.0
2018-03-19,"0,04",150.0
2018-03-19,"0,04",200.0
2018-03-19,"0,02",250.0
2018-05-30,"0,67",0.0
2018-05-30,"0,62",5.0
2018-05-30,"0,64",10.0
2018-05-30,"0,67",25.0
2018-05-30,"0,63",50.0
2018-05-30,"0,54",100.0
2018-05-30,"0,32",150.0
2018-05-30,"0,07",200.0
2018-05-30,"0,02",250.0
2018-06-06,"0,22",0.0
2018-06-06,"0,22",5.0
2018-06-06,"0,32",10.0
2018-06-06,"0,44",25.0
2018-06-06,"0,33",50.0
2018-06-06,"0,41",100.0
2018-06-06,"0,48",150.0
2018-06-06,"0,28",200.0
2018-06-06,"0,30",250.0
2018-06-13,"0,26",0.0
2018-06-13,"0,22",5.0
2018-06-13,"0,25",10.0
2018-06-13,"0,27",25.0
2018-06-13,"0,26",50.0
2018-06-13,"0,27",100.0
2018-06-13,"0,27",150.0
2018-06-13,"0,31",200.0
2018-06-13,"0,25",250.0
2018-06-19,"0,25",0.0
2018-06-19,"0,23",5.0
2018-06-19,"0,26",10.0
2018-06-19,"0,26",25.0
2018-06-19,"0,23",50.0
2018-06-19,"0,26",100.0
2018-06-19,"0,29",150.0
2018-06-19,"0,28",200.0
2018-06-19,"0,26",250.0
2018-07-02,"0,27",0.0
2018-07-02,"0,70",5.0
2018-07-02,"0,50",10.0
2018-07-02,"0,55",25.0
2018-07-02,"0,45",50.0
2018-07-02,"0,28",100.0
2018-07-02,"0,22",150.0
2018-07-02,"0,23",200.0
2018-07-02,"0,17",250.0
2018-07-09,"0,22",0.0
2018-07-09,"0,21",5.0
2018-07-09,"0,22",10.0
2018-07-09,"0,28",25.0
2018-07-09,"0,27",50.0
2018-07-09,"0,23",100.0
2018-07-09,"0,24",150.0
2018-07-09,"0,17",200.0
2018-07-09,"0,14",250.0
2018-07-16,"1,10",0.0
2018-07-16,"1,32",5.0
2018-07-16,"1,36",10.0
2018-07-16,"1,06",25.0
2018-07-16,"0,59",50.0
2018-07-16,"0,27",100.0
2018-07-16,"0,22",150.0
2018-07-16,"0,18",200.0
2018-07-16,"0,13",250.0
2018-07-23,"0,95",0.0
2018-07-23,"2,24",5.0
2018-07-23,"1,79",10.0
2018-07-23,"1,55",25.0
2018-07-23,"0,94",50.0
2018-07-23,"0,47",100.0
2018-07-23,"0,25",150.0
2018-07-23,"0,18",200.0
2018-07-23,"0,13",250.0
2018-07-31,"1,31",0.0
2018-07-31,"1,65",5.0
2018-07-31,"1,95",10.0
2018-07-31,"1,93",25.0
2018-07-31,"0,40",50.0
2018-07-31,"0,18",100.0
2018-07-31,"0,10",150.0
2018-07-31,"0,08",200.0
2018-07-31,"0,08",250.0
2018-08-06,"1,11",0.0
2018-08-06,"1,05",5.0
2018-08-06,"1,11",10.0
2018-08-06,"0,82",25.0
2018-08-06,"0,46",50.0
2018-08-06,"0,19",100.0
2018-08-06,"0,11",150.0
2018-08-06,"0,10",200.0
2018-08-06,"0,08",250.0
2018-08-13,"1,13",0.0
2018-08-13,"1,42",5.0
2018-08-13,"1,65",10.0
2018-08-13,"1,48",25.0
2018-08-13,"0,32",50.0
2018-08-13,"0,10",100.0
2018-08-13,"0,06",150.0
2018-08-13,"0,10",200.0
2018-08-13,"0,03",250.0
2018-08-20,"1,06",0.0
2018-08-20,"2,15",5.0
2018-08-20,"2,33",10.0
2018-08-20,"0,18",25.0
2018-08-20,"0,13",50.0
2018-08-20,"0,10",100.0
2018-08-20,"0,10",150.0
2018-08-20,"0,08",200.0
2018-08-20,"0,09",250.0
2018-08-29,"1,13",0.0
2018-08-29,"1,24",5.0
2018-08-29,"1,25",10.0
2018-08-29,"1,33",25.0
2018-08-29,"0,34",50.0
2018-08-29,"0,12",100.0
2018-08-29,"0,10",150.0
2018-08-29,"0,10",200.0
2018-08-29,"0,07",250.0
2018-09-03,"0,88",0.0
2018-09-03,"1,18",5.0
2018-09-03,"1,94",10.0
2018-09-03,"0,76",25.0
2018-09-03,"0,24",50.0
2018-09-03,"0,12",100.0
2018-09-03,"0,08",150.0
2018-09-03,"0,07",200.0
2018-09-03,"0,07",250.0
2018-09-10,"2,00",0.0
2018-09-10,"1,75",5.0
2018-09-10,"1,74",10.0
2018-09-10,"1,73",25.0
2018-09-10,"1,21",50.0
2018-09-10,"0,15",100.0
2018-09-10,"0,10",150.0
2018-09-10,"0,08",200.0
2018-09-10,"0,08",250.0
2018-09-27,"1,18",0.0
2018-09-27,"1,11",5.0
2018-09-27,"1,15",10.0
2018-09-27,"1,06",25.0
2018-09-27,"1,29",50.0
2018-09-27,"0,17",100.0
2018-09-27,"0,11",150.0
2018-09-27,"0,09",200.0
2018-09-27,"0,09",250.0
2018-10-02,"1,09",0.0
2018-10-02,"1,12",5.0
2018-10-02,"0,97",10.0
2018-10-02,"0,72",25.0
2018-10-02,"0,41",50.0
2018-10-02,"0,13",100.0
2018-10-02,"0,09",150.0
2018-10-02,"0,07",200.0
2018-10-02,"0,08",250.0
2018-10-08,"0,79",0.0
2018-10-08,"0,66",5.0
2018-10-08,"0,75",10.0
2018-10-08,"0,69",25.0
2018-10-08,"0,39",50.0
2018-10-08,"0,13",100.0
2018-10-08,"0,08",150.0
2018-10-08,"0,08",200.0
2018-10-08,"0,05",250.0
2018-10-16,"0,62",0.0
2018-10-16,"0,63",5.0
2018-10-16,"0,64",10.0
2018-10-16,"0,70",25.0
2018-10-16,"0,65",50.0
2018-10-16,"0,87",100.0
2018-10-16,"0,11",150.0
2018-10-16,"0,08",200.0
2018-10-16,"0,07",250.0
2018-10-22,"0,80",0.0
2018-10-22,"0,94",5.0
2018-10-22,"0,93",10.0
2018-10-22,"0,94",25.0
2018-10-22,"0,55",50.0
2018-10-22,"0,28",100.0
2018-10-22,"0,12",150.0
2018-10-22,"0,09",200.0
2018-10-22,"0,04",250.0
2018-10-30,"0,75",0.0
2018-10-30,"1,05",5.0
2018-10-30,"0,91",10.0
2018-10-30,"0,84",25.0
2018-10-30,"0,79",50.0
2018-10-30,"0,78",100.0
2018-10-30,"0,18",150.0
2018-10-30,"0,05",200.0
2018-10-30,"0,06",250.0
2018-11-07,"0,62",0.0
2018-11-07,"0,73",5.0
2018-11-07,"0,66",10.0
2018-11-07,"0,70",25.0
2018-11-07,"0,59",50.0
2018-11-07,"0,11",100.0
2018-11-07,"0,07",150.0
2018-11-07,"0,04",200.0
2018-11-07,"0,06",250.0
2018-11-14,"0,54",0.0
2018-11-14,"0,54",5.0
2018-11-14,"0,53",10.0
2018-11-14,"0,50",25.0
2018-11-14,"0,52",50.0
2018-11-14,"0,52",100.0
2018-11-14,"0,14",150.0
2018-11-14,"0,05",200.0
2018-11-14,"0,03",250.0
2018-11-19,"0,43",0.0
2018-11-19,"0,43",5.0
2018-11-19,"0,41",10.0
2018-11-19,"0,43",25.0
2018-11-19,"0,44",50.0
2018-11-19,"0,40",100.0
2018-11-19,"0,11",150.0
2018-11-19,"0,06",200.0
2018-11-19,"0,06",250.0
2018-11-29,"0,31",0.0
2018-11-29,"0,33",5.0
2018-11-29,"0,28",10.0
2018-11-29,"0,34",25.0
2018-11-29,"0,32",50.0
2018-11-29,"0,20",100.0
2018-11-29,"0,18",150.0
2018-11-29,"0,14",200.0
2018-11-29,"0,05",250.0
2018-12-10,"0,14",0.0
2018-12-10,"0,14",5.0
2018-12-10,"0,13",10.0
2018-12-10,"0,13",25.0
2018-12-10,"0,14",50.0
2018-12-10,"0,14",100.0
2018-12-10,"0,15",150.0
2018-12-10,"0,15",200.0
2018-12-10,"0,14",250.0
2019-03-02,"0,69",0.0
2019-03-02,"0,49",5.0
2019-03-02,"0,44",10.0
2019-03-02,"0,54",25.0
2019-03-02,"0,15",50.0
2019-03-02,"0,08",100.0
2019-03-02,"0,01",150.0
2019-03-02,"0,04",200.0
2019-03-02,"0,04",250.0
2019-03-11,"0,63",0.0
2019-03-11,"0,66",5.0
2019-03-11,"0,80",10.0
2019-03-11,"0,66",25.0
2019-03-11,"0,19",50.0
2019-03-11,"0,10",100.0
2019-03-11,"0,04",150.0
2019-03-11,"0,05",200.0
2019-03-11,"0,05",250.0
2019-03-17,"0,90",0.0
2019-03-17,"0,73",5.0
2019-03-17,"0,96",10.0
2019-03-17,"1,08",25.0
2019-03-17,"0,32",50.0
2019-03-17,"0,09",100.0
2019-03-17,"0,07",150.0
2019-03-17,"0,08",200.0
2019-03-17,"0,05",250.0
2019-05-24,"0,41",0.0
2019-05-24,"0,61",5.0
2019-05-24,"0,58",10.0
2019-05-24,"1,24",25.0
2019-05-24,"0,54",50.0
2019-05-24,"0,41",100.0
2019-05-24,"0,06",150.0
2019-05-24,"0,04",200.0
2019-05-24,"0,04",250.0
2019-05-30,"0,38",0.0
2019-05-30,"0,42",5.0
2019-05-30,"0,40",10.0
2019-05-30,"0,39",25.0
2019-05-30,"0,41",50.0
2019-05-30,"0,42",100.0
2019-05-30,"0,10",150.0
2019-05-30,"0,03",200.0
2019-05-30,"0,04",250.0
2019-06-04,"0,22",0.0
2019-06-04,"0,27",5.0
2019-06-04,"0,26",10.0
2019-06-04,"0,38",25.0
2019-06-04,"0,23",50.0
2019-06-04,"0,24",100.0
2019-06-04,"0,19",150.0
2019-06-04,"0,08",200.0
2019-06-04,"0,12",250.0
2019-06-10,"0,14",0.0
2019-06-10,"0,15",5.0
2019-06-10,"0,18",10.0
2019-06-10,"0,17",25.0
2019-06-10,"0,17",50.0
2019-06-10,"0,18",100.0
2019-06-10,"0,15",150.0
2019-06-10,"0,18",200.0
2019-06-10,"0,20",250.0
2019-06-17,"0,18",0.0
2019-06-17,"0,15",5.0
2019-06-17,"0,16",10.0
2019-06-17,"0,36",25.0
2019-06-17,"0,11",50.0
2019-06-17,"0,14",100.0
2019-06-17,"0,14",150.0
2019-06-17,"0,10",200.0
2019-06-17,"0,14",250.0
2019-06-24,"0,31",0.0
2019-06-24,"0,40",5.0
2019-06-24,"0,42",10.0
2019-06-24,"0,51",25.0
2019-06-24,"0,39",50.0
2019-06-24,"0,27",100.0
2019-06-24,"0,23",150.0
2019-06-24,"0,19",200.0
2019-06-24,"0,15",250.0
2019-07-01,"0,22",0.0
2019-07-01,"0,53",5.0
2019-07-01,"0,84",10.0
2019-07-01,"0,67",25.0
2019-07-01,"0,72",50.0
2019-07-01,"0,25",100.0
2019-07-01,"0,24",150.0
2019-07-01,"0,16",200.0
2019-07-01,"0,15",250.0
2019-07-08,"1,11",0.0
2019-07-08,"1,55",5.0
2019-07-08,"1,65",10.0
2019-07-08,"1,35",25.0
2019-07-08,"0,53",50.0
2019-07-08,"0,28",100.0
2019-07-08,"0,12",150.0
2019-07-08,"0,10",200.0
2019-07-08,"0,11",250.0
2019-07-15,"1,98",0.0
2019-07-15,"2,17",5.0
2019-07-15,"2,44",10.0
2019-07-15,"1,75",25.0
2019-07-15,"0,43",50.0
2019-07-15,"0,14",100.0
2019-07-15,"0,12",150.0
2019-07-15,"0,12",200.0
2019-07-15,"0,12",250.0
2019-07-22,"1,36",0.0
2019-07-22,"1,95",5.0
2019-07-22,"2,47",10.0
2019-07-22,"0,70",25.0
2019-07-22,"0,31",50.0
2019-07-22,"0,12",100.0
2019-07-22,"0,11",150.0
2019-07-22,"0,10",200.0
2019-07-22,"0,09",250.0
2019-07-31,"1,65",0.0
2019-07-31,"1,47",5.0
2019-07-31,"1,83",10.0
2019-07-31,"1,14",25.0
2019-07-31,"0,24",50.0
2019-07-31,"0,13",100.0
2019-07-31,"0,11",150.0
2019-07-31,"0,08",200.0
2019-07-31,"0,10",250.0
2019-08-10,"0,93",0.0
2019-08-10,"1,12",5.0
2019-08-10,"1,14",10.0
2019-08-10,"1,06",25.0
2019-08-10,"0,30",50.0
2019-08-10,"0,14",100.0
2019-08-10,"0,13",150.0
2019-08-10,"0,11",200.0
2019-08-10,"0,11",250.0
2019-08-22,"0,88",0.0
2019-08-22,"1,14",5.0
2019-08-22,"1,38",10.0
2019-08-22,"0,44",25.0
2019-08-22,"0,27",50.0
2019-08-22,"0,12",100.0
2019-08-22,"0,09",150.0
2019-08-22,"0,09",200.0
2019-08-22,"0,07",250.0
2019-09-05,"1,38",0.0
2019-09-05,"1,26",5.0
2019-09-05,"1,59",10.0
2019-09-05,"0,82",25.0
2019-09-05,"0,18",50.0
2019-09-05,"0,17",100.0
2019-09-05,"0,15",150.0
2019-09-05,"0,13",200.0
2019-09-05,"0,17",250.0
2019-09-16,"1,47",0.0
2019-09-16,"1,48",5.0
2019-09-16,"1,92",10.0
2019-09-16,"1,24",25.0
2019-09-16,"0,40",50.0
2019-09-16,"0,11",100.0
2019-09-16,"0,12",150.0
2019-09-16,"0,11",200.0
2019-09-16,"0,14",250.0
2019-09-24,"1,35",0.0
2019-09-24,"1,37",5.0
2019-09-24,"1,55",10.0
2019-09-24,"1,86",25.0
2019-09-24,"0,92",50.0
2019-09-24,"0,14",100.0
2019-09-24,"0,15",150.0
2019-09-24,"0,21",200.0
2019-09-24,"0,09",250.0
2019-10-01,"1,22",0.0
2019-10-01,"1,08",5.0
2019-10-01,"1,19",10.0
2019-10-01,"1,31",25.0
2019-10-01,"0,93",50.0
2019-10-01,"0,09",100.0
2019-10-01,"0,10",150.0
2019-10-01,"0,11",200.0
2019-10-01,"0,09",250.0
2019-10-11,"1,43",0.0
2019-10-11,"1,40",5.0
2019-10-11,"1,33",10.0
2019-10-11,"0,51",25.0
2019-10-11,"0,13",50.0
2019-10-11,"0,09",100.0
2019-10-11,"0,08",150.0
2019-10-11,"0,05",200.0
2019-10-11,"0,05",250.0
2019-10-21,"1,98",0.0
2019-10-21,"2,10",5.0
2019-10-21,"2,09",10.0
2019-10-21,"1,79",25.0
2019-10-21,"1,41",50.0
2019-10-21,"0,11",100.0
2019-10-21,"0,13",150.0
2019-10-21,"0,09",200.0
2019-10-21,"0,08",250.0
2019-10-28,"1,38",0.0
2019-10-28,"1,53",5.0
2019-10-28,"1,49",10.0
2019-10-28,"1,49",25.0
2019-10-28,"1,25",50.0
2019-10-28,"0,71",100.0
2019-10-28,"0,08",150.0
2019-10-28,"0,06",200.0
2019-10-28,"0,04",250.0
2019-11-03,"1,14",0.0
2019-11-03,"1,06",5.0
2019-11-03,"0,08",10.0
2019-11-03,"1,15",25.0
2019-11-03,"1,13",50.0
2019-11-03,"0,89",100.0
2019-11-03,"0,74",150.0
2019-11-03,"0,66",200.0
2019-11-03,"0,40",250.0
2019-11-09,"0,95",0.0
2019-11-09,"0,96",5.0
2019-11-09,"1,07",10.0
2019-11-09,"0,96",25.0
2019-11-09,"0,41",50.0
2019-11-09,"0,16",100.0
2019-11-09,"0,10",150.0
2019-11-09,"0,09",200.0
2019-11-09,"0,06",250.0
2019-11-17,"0,41",0.0
2019-11-17,"0,39",5.0
2019-11-17,"0,41",10.0
2019-11-17,"0,41",25.0
2019-11-17,"0,39",50.0
2019-11-17,"0,36",100.0
2019-11-17,"0,24",150.0
2019-11-17,"0,12",200.0
2019-11-17,"0,09",250.0
2019-11-26,"0,22",0.0
2019-11-26,"0,21",5.0
2019-11-26,"0,22",10.0
2019-11-26,"0,19",25.0
2019-11-26,"0,18",50.0
2019-11-26,"0,21",100.0
2019-11-26,"0,18",150.0
2019-11-26,"0,22",200.0
2019-11-26,"0,22",250.0
2019-12-05,"0,17",0.0
2019-12-05,"0,18",5.0
2019-12-05,"0,18",10.0
2019-12-05,"0,16",25.0
2019-12-05,"0,18",50.0
2019-12-05,"0,17",100.0
2019-12-05,"0,15",150.0
2019-12-05,"0,16",200.0
2019-12-05,"0,16",250.0
2020-03-02,"2,66",0.0
2020-03-02,"3,57",5.0
2020-03-02,"3,45",10.0
2020-03-02,"2,17",25.0
2020-03-02,"0,27",50.0
2020-03-02,"0,20",100.0
2020-03-02,"0,06",150.0
2020-03-02,"0,08",200.0
2020-03-02,"0,08",250.0
2020-03-10,"2,34",0.0
2020-03-10,"4,08",5.0
2020-03-10,"3,94",10.0
2020-03-10,"2,19",25.0
2020-03-10,"0,15",50.0
2020-03-10,"0,12",100.0
2020-03-10,"0,09",150.0
2020-03-10,"0,06",200.0
2020-03-10,"0,07",250.0
2020-03-16,"2,39",0.0
2020-03-16,"3,71",5.0
2020-03-16,"3,83",10.0
2020-03-16,"3,30",25.0
2020-03-16,"0,21",50.0
2020-03-16,"0,13",100.0
2020-03-16,"0,07",150.0
2020-03-16,"0,08",200.0
2020-03-16,"0,07",250.0
2020-05-20,"2,99",0.0
2020-05-20,"3,12",5.0
2020-05-20,"3,33",10.0
2020-05-20,"3,33",25.0
2020-05-20,"3,14",50.0
2020-05-20,"2,85",100.0
2020-05-20,"0,38",150.0
2020-05-20,"0,31",200.0
2020-05-20,"0,50",250.0
2020-05-27,"1,84",0.0
2020-05-27,"1,80",5.0
2020-05-27,"1,86",10.0
2020-05-27,"1,85",25.0
2020-05-27,"1,79",50.0
2020-05-27,"1,54",100.0
2020-05-27,"1,11",150.0
2020-05-27,"0,62",200.0
2020-05-27,"0,37",250.0
2020-06-03,"0,99",0.0
2020-06-03,"1,03",5.0
2020-06-03,"1,00",10.0
2020-06-03,"1,12",25.0
2020-06-03,"1,09",50.0
2020-06-03,"1,05",100.0
2020-06-03,"1,01",150.0
2020-06-03,"0,94",200.0
2020-06-03,"0,93",250.0
2020-06-13,"0,91",0.0
2020-06-13,"0,83",5.0
2020-06-13,"0,92",10.0
2020-06-13,"0,94",25.0
2020-06-13,"0,94",50.0
2020-06-13,"0,90",100.0
2020-06-13,"0,68",150.0
2020-06-13,"0,70",200.0
2020-06-13,"0,77",250.0
2020-06-22,"0,55",0.0
2020-06-22,"0,51",5.0
2020-06-22,"0,65",10.0
2020-06-22,"1,10",25.0
2020-06-22,"1,27",50.0
2020-06-22,"0,88",100.0
2020-06-22,"0,75",150.0
2020-06-22,"0,62",200.0
2020-06-22,"0,60",250.0
