date,Хлорофилл
1995-01-05,"0,22"
1995-01-05,"0,36"
1995-01-05,"0,37"
1995-01-05,"0,21"
1995-01-05,"0,09"
1995-03-02,"0,40"
1995-03-02,"0,31"
1995-03-02,"0,37"
1995-03-02,"0,10"
1995-03-02,"0,66"
1995-03-02,"0,13"
1995-03-02,"0,28"
1995-03-02,"0,51"
1995-03-02,"0,29"
1995-03-09,"0,39"
1995-03-09,"0,81"
1995-03-09,"1,02"
1995-03-09,"0,31"
1995-03-09,"0,73"
1995-03-09,"0,36"
1995-03-09,"0,10"
1995-03-09,"0,05"
1995-03-09,"0,14"
1995-03-15,"0,89"
1995-03-15,"0,53"
1995-03-15,"1,62"
1995-03-15,"0,23"
1995-03-15,"0,59"
1995-03-15,"0,27"
1995-03-15,"0,04"
1995-03-15,"0,00"
1995-03-15,"0,16"
1995-03-24,"0,83"
1995-03-24,"0,64"
1995-03-24,"0,87"
1995-03-24,"0,45"
1995-03-24,"0,51"
1995-03-24,"0,35"
1995-03-24,"0,00"
1995-03-24,"0,08"
1995-03-24,"0,59"
1995-03-30,"0,31"
1995-03-30,"0,39"
1995-03-30,"0,47"
1995-03-30,"0,08"
1995-03-30,"0,39"
1995-03-30,"0,10"
1995-03-30,"0,00"
1995-03-30,"0,05"
1995-03-30,"0,00"
1995-04-03,"0,05"
1995-04-03,"0,42"
1995-04-03,"0,69"
1995-04-03,"0,52"
1995-04-03,"0,09"
1995-04-03,"0,30"
1995-04-03,"0,00"
1995-04-03,"0,48"
1995-04-03,"0,00"
1995-05-05,"0,96"
1995-05-05,"0,86"
1995-05-05,"0,79"
1995-05-05,"0,51"
1995-05-05,"0,87"
1995-05-05,"0,17"
1995-05-05,"0,66"
1995-05-05,"0,15"
1995-05-05,"0,40"
1995-05-17,"0,95"
1995-05-17,"0,64"
1995-05-17,"1,01"
1995-05-17,"1,11"
1995-05-17,"1,23"
1995-05-17,"1,08"
1995-05-17,"1,10"
1995-05-17,"0,92"
1995-05-17,"1,18"
1995-05-30,"2,68"
1995-05-30,"2,22"
1995-05-30,"3,38"
1995-05-30,"2,30"
1995-05-30,"3,91"
1995-05-30,"2,37"
1995-05-30,"1,95"
1995-05-30,"2,17"
1995-05-30,"1,50"
1995-07-14,"0,44"
1995-07-14,"1,00"
1995-07-14,"1,40"
1995-07-14,"0,69"
1995-07-14,"2,26"
1995-07-14,"0,19"
1995-07-14,"0,26"
1995-07-14,"0,00"
1995-07-14,"0,00"
1995-07-26,"3,55"
1995-07-26,"3,94"
1995-07-26,"4,25"
1995-07-26,"2,88"
1995-07-26,"1,39"
1995-07-26,"1,27"
1995-07-26,"0,44"
1995-07-26,"1,11"
1995-07-26,"0,72"
1995-08-08,"2,46"
1995-08-08,"2,14"
1995-08-08,"2,79"
1995-08-08,"1,37"
1995-08-08,"3,01"
1995-08-08,"1,11"
1995-08-08,"1,67"
1995-08-08,"1,21"
1995-08-08,"1,48"
1995-08-23,"1,63"
1995-08-23,"1,59"
1995-08-23,"1,55"
1995-08-23,"1,37"
1995-08-23,"1,95"
1995-08-23,"1,17"
1995-08-23,"1,25"
1995-08-23,"1,63"
1995-08-23,"0,46"
1995-08-28,"2,02"
1995-08-28,"1,45"
1995-08-28,"0,86"
1995-08-28,"0,68"
1995-08-28,"0,67"
1995-08-28,"0,60"
1995-08-28,"1,15"
1995-08-28,"0,77"
1995-08-28,"0,99"
1995-09-14,
1995-09-14,
1995-09-14,
1995-09-14,
1995-09-14,
1995-09-14,
1995-09-14,
1995-09-21,"1,15"
1995-09-21,"0,89"
1995-09-21,"0,84"
1995-09-21,"0,98"
1995-09-21,"0,81"
1995-09-21,"1,21"
1995-09-21,"0,47"
1995-09-21,"0,50"
1995-09-21,"0,87"
1995-10-07,"1,22"
1995-10-07,"1,18"
1995-10-07,"1,51"
1995-10-07,"1,39"
1995-10-07,"1,01"
1995-10-07,"1,05"
1995-10-07,"0,57"
1995-10-07,"0,57"
1995-10-07,"0,39"
1995-10-19,"1,78"
1995-10-19,"1,96"
1995-10-19,"1,90"
1995-10-19,"1,46"
1995-10-19,"1,95"
1995-10-19,"1,86"
1995-10-19,"1,93"
1995-10-19,"1,96"
1995-10-19,"1,83"
1996-03-13,
1996-03-13,"0,50"
1996-03-13,"2,18"
1996-03-13,"0,90"
1996-03-13,"1,47"
1996-03-13,"0,46"
1996-03-13,"0,45"
1996-03-13,"0,30"
1996-03-13,"0,30"
1996-03-18,"0,40"
1996-03-18,"0,41"
1996-03-18,"0,72"
1996-03-18,"0,75"
1996-03-18,"1,60"
1996-03-18,"0,79"
1996-03-18,"0,45"
1996-03-18,"0,46"
1996-03-18,"0,35"
1996-03-22,"0,25"
1996-03-22,"0,47"
1996-03-22,"0,43"
1996-03-22,"0,41"
1996-03-22,"0,70"
1996-03-22,"0,06"
1996-03-22,"0,05"
1996-03-22,"0,22"
1996-03-22,"0,27"
1996-03-27,"0,87"
1996-03-27,"0,61"
1996-03-27,"0,56"
1996-03-27,"0,58"
1996-03-27,"0,72"
1996-03-27,"0,31"
1996-03-27,"0,15"
1996-03-27,"0,21"
1996-03-27,"0,23"
1996-06-04,"0,39"
1996-06-04,"0,66"
1996-06-04,"0,69"
1996-06-04,"0,56"
1996-06-04,"0,56"
1996-06-04,"0,44"
1996-06-04,"0,62"
1996-06-04,"0,66"
1996-06-04,"0,59"
1996-06-11,"0,30"
1996-06-11,"0,35"
1996-06-11,"0,46"
1996-06-11,"0,51"
1996-06-11,"0,44"
1996-06-11,"0,19"
1996-06-11,"0,47"
1996-06-11,"0,54"
1996-06-11,"0,48"
1996-06-19,"0,23"
1996-06-19,"0,41"
1996-06-19,"0,46"
1996-06-19,"0,62"
1996-06-19,"0,36"
1996-06-19,"0,15"
1996-06-19,"0,32"
1996-06-19,"0,36"
1996-06-19,"0,32"
1996-07-02,"0,43"
1996-07-02,"0,61"
1996-07-02,"0,77"
1996-07-02,"0,71"
1996-07-02,"0,56"
1996-07-02,"0,43"
1996-07-02,"0,48"
1996-07-02,"0,47"
1996-07-02,"0,36"
1996-07-08,"0,69"
1996-07-08,"0,73"
1996-07-08,"0,68"
1996-07-08,"0,62"
1996-07-08,"0,47"
1996-07-08,"0,32"
1996-07-08,"0,43"
1996-07-08,"0,55"
1996-07-08,"0,51"
1996-07-16,"1,21"
1996-07-16,"1,93"
1996-07-16,"1,94"
1996-07-16,"1,76"
1996-07-16,"1,00"
1996-07-16,"0,73"
1996-07-16,"0,40"
1996-07-16,"0,97"
1996-07-16,"1,25"
1996-07-23,"2,39"
1996-07-23,"3,04"
1996-07-23,"3,40"
1996-07-23,"3,76"
1996-07-23,"2,46"
1996-07-23,"2,14"
1996-07-23,"2,15"
1996-07-23,"1,77"
1996-07-23,"1,85"
1996-07-29,"1,40"
1996-07-29,"1,41"
1996-07-29,"1,73"
1996-07-29,"2,42"
1996-07-29,"2,15"
1996-07-29,"2,23"
1996-07-29,"2,20"
1996-07-29,"0,96"
1996-07-29,"1,08"
1996-08-06,"1,74"
1996-08-06,"1,65"
1996-08-06,"1,79"
1996-08-06,"1,91"
1996-08-06,"1,21"
1996-08-06,"0,64"
1996-08-06,"1,36"
1996-08-06,"1,24"
1996-08-06,"1,11"
1996-08-18,"1,41"
1996-08-18,"1,67"
1996-08-18,"1,81"
1996-08-18,"2,18"
1996-08-18,"1,99"
1996-08-18,"1,38"
1996-08-18,"1,52"
1996-08-18,"1,54"
1996-08-18,"1,44"
1996-08-24,"1,23"
1996-08-24,"1,71"
1996-08-24,"1,61"
1996-08-24,"1,92"
1996-08-24,"1,77"
1996-08-24,"1,65"
1996-08-24,"1,40"
1996-08-24,"1,50"
1996-08-24,"0,38"
1996-09-02,"2,21"
1996-09-02,"2,42"
1996-09-02,"2,44"
1996-09-02,"2,55"
1996-09-02,"4,03"
1996-09-02,"1,82"
1996-09-02,"1,54"
1996-09-02,"2,18"
1996-09-02,"0,72"
1996-09-09,"2,26"
1996-09-09,"2,19"
1996-09-09,"2,70"
1996-09-09,"2,41"
1996-09-09,"1,83"
1996-09-09,"1,95"
1996-09-09,"1,94"
1996-09-09,"2,16"
1996-09-09,"2,27"
1996-09-13,"1,89"
1996-09-13,"2,18"
1996-09-13,"2,05"
1996-09-13,"2,25"
1996-09-13,"2,43"
1996-09-13,"2,49"
1996-09-13,"2,30"
1996-09-13,"2,24"
1996-09-13,"2,16"
1996-09-23,"1,83"
1996-09-23,"1,73"
1996-09-23,"2,22"
1996-09-23,"2,11"
1996-09-23,"2,29"
1996-09-23,"1,98"
1996-09-23,"2,00"
1996-09-23,"1,81"
1996-09-23,"2,12"
1996-10-04,"1,31"
1996-10-04,"1,26"
1996-10-04,"1,60"
1996-10-04,"1,59"
1996-10-04,"1,53"
1996-10-04,"1,11"
1996-10-04,"1,38"
1996-10-04,"1,27"
1996-10-04,"1,36"
1996-10-10,"1,20"
1996-10-10,"1,28"
1996-10-10,"1,33"
1996-10-10,"1,29"
1996-10-10,"1,31"
1996-10-10,"1,11"
1996-10-10,"1,11"
1996-10-10,"0,92"
1996-10-10,"1,10"
1996-10-20,"1,42"
1996-10-20,"1,49"
1996-10-20,"1,58"
1996-10-20,"1,52"
1996-10-20,"1,52"
1996-10-20,"1,53"
1996-10-20,"1,43"
1996-10-20,"1,47"
1996-10-20,"1,02"
1996-10-24,"1,18"
1996-10-24,"1,33"
1996-10-24,"1,36"
1996-10-24,"1,42"
1996-10-24,"1,33"
1996-10-24,"1,31"
1996-10-24,"1,06"
1996-10-24,"1,18"
1996-10-24,"1,23"
1996-11-06,"0,74"
1996-11-06,"0,81"
1996-11-06,"0,82"
1996-11-06,"0,83"
1996-11-06,"0,78"
1996-11-06,"0,70"
1996-11-06,"0,71"
1996-11-06,"0,68"
1996-11-06,"0,74"
1996-11-14,"0,39"
1996-11-14,"0,41"
1996-11-14,"0,31"
1996-11-14,"0,44"
1996-11-14,"0,20"
1996-11-14,"0,21"
1996-11-14,"0,14"
1996-11-14,"0,17"
1996-11-14,"0,19"
1996-11-21,"0,31"
1996-11-21,"0,45"
1996-11-21,"0,49"
1996-11-21,"0,50"
1996-11-21,"0,52"
1996-11-21,"0,44"
1996-11-21,"0,44"
1996-11-21,"0,47"
1996-11-21,"0,36"
1996-11-29,"0,03"
1996-11-29,"0,07"
1996-11-29,"0,10"
1996-11-29,"0,08"
1996-11-29,"0,08"
1996-11-29,"0,16"
1996-11-29,"0,08"
1996-11-29,"0,07"
1996-11-29,"0,02"
1996-12-05,"0,14"
1996-12-05,"0,19"
1996-12-05,"0,28"
1996-12-05,"0,42"
1996-12-05,"0,28"
1996-12-05,"0,18"
1996-12-05,"0,08"
1996-12-05,"0,27"
1996-12-05,"0,21"
1996-12-23,"0,30"
1996-12-23,"0,35"
1996-12-23,"0,28"
1996-12-23,"0,22"
1996-12-23,"0,15"
1996-12-23,"0,28"
1996-12-23,"0,22"
1996-12-23,"0,27"
1996-12-23,"0,22"
1996-12-26,"0,24"
1996-12-26,"0,33"
1996-12-26,"0,44"
1996-12-26,"0,32"
1996-12-26,"0,34"
1996-12-26,"0,36"
1996-12-26,"0,17"
1996-12-26,"0,22"
1996-12-26,"0,25"
1997-02-13,"0,48"
1997-02-13,"0,71"
1997-02-13,"1,01"
1997-02-13,"0,84"
1997-02-13,"0,50"
1997-02-13,"0,30"
1997-02-13,"0,28"
1997-02-13,"0,28"
1997-02-13,"0,27"
1997-02-20,"0,44"
1997-02-20,"0,47"
1997-02-20,"0,47"
1997-02-20,"0,30"
1997-02-20,"0,26"
1997-02-20,"0,11"
1997-02-20,"0,22"
1997-02-20,"0,20"
1997-02-20,"0,23"
1997-02-27,"0,60"
1997-02-27,"0,77"
1997-02-27,"1,02"
1997-02-27,"0,75"
1997-02-27,"0,55"
1997-02-27,"0,37"
1997-02-27,"0,52"
1997-02-27,"0,56"
1997-02-27,"0,51"
1997-03-06,"1,80"
1997-03-06,"1,05"
1997-03-06,"1,02"
1997-03-06,"0,92"
1997-03-06,"0,88"
1997-03-06,"0,62"
1997-03-06,"0,62"
1997-03-06,"0,63"
1997-03-06,"0,57"
1997-03-13,"2,14"
1997-03-13,"1,85"
1997-03-13,"1,65"
1997-03-13,"1,79"
1997-03-13,"1,10"
1997-03-13,"0,78"
1997-03-13,"1,29"
1997-03-13,"0,81"
1997-03-13,"0,80"
1997-03-20,"1,11"
1997-03-20,"0,98"
1997-03-20,"2,15"
1997-03-20,"1,21"
1997-03-20,"0,92"
1997-03-20,"0,75"
1997-03-20,"0,65"
1997-03-20,"0,76"
1997-03-20,"0,84"
1997-03-27,"0,94"
1997-03-27,"1,27"
1997-03-27,"1,66"
1997-03-27,"1,73"
1997-03-27,"1,36"
1997-03-27,"0,99"
1997-03-27,"1,18"
1997-03-27,"1,18"
1997-03-27,"1,10"
1997-05-04,"3,92"
1997-05-04,"2,57"
1997-05-04,"3,78"
1997-05-04,"2,69"
1997-05-04,"4,43"
1997-05-04,"3,67"
1997-05-04,"3,45"
1997-05-04,"3,32"
1997-05-04,"2,52"
1997-05-11,"5,26"
1997-05-11,"5,42"
1997-05-11,"5,63"
1997-05-11,"5,89"
1997-05-11,"5,74"
1997-05-11,"4,60"
1997-05-11,"3,73"
1997-05-11,"4,06"
1997-05-11,"3,79"
1997-05-22,"1,68"
1997-05-22,"2,41"
1997-05-22,"3,46"
1997-05-22,"2,96"
1997-05-22,"5,13"
1997-05-22,"2,89"
1997-05-22,"2,85"
1997-05-22,"2,72"
1997-05-22,"2,61"
1997-06-02,"2,60"
1997-06-02,"2,45"
1997-06-02,"2,94"
1997-06-02,"4,00"
1997-06-02,"3,71"
1997-06-02,"3,38"
1997-06-02,"3,34"
1997-06-02,"3,13"
1997-06-02,"3,32"
1997-06-09,"1,63"
1997-06-09,"1,58"
1997-06-09,"1,68"
1997-06-09,"2,05"
1997-06-09,"2,10"
1997-06-09,"1,83"
1997-06-09,"1,17"
1997-06-09,"1,20"
1997-06-09,"1,05"
1997-06-16,"0,53"
1997-06-16,"0,76"
1997-06-16,"1,01"
1997-06-16,"0,83"
1997-06-16,"0,65"
1997-06-16,"0,65"
1997-06-16,"0,87"
1997-06-16,"0,69"
1997-06-16,"0,77"
1997-06-23,"0,45"
1997-06-23,"0,61"
1997-06-23,"0,55"
1997-06-23,"0,53"
1997-06-23,"0,51"
1997-06-23,"0,47"
1997-06-23,"0,43"
1997-06-23,"0,50"
1997-06-23,"0,40"
1997-06-30,"0,46"
1997-06-30,"0,60"
1997-06-30,"0,60"
1997-06-30,"0,63"
1997-06-30,"0,62"
1997-06-30,"0,64"
1997-06-30,"0,68"
1997-06-30,"0,65"
1997-06-30,"0,53"
1997-07-07,"0,43"
1997-07-07,"0,61"
1997-07-07,"0,58"
1997-07-07,"0,64"
1997-07-07,"0,67"
1997-07-07,"0,51"
1997-07-07,"0,56"
1997-07-07,"0,53"
1997-07-07,"0,46"
1997-07-14,"0,50"
1997-07-14,"0,88"
1997-07-14,"0,85"
1997-07-14,"0,94"
1997-07-14,"0,95"
1997-07-14,"0,88"
1997-07-14,"0,59"
1997-07-14,"0,72"
1997-07-14,"0,63"
1997-07-21,"1,40"
1997-07-21,"1,32"
1997-07-21,"1,30"
1997-07-21,"1,27"
1997-07-21,"1,11"
1997-07-21,"0,79"
1997-07-21,"0,67"
1997-07-21,"0,67"
1997-07-21,"0,51"
1997-07-30,"2,05"
1997-07-30,"2,85"
1997-07-30,"3,00"
1997-07-30,"2,92"
1997-07-30,"2,20"
1997-08-04,"1,30"
1997-08-04,"1,47"
1997-08-04,"1,76"
1997-08-04,"2,32"
1997-08-04,"1,41"
1997-08-04,"0,93"
1997-08-04,"0,53"
1997-08-04,"0,12"
1997-08-04,"0,17"
1997-08-13,"1,89"
1997-08-13,"1,71"
1997-08-13,"1,82"
1997-08-13,"1,64"
1997-08-13,"1,23"
1997-08-13,"0,25"
1997-08-13,"0,26"
1997-08-13,"0,23"
1997-08-13,"0,30"
1997-08-18,"1,49"
1997-08-18,"1,12"
1997-08-18,"1,08"
1997-08-18,"0,70"
1997-08-18,"0,62"
1997-08-18,"0,32"
1997-08-18,"0,22"
1997-08-18,"0,10"
1997-08-18,"0,25"
1997-08-26,"1,72"
1997-08-26,"0,86"
1997-08-26,"1,76"
1997-08-26,"2,01"
1997-08-26,"1,12"
1997-08-26,"0,24"
1997-08-26,"0,23"
1997-08-26,"0,16"
1997-08-26,"0,12"
1997-09-02,"1,46"
1997-09-02,"1,50"
1997-09-02,"1,42"
1997-09-02,"1,19"
1997-09-02,"0,73"
1997-09-02,
1997-09-02,
1997-09-10,"1,12"
1997-09-10,"1,53"
1997-09-10,"1,28"
1997-09-10,"0,96"
1997-09-10,"0,74"
1997-09-16,"2,25"
1997-09-16,"2,39"
1997-09-16,"2,48"
1997-09-16,"1,83"
1997-09-16,"0,85"
1997-09-16,"0,12"
1997-09-16,"0,16"
1997-09-16,"0,10"
1997-09-16,"0,10"
1997-09-23,"2,24"
1997-09-23,"2,24"
1997-09-23,"2,14"
1997-09-23,"1,75"
1997-09-23,"0,88"
1997-09-23,"0,95"
1997-09-23,"0,21"
1997-09-23,"0,10"
1997-09-23,"0,24"
1997-10-01,"1,00"
1997-10-01,"1,02"
1997-10-01,"1,07"
1997-10-01,"0,86"
1997-10-01,"0,52"
1997-10-01,"0,53"
1997-10-01,"0,07"
1997-10-01,"0,08"
1997-10-01,"0,34"
1997-10-09,"0,73"
1997-10-09,"0,60"
1997-10-09,"0,52"
1997-10-09,"0,23"
1997-10-09,"0,25"
1997-10-09,"0,07"
1997-10-09,"0,10"
1997-10-09,"0,22"
1997-10-09,"0,00"
1997-10-17,"1,32"
1997-10-17,"1,29"
1997-10-17,"1,21"
1997-10-17,"0,48"
1997-10-17,"0,21"
1997-10-17,"0,45"
1997-10-17,"0,13"
1997-10-17,"0,08"
1997-10-17,"0,05"
1997-10-24,"0,43"
1997-10-24,"0,49"
1997-10-24,"0,49"
1997-10-24,"0,48"
1997-10-24,"0,50"
1997-10-24,"0,48"
1997-10-24,"0,16"
1997-10-24,"0,13"
1997-10-24,"0,03"
1997-11-04,"0,38"
1997-11-04,"0,44"
1997-11-04,"0,45"
1997-11-04,"0,48"
1997-11-04,"0,39"
1997-11-04,"0,37"
1997-11-04,"0,35"
1997-11-04,"0,47"
1997-11-04,"0,38"
1997-11-18,"0,32"
1997-11-18,"0,26"
1997-11-18,"0,28"
1997-11-18,"0,29"
1997-11-18,"0,29"
1997-11-18,"0,32"
1997-11-18,"0,27"
1997-11-18,"0,30"
1997-11-18,"0,30"
1997-12-01,"0,16"
1997-12-01,"0,18"
1997-12-01,"0,22"
1997-12-01,"0,22"
1997-12-01,"0,23"
1997-12-01,"0,19"
1997-12-01,"0,16"
1997-12-01,"0,17"
1997-12-01,"0,19"
1997-12-09,"0,14"
1997-12-09,"0,17"
1997-12-09,"0,17"
1997-12-09,"0,18"
1997-12-09,"0,16"
1997-12-09,"0,17"
1997-12-09,"0,13"
1997-12-09,"0,13"
1997-12-09,"0,16"
1997-12-25,"0,19"
1997-12-25,"0,17"
1997-12-25,"0,22"
1997-12-25,"0,18"
1997-12-25,"0,16"
1997-12-25,"0,20"
1997-12-25,"0,09"
1997-12-25,"0,10"
1997-12-25,"0,14"
1998-01-05,"0,11"
1998-01-05,"0,19"
1998-01-05,"0,47"
1998-01-05,"0,63"
1998-01-05,"0,19"
1998-01-05,"0,10"
1998-01-05,"0,08"
1998-01-05,"0,13"
1998-01-05,"0,14"
1998-02-02,"0,32"
1998-02-02,"0,41"
1998-02-02,"0,39"
1998-02-02,"0,35"
1998-02-02,"0,30"
1998-02-02,"0,12"
1998-02-02,"0,09"
1998-02-02,"0,06"
1998-02-10,"0,45"
1998-02-10,"0,41"
1998-02-10,"0,43"
1998-02-10,"0,27"
1998-02-10,"0,22"
1998-02-10,"0,19"
1998-02-10,"0,07"
1998-02-10,"0,00"
1998-02-10,"0,18"
1998-02-17,"0,53"
1998-02-17,"0,54"
1998-02-17,"0,57"
1998-02-17,"0,45"
1998-02-17,"0,29"
1998-02-17,"0,07"
1998-02-17,"0,04"
1998-02-17,"0,04"
1998-02-17,"0,04"
1998-02-25,"0,54"
1998-02-25,"0,69"
1998-02-25,"0,46"
1998-02-25,"0,60"
1998-02-25,"0,36"
1998-02-25,"0,04"
1998-02-25,"0,04"
1998-02-25,"0,00"
1998-02-25,"0,00"
1998-03-03,"0,34"
1998-03-03,"0,42"
1998-03-03,"0,38"
1998-03-03,"0,63"
1998-03-03,"0,29"
1998-03-03,"0,03"
1998-03-03,"0,00"
1998-03-03,"0,00"
1998-03-03,"0,04"
1998-03-09,"0,39"
1998-03-09,"0,64"
1998-03-09,"0,57"
1998-03-09,"0,72"
1998-03-09,"0,42"
1998-03-09,"0,07"
1998-03-09,"0,00"
1998-03-09,"0,00"
1998-03-09,"0,19"
1998-03-18,"0,31"
1998-03-18,"0,54"
1998-03-18,"0,53"
1998-03-18,"0,88"
1998-03-18,"0,38"
1998-03-18,"0,04"
1998-03-18,"0,00"
1998-03-18,"0,04"
1998-03-18,"0,03"
1998-03-25,"0,41"
1998-03-25,"0,54"
1998-03-25,"0,54"
1998-03-25,"0,53"
1998-03-25,"0,39"
1998-03-25,"0,03"
1998-03-25,"0,03"
1998-03-25,"0,04"
1998-03-25,"0,00"
1998-04-01,"0,29"
1998-04-01,"0,44"
1998-04-01,"0,62"
1998-04-01,"0,65"
1998-04-01,"0,57"
1998-04-01,"0,00"
1998-04-01,"0,00"
1998-04-01,"0,00"
1998-04-01,"0,03"
1998-04-08,"0,40"
1998-04-08,"0,53"
1998-04-08,"0,74"
1998-04-08,"0,71"
1998-04-08,"0,74"
1998-04-08,"0,03"
1998-04-08,"0,04"
1998-04-08,"0,16"
1998-04-08,"0,03"
1998-05-08,"1,12"
1998-05-08,"1,15"
1998-05-08,"1,08"
1998-05-08,"1,06"
1998-05-08,"1,01"
1998-05-08,"0,10"
1998-05-08,"0,04"
1998-05-08,"0,05"
1998-05-08,"0,04"
1998-05-18,"1,33"
1998-05-18,"1,53"
1998-05-18,"1,45"
1998-05-18,"1,56"
1998-05-18,"1,52"
1998-05-18,"1,44"
1998-05-18,"0,10"
1998-05-18,"0,04"
1998-05-18,"0,00"
1998-05-25,"1,37"
1998-05-25,"1,62"
1998-05-25,"1,67"
1998-05-25,"1,69"
1998-05-25,"1,69"
1998-05-25,"1,03"
1998-05-25,"0,86"
1998-05-25,"0,28"
1998-05-25,"0,00"
1998-06-01,"1,88"
1998-06-01,"2,11"
1998-06-01,"1,99"
1998-06-01,"2,12"
1998-06-01,"1,95"
1998-06-01,"1,61"
1998-06-01,"0,50"
1998-06-01,"0,17"
1998-06-01,"0,23"
1998-06-08,"0,77"
1998-06-08,"0,70"
1998-06-08,"0,91"
1998-06-08,"0,86"
1998-06-08,"0,88"
1998-06-08,"0,88"
1998-06-08,"0,73"
1998-06-08,"0,22"
1998-06-08,"0,31"
1998-06-15,"0,40"
1998-06-15,"0,51"
1998-06-15,"0,60"
1998-06-15,"0,61"
1998-06-15,"0,63"
1998-06-15,"0,41"
1998-06-15,"0,16"
1998-06-15,"0,13"
1998-06-15,"0,60"
1998-06-23,"0,42"
1998-06-23,"0,49"
1998-06-23,"0,53"
1998-06-23,"0,59"
1998-06-23,"0,54"
1998-06-23,"0,50"
1998-06-23,"0,47"
1998-06-23,"0,55"
1998-06-23,"0,39"
1998-06-29,"0,23"
1998-06-29,"0,44"
1998-06-29,"0,49"
1998-06-29,"0,46"
1998-06-29,"0,51"
1998-06-29,"0,44"
1998-06-29,"0,45"
1998-06-29,"0,41"
1998-06-29,"0,20"
1998-07-06,"0,24"
1998-07-06,"0,52"
1998-07-06,"0,64"
1998-07-06,"0,70"
1998-07-06,"0,61"
1998-07-06,"0,48"
1998-07-06,"0,48"
1998-07-06,"0,39"
1998-07-06,"0,32"
1998-07-10,"0,42"
1998-07-10,"0,48"
1998-07-10,"0,70"
1998-07-10,"0,75"
1998-07-10,"0,71"
1998-07-10,"0,46"
1998-07-10,"0,59"
1998-07-10,"0,41"
1998-07-10,"0,29"
1998-07-19,"0,47"
1998-07-19,"0,67"
1998-07-19,"0,70"
1998-07-19,"0,80"
1998-07-19,"0,63"
1998-07-19,"0,37"
1998-07-19,"0,16"
1998-07-19,"0,20"
1998-07-19,"0,15"
1998-07-28,"0,79"
1998-07-28,"0,88"
1998-07-28,"0,98"
1998-07-28,"0,76"
1998-07-28,"0,61"
1998-07-28,"0,21"
1998-07-28,"0,07"
1998-07-28,"0,08"
1998-07-28,"0,05"
1998-08-03,"0,21"
1998-08-03,"0,21"
1998-08-03,"0,30"
1998-08-03,"0,26"
1998-08-03,"0,43"
1998-08-03,"0,16"
1998-08-03,"0,53"
1998-08-03,"0,23"
1998-08-03,"0,26"
1998-08-11,"2,30"
1998-08-11,"1,97"
1998-08-11,"2,05"
1998-08-11,"1,70"
1998-08-11,"0,73"
1998-08-11,"0,33"
1998-08-11,"0,14"
1998-08-11,"0,24"
1998-08-11,"0,32"
1998-08-17,"2,42"
1998-08-17,"2,95"
1998-08-17,"3,04"
1998-08-17,"3,04"
1998-08-17,"1,11"
1998-08-17,
1998-08-17,"0,20"
1998-08-17,"0,22"
1998-08-17,"0,27"
1998-08-25,"1,87"
1998-08-25,"1,91"
1998-08-25,"2,04"
1998-08-25,"2,29"
1998-08-25,"1,01"
1998-08-25,"0,21"
1998-08-25,"0,24"
1998-08-25,"0,24"
1998-08-25,"0,18"
1998-09-01,"2,20"
1998-09-01,"2,17"
1998-09-01,"2,19"
1998-09-01,"2,43"
1998-09-01,"0,95"
1998-09-01,"0,20"
1998-09-01,"0,10"
1998-09-01,"0,27"
1998-09-01,"0,14"
1998-09-07,"2,88"
1998-09-07,"2,49"
1998-09-07,"2,44"
1998-09-07,"2,40"
1998-09-07,"0,95"
1998-09-07,"0,16"
1998-09-07,    0.81*
1998-09-07,"0,15"
1998-09-07,"0,00"
1998-09-16,"2,49"
1998-09-16,"2,15"
1998-09-16,"2,17"
1998-09-16,"2,15"
1998-09-16,"1,01"
1998-09-16,"0,16"
1998-09-16,"0,42"
1998-09-16,"0,14"
1998-09-16,"0,21"
1998-09-24,"1,89"
1998-09-24,"2,08"
1998-09-24,"1,85"
1998-09-24,"1,79"
1998-09-24,"1,81"
1998-09-24,"0,75"
1998-09-24,"0,32"
1998-09-24,"0,32"
1998-09-24,"0,36"
1998-10-01,"2,95"
1998-10-01,"2,78"
1998-10-01,"2,97"
1998-10-01,"3,21"
1998-10-01,"2,19"
1998-10-01,"0,45"
1998-10-01,"0,28"
1998-10-01,"0,31"
1998-10-01,"0,00"
1998-10-09,"1,80"
1998-10-09,"1,68"
1998-10-09,"1,62"
1998-10-09,"1,60"
1998-10-09,"1,64"
1998-10-09,"0,54"
1998-10-09,"0,13"
1998-10-09,"0,10"
1998-10-09,"0,09"
1998-10-16,"1,35"
1998-10-16,"1,49"
1998-10-16,"1,45"
1998-10-16,"1,48"
1998-10-16,"1,14"
1998-10-16,"0,89"
1998-10-16,"0,09"
1998-10-16,"0,08"
1998-10-16,"0,07"
1998-10-22,"1,01"
1998-10-22,"1,12"
1998-10-22,"1,09"
1998-10-22,"0,95"
1998-10-22,"0,41"
1998-10-22,"0,29"
1998-10-22,"0,33"
1998-10-22,"0,34"
1998-10-22,"0,34"
1998-10-28,"0,47"
1998-10-28,"0,67"
1998-10-28,"0,62"
1998-10-28,"0,58"
1998-10-28,"0,49"
1998-10-28,"0,37"
1998-10-28,"0,37"
1998-10-28,"0,31"
1998-10-28,"0,31"
1998-10-28,
1998-11-11,"0,43"
1998-11-11,"0,34"
1998-11-11,"0,40"
1998-11-11,"0,43"
1998-11-11,"0,32"
1998-11-11,"0,25"
1998-11-11,"0,28"
1998-11-11,"0,20"
1998-11-11,"0,23"
1998-11-11,
1998-11-19,"0,64"
1998-11-19,"0,61"
1998-11-19,"0,64"
1998-11-19,"0,69"
1998-11-19,"0,67"
1998-11-19,"0,77"
1998-11-19,"0,60"
1998-11-19,"0,59"
1998-11-19,"0,53"
1998-11-19,
1998-11-26,"0,46"
1998-11-26,"0,50"
1998-11-26,"0,51"
1998-11-26,"0,52"
1998-11-26,"0,50"
1998-11-26,"0,42"
1998-11-26,"0,40"
1998-11-26,"0,48"
1998-11-26,"0,44"
1998-12-04,"0,48"
1998-12-04,"0,46"
1998-12-04,"0,46"
1998-12-04,"0,34"
1998-12-04,"0,38"
1998-12-04,"0,41"
1998-12-04,"0,35"
1998-12-04,"0,38"
1998-12-04,"0,36"
1998-12-04,
1998-12-10,"0,27"
1998-12-10,"0,24"
1998-12-10,"0,23"
1998-12-10,"0,25"
1998-12-10,"0,25"
1998-12-10,"0,23"
1998-12-10,"0,16"
1998-12-10,"0,24"
1998-12-10,"0,22"
1998-12-10,
1998-12-29,"0,17"
1998-12-29,"0,14"
1998-12-29,"0,19"
1998-12-29,"0,16"
1998-12-29,"0,17"
1998-12-29,"0,17"
1998-12-29,"0,18"
1998-12-29,"0,14"
1998-12-29,"0,08"
1999-01-04,"0,46"
1999-01-04,"0,52"
1999-01-04,"0,48"
1999-01-04,"0,46"
1999-01-04,"0,28"
1999-01-04,"0,26"
1999-01-04,"0,29"
1999-01-04,"0,32"
1999-01-04,"0,31"
1999-01-04,
1999-01-29,"0,64"
1999-01-29,"0,68"
1999-01-29,"0,70"
1999-01-29,"0,59"
1999-01-29,"0,34"
1999-01-29,"0,19"
1999-01-29,"0,19"
1999-01-29,"0,23"
1999-01-29,"0,19"
1999-02-04,"1,31"
1999-02-04,"1,27"
1999-02-04,"0,81"
1999-02-04,"0,47"
1999-02-04,"0,36"
1999-02-04,"0,27"
1999-02-04,"0,26"
1999-02-04,"0,27"
1999-02-04,"0,28"
1999-02-11,"1,58"
1999-02-11,"1,45"
1999-02-11,"1,43"
1999-02-11,"0,69"
1999-02-11,"0,52"
1999-02-11,"0,43"
1999-02-11,"0,38"
1999-02-11,"0,38"
1999-02-11,"0,37"
1999-02-18,"1,30"
1999-02-18,"1,25"
1999-02-18,"1,16"
1999-02-18,"0,51"
1999-02-18,"0,38"
1999-02-18,"0,27"
1999-02-18,"0,32"
1999-02-18,"0,35"
1999-02-18,"0,30"
1999-02-25,"1,16"
1999-02-25,"1,35"
1999-02-25,"1,32"
1999-02-25,"0,59"
1999-02-25,"0,36"
1999-02-25,"0,39"
1999-02-25,"0,28"
1999-02-25,"0,31"
1999-02-25,"0,29"
1999-03-04,"1,41"
1999-03-04,"1,22"
1999-03-04,"1,08"
1999-03-04,"1,31"
1999-03-04,"0,47"
1999-03-04,"0,45"
1999-03-04,"0,40"
1999-03-04,"0,45"
1999-03-04,"0,38"
1999-03-12,"1,86"
1999-03-12,"2,26"
1999-03-12,"2,04"
1999-03-12,"2,10"
1999-03-12,"1,24"
1999-03-12,"0,66"
1999-03-12,"0,65"
1999-03-12,"0,73"
1999-03-12,"0,58"
1999-03-16,"1,49"
1999-03-16,"1,70"
1999-03-16,"1,98"
1999-03-16,"1,36"
1999-03-16,"0,57"
1999-03-16,"0,46"
1999-03-16,"0,42"
1999-03-16,"0,48"
1999-03-16,"0,50"
1999-03-23,"1,46"
1999-03-23,"2,08"
1999-03-23,"2,09"
1999-03-23,"1,92"
1999-03-23,"0,60"
1999-03-23,"0,50"
1999-03-23,"0,56"
1999-03-23,"0,57"
1999-03-23,"0,53"
1999-03-30,"1,70"
1999-03-30,"1,58"
1999-03-30,"1,61"
1999-03-30,"1,70"
1999-03-30,"1,13"
1999-03-30,"0,63"
1999-03-30,"0,63"
1999-03-30,"0,60"
1999-03-30,"0,51"
1999-04-05,"1,33"
1999-04-05,"1,70"
1999-04-05,"1,72"
1999-04-05,"1,68"
1999-04-05,"1,13"
1999-04-05,"0,45"
1999-04-05,"0,52"
1999-04-05,"0,43"
1999-04-05,"0,45"
1999-04-12,"1,33"
1999-04-12,"1,30"
1999-04-12,"1,43"
1999-04-12,"1,52"
1999-04-12,"1,46"
1999-04-12,"0,65"
1999-04-12,"0,64"
1999-04-12,"0,67"
1999-04-12,"0,63"
1999-05-05,"0,57"
1999-05-05,"1,22"
1999-05-05,"0,92"
1999-05-05,"1,13"
1999-05-05,"0,81"
1999-05-05,"0,38"
1999-05-05,"0,29"
1999-05-05,"0,43"
1999-05-05,"0,29"
1999-05-14,"0,83"
1999-05-14,"0,84"
1999-05-14,"1,03"
1999-05-14,"1,32"
1999-05-14,"1,08"
1999-05-14,"0,70"
1999-05-14,"0,47"
1999-05-14,"0,69"
1999-05-14,"0,65"
1999-05-20,"0,97"
1999-05-20,"1,45"
1999-05-20,"1,16"
1999-05-20,"1,53"
1999-05-20,"1,59"
1999-05-20,"0,96"
1999-05-20,"0,90"
1999-05-20,"0,96"
1999-05-20,"1,10"
1999-05-27,"1,51"
1999-05-27,"1,48"
1999-05-27,"1,86"
1999-05-27,"1,74"
1999-05-27,"1,71"
1999-05-27,"1,04"
1999-05-27,"0,16"
1999-05-27,"0,28"
1999-05-27,"0,25"
1999-06-02,"1,11"
1999-06-02,"1,31"
1999-06-02,"1,29"
1999-06-02,"1,41"
1999-06-02,"1,45"
1999-06-02,"1,00"
1999-06-02,"0,72"
1999-06-02,"0,79"
1999-06-02,"0,62"
1999-06-10,"1,42"
1999-06-10,"1,59"
1999-06-10,"1,80"
1999-06-10,"1,84"
1999-06-10,"2,01"
1999-06-10,"1,90"
1999-06-10,"1,66"
1999-06-10,"1,40"
1999-06-10,"1,39"
1999-06-17,"0,83"
1999-06-17,"1,47"
1999-06-17,"1,45"
1999-06-17,"1,64"
1999-06-17,"1,83"
1999-06-17,"1,71"
1999-06-17,"1,65"
1999-06-17,"1,67"
1999-06-17,"1,48"
1999-06-24,"1,51"
1999-06-24,"1,83"
1999-06-24,"1,80"
1999-06-24,"1,91"
1999-06-24,"1,80"
1999-06-24,"1,68"
1999-06-24,"1,20"
1999-06-24,"1,62"
1999-06-24,"1,40"
1999-06-30,"1,74"
1999-06-30,"2,57"
1999-06-30,"2,61"
1999-06-30,"2,46"
1999-06-30,"2,41"
1999-06-30,"1,63"
1999-06-30,"1,87"
1999-06-30,"1,48"
1999-06-30,"0,69"
1999-07-07,"2,12"
1999-07-07,"3,47"
1999-07-07,"4,45"
1999-07-07,"2,98"
1999-07-07,"2,07"
1999-07-07,"0,92"
1999-07-07,"0,95"
1999-07-07,"0,91"
1999-07-07,"0,72"
1999-07-13,"2,35"
1999-07-13,"2,63"
1999-07-13,"2,75"
1999-07-13,"2,69"
1999-07-13,"1,34"
1999-07-13,"0,83"
1999-07-13,"0,91"
1999-07-13,"1,08"
1999-07-13,"0,89"
1999-07-20,"1,10"
1999-07-20,"1,57"
1999-07-20,"4,39"
1999-07-20,"2,52"
1999-07-20,"1,27"
1999-07-20,"0,76"
1999-07-20,"0,45"
1999-07-20,"0,52"
1999-07-20,"0,33"
1999-07-31,"1,77"
1999-07-31,"2,54"
1999-07-31,"3,46"
1999-07-31,"2,42"
1999-07-31,"0,83"
1999-07-31,"0,20"
1999-07-31,"0,19"
1999-07-31,"0,23"
1999-07-31,"0,22"
1999-08-04,"1,62"
1999-08-04,"1,65"
1999-08-04,"1,82"
1999-08-04,"2,37"
1999-08-04,"0,33"
1999-08-04,"0,18"
1999-08-04,"0,16"
1999-08-04,"0,13"
1999-08-04,"0,17"
1999-08-16,"1,58"
1999-08-16,"1,55"
1999-08-16,"1,68"
1999-08-16,"1,77"
1999-08-16,"0,28"
1999-08-16,"0,11"
1999-08-16,"0,06"
1999-08-16,"0,16"
1999-08-16,"0,08"
1999-08-23,"1,71"
1999-08-23,"1,89"
1999-08-23,"1,79"
1999-08-23,"1,56"
1999-08-23,"0,29"
1999-08-23,"0,12"
1999-08-23,"0,11"
1999-08-23,"0,09"
1999-08-23,"0,15"
1999-08-31,"1,59"
1999-08-31,"1,83"
1999-08-31,"1,87"
1999-08-31,"1,67"
1999-08-31,"1,22"
1999-08-31,"0,26"
1999-08-31,"0,09"
1999-08-31,"0,20"
1999-08-31,"0,12"
1999-09-08,"1,58"
1999-09-08,"1,71"
1999-09-08,"1,72"
1999-09-08,"1,64"
1999-09-08,"0,36"
1999-09-08,"0,16"
1999-09-08,"0,09"
1999-09-08,"0,07"
1999-09-08,"0,02"
1999-09-15,"2,04"
1999-09-15,"1,98"
1999-09-15,"2,00"
1999-09-15,"0,45"
1999-09-15,"0,25"
1999-09-15,"0,18"
1999-09-15,"0,10"
1999-09-15,"0,09"
1999-09-15,"0,04"
1999-09-23,"1,62"
1999-09-23,"1,51"
1999-09-23,"1,71"
1999-09-23,"1,54"
1999-09-23,"1,33"
1999-09-23,"0,08"
1999-09-23,"0,05"
1999-09-23,"0,01"
1999-09-23,"0,05"
1999-09-29,"1,77"
1999-09-29,"1,73"
1999-09-29,"1,90"
1999-09-29,"1,70"
1999-09-29,"0,54"
1999-09-29,"0,14"
1999-09-29,"0,06"
1999-09-29,"0,06"
1999-09-29,"0,04"
1999-10-05,"1,68"
1999-10-05,"1,70"
1999-10-05,"1,80"
1999-10-05,"1,35"
1999-10-05,"1,20"
1999-10-05,"0,04"
1999-10-05,"0,04"
1999-10-05,"0,05"
1999-10-05,"0,02"
1999-10-13,"0,85"
1999-10-13,"0,92"
1999-10-13,"1,02"
1999-10-13,"0,38"
1999-10-13,"0,08"
1999-10-13,"0,06"
1999-10-13,"0,04"
1999-10-13,"0,03"
1999-10-13,"0,03"
1999-10-20,"1,33"
1999-10-20,"1,37"
1999-10-20,"1,20"
1999-10-20,"1,23"
1999-10-20,"0,90"
1999-10-20,"0,06"
1999-10-20,"0,05"
1999-10-20,"0,03"
1999-10-20,"0,03"
1999-10-28,"0,31"
1999-10-28,"0,29"
1999-10-28,"0,31"
1999-10-28,"0,23"
1999-10-28,"0,19"
1999-10-28,"0,10"
1999-10-28,"0,05"
1999-10-28,"0,04"
1999-10-28,"0,13"
1999-11-04,"0,62"
1999-11-04,"0,54"
1999-11-04,"0,55"
1999-11-04,"0,53"
1999-11-04,"0,56"
1999-11-04,"0,47"
1999-11-04,"0,38"
1999-11-04,"0,29"
1999-11-04,"0,07"
1999-11-10,"0,47"
1999-11-10,"0,44"
1999-11-10,"0,42"
1999-11-10,"0,41"
1999-11-10,"0,30"
1999-11-10,"0,36"
1999-11-10,"0,05"
1999-11-10,"0,06"
1999-11-10,"0,04"
1999-11-26,"0,07"
1999-11-26,"0,12"
1999-11-26,"0,11"
1999-11-26,"0,12"
1999-11-26,"0,08"
1999-11-26,"0,11"
1999-11-26,"0,06"
1999-11-26,"0,03"
1999-11-26,"0,04"
1999-12-03,"0,11"
1999-12-03,"0,13"
1999-12-03,"0,11"
1999-12-03,"0,09"
1999-12-03,"0,14"
1999-12-03,"0,12"
1999-12-03,"0,08"
1999-12-03,"0,06"
1999-12-03,"0,05"
1999-12-08,"0,18"
1999-12-08,"0,10"
1999-12-08,"0,10"
1999-12-08,"0,08"
1999-12-08,"0,07"
1999-12-08,"0,08"
1999-12-08,"0,08"
1999-12-08,"0,06"
1999-12-08,"0,06"
1999-12-26,"0,11"
1999-12-26,"0,13"
1999-12-26,"0,14"
1999-12-26,"0,14"
1999-12-26,"0,13"
1999-12-26,"0,09"
1999-12-26,"0,06"
1999-12-26,"0,04"
1999-12-26,"0,06"
2000-01-08,"0,14"
2000-01-08,"0,15"
2000-01-08,"0,17"
2000-01-08,"0,16"
2000-01-08,"0,16"
2000-01-08,"0,16"
2000-01-08,"0,14"
2000-01-08,"0,09"
2000-01-08,"0,09"
2000-01-27,"0,18"
2000-01-27,"0,24"
2000-01-27,"0,21"
2000-01-27,"0,21"
2000-01-27,"0,16"
2000-01-27,"0,06"
2000-01-27,"0,04"
2000-01-27,"0,03"
2000-01-27,"0,04"
2000-02-02,"0,29"
2000-02-02,"0,20"
2000-02-02,"0,23"
2000-02-02,"0,22"
2000-02-02,"0,12"
2000-02-02,"0,04"
2000-02-02,"0,03"
2000-02-02,"0,03"
2000-02-02,"0,03"
2000-02-09,"0,43"
2000-02-09,"0,33"
2000-02-09,"0,31"
2000-02-09,"0,22"
2000-02-09,"0,10"
2000-02-09,"0,07"
2000-02-09,"0,03"
2000-02-09,"0,03"
2000-02-09,"0,02"
2000-02-16,"0,29"
2000-02-16,"0,36"
2000-02-16,"0,37"
2000-02-16,"0,22"
2000-02-16,"0,11"
2000-02-16,"0,04"
2000-02-16,"0,02"
2000-02-16,"0,02"
2000-02-16,"0,02"
2000-02-23,"0,32"
2000-02-23,"0,69"
2000-02-23,"0,53"
2000-02-23,"0,35"
2000-02-23,"0,10"
2000-02-23,"0,06"
2000-02-23,"0,00"
2000-02-23,"0,00"
2000-02-23,"0,00"
2000-03-01,"0,78"
2000-03-01,"0,69"
2000-03-01,"0,84"
2000-03-01,"0,37"
2000-03-01,"0,11"
2000-03-01,"0,04"
2000-03-01,"0,01"
2000-03-01,"0,02"
2000-03-01,"0,02"
2000-03-07,"1,37"
2000-03-07,"1,63"
2000-03-07,"1,29"
2000-03-07,"0,62"
2000-03-07,"0,09"
2000-03-07,"0,06"
2000-03-07,"0,02"
2000-03-07,"0,02"
2000-03-07,"0,02"
2000-03-15,"2,73"
2000-03-15,"3,40"
2000-03-15,"3,60"
2000-03-15,"2,16"
2000-03-15,"0,12"
2000-03-15,"0,04"
2000-03-15,"0,03"
2000-03-15,"0,03"
2000-03-15,"0,03"
2000-03-22,"1,67"
2000-03-22,"3,38"
2000-03-22,"3,36"
2000-03-22,"5,26"
2000-03-22,"0,16"
2000-03-22,"0,04"
2000-03-22,"0,00"
2000-03-22,"0,02"
2000-03-22,"0,02"
2000-03-29,"4,66"
2000-03-29,"2,79"
2000-03-29,"2,78"
2000-03-29,"2,16"
2000-03-29,"0,14"
2000-03-29,"0,05"
2000-03-29,"0,05"
2000-03-29,"0,05"
2000-03-29,"0,03"
2000-04-05,"6,35"
2000-04-05,"4,81"
2000-04-05,"4,69"
2000-04-05,"4,90"
2000-04-05,"0,21"
2000-04-05,"0,07"
2000-04-05,"0,05"
2000-04-05,"0,02"
2000-04-05,"0,03"
2000-04-12,"6,65"
2000-04-12,"4,57"
2000-04-12,"5,08"
2000-04-12,"5,07"
2000-04-12,"0,26"
2000-04-12,"0,12"
2000-04-12,"0,07"
2000-04-12,"0,10"
2000-04-12,"0,06"
2000-05-13,"3,02"
2000-05-13,"3,80"
2000-05-13,"3,76"
2000-05-13,"3,66"
2000-05-13,"3,84"
2000-05-13,"3,06"
2000-05-13,"0,83"
2000-05-13,"0,11"
2000-05-13,"0,07"
2000-05-25,"0,68"
2000-05-25,"0,90"
2000-05-25,"0,80"
2000-05-25,"0,74"
2000-05-25,"0,79"
2000-05-25,"0,41"
2000-05-25,"0,09"
2000-05-25,"0,06"
2000-05-25,"0,06"
2000-06-01,"0,65"
2000-06-01,"0,71"
2000-06-01,"0,91"
2000-06-01,"0,72"
2000-06-01,"0,79"
2000-06-01,"0,60"
2000-06-01,"0,48"
2000-06-01,"0,45"
2000-06-01,"0,09"
2000-06-08,"0,39"
2000-06-08,"0,37"
2000-06-08,"0,31"
2000-06-08,"0,33"
2000-06-08,"0,46"
2000-06-08,"0,40"
2000-06-08,"0,44"
2000-06-08,"0,47"
2000-06-08,"0,16"
2000-06-15,"0,26"
2000-06-15,"0,35"
2000-06-15,"0,42"
2000-06-15,"0,40"
2000-06-15,"0,52"
2000-06-15,"0,44"
2000-06-15,"0,42"
2000-06-15,"0,48"
2000-06-15,"0,27"
2000-06-23,"0,34"
2000-06-23,"0,34"
2000-06-23,"0,47"
2000-06-23,"0,46"
2000-06-23,"0,45"
2000-06-23,"0,47"
2000-06-23,"0,30"
2000-06-23,"0,32"
2000-06-23,"0,22"
2000-06-29,"0,31"
2000-06-29,"0,29"
2000-06-29,"0,37"
2000-06-29,"0,41"
2000-06-29,"0,56"
2000-06-29,"0,49"
2000-06-29,"0,35"
2000-06-29,"0,33"
2000-06-29,"0,24"
2000-07-05,"0,91"
2000-07-05,"0,95"
2000-07-05,"1,25"
2000-07-05,"1,06"
2000-07-05,"1,10"
2000-07-05,"0,53"
2000-07-05,"0,18"
2000-07-05,"0,16"
2000-07-05,"0,17"
2000-07-11,"0,78"
2000-07-11,"0,81"
2000-07-11,"1,34"
2000-07-11,"1,24"
2000-07-11,"0,84"
2000-07-11,"0,36"
2000-07-11,"0,22"
2000-07-11,"0,14"
2000-07-11,"0,16"
2000-07-21,"2,81"
2000-07-21,"2,27"
2000-07-21,"1,84"
2000-07-21,"1,00"
2000-07-21,"0,68"
2000-07-21,"0,22"
2000-07-21,"0,14"
2000-07-21,"0,13"
2000-07-21,"0,12"
2000-07-27,"1,16"
2000-07-27,"1,28"
2000-07-27,"1,15"
2000-07-27,"1,05"
2000-07-27,"0,65"
2000-07-27,"0,17"
2000-07-27,"0,17"
2000-07-27,"0,17"
2000-07-27,"0,11"
2000-08-08,"1,97"
2000-08-08,"2,51"
2000-08-08,"3,00"
2000-08-08,"4,12"
2000-08-08,"1,96"
2000-08-08,"0,46"
2000-08-08,"0,15"
2000-08-08,"0,18"
2000-08-08,"0,09"
2000-08-17,"0,22"
2000-08-17,"0,21"
2000-08-17,"0,16"
2000-08-17,"0,18"
2000-08-17,"0,20"
2000-08-17,"0,11"
2000-08-17,"0,07"
2000-08-17,"0,03"
2000-08-17,"0,03"
2000-08-23,"2,36"
2000-08-23,"2,37"
2000-08-23,"2,49"
2000-08-23,"2,76"
2000-08-23,"0,46"
2000-08-23,"0,18"
2000-08-23,"0,07"
2000-08-23,"0,08"
2000-08-23,"0,04"
2000-08-31,"2,64"
2000-08-31,"2,34"
2000-08-31,"1,42"
2000-08-31,"1,08"
2000-08-31,"0,30"
2000-08-31,"0,12"
2000-08-31,"0,09"
2000-08-31,"0,11"
2000-08-31,"0,05"
2000-09-21,"1,83"
2000-09-21,"2,00"
2000-09-21,"1,81"
2000-09-21,"1,79"
2000-09-21,"1,22"
2000-09-21,"0,13"
2000-09-21,"0,18"
2000-09-21,"0,15"
2000-09-21,"0,09"
2000-09-28,"1,28"
2000-09-28,"1,30"
2000-09-28,"1,30"
2000-09-28,"1,19"
2000-09-28,"1,17"
2000-09-28,"0,17"
2000-09-28,"0,06"
2000-09-28,"0,06"
2000-09-28,"0,03"
2000-10-07,"0,65"
2000-10-07,"0,72"
2000-10-07,"0,79"
2000-10-07,"0,73"
2000-10-07,"0,79"
2000-10-07,"0,20"
2000-10-07,"0,10"
2000-10-07,"0,06"
2000-10-07,"0,04"
2000-10-18,"0,53"
2000-10-18,"0,50"
2000-10-18,"0,25"
2000-10-18,"0,52"
2000-10-18,"0,82"
2000-10-18,"0,37"
2000-10-18,"0,14"
2000-10-18,"0,08"
2000-10-18,"0,09"
2000-11-02,"0,57"
2000-11-02,"0,46"
2000-11-02,"0,78"
2000-11-02,"0,56"
2000-11-02,"0,67"
2000-11-02,"0,64"
2000-11-02,"0,21"
2000-11-02,"0,13"
2000-11-02,"0,06"
2000-11-10,"0,47"
2000-11-10,"0,33"
2000-11-10,"0,39"
2000-11-10,"0,34"
2000-11-10,"0,34"
2000-11-10,"0,37"
2000-11-10,"0,12"
2000-11-10,"0,07"
2000-11-10,"0,04"
2000-11-16,"0,35"
2000-11-16,"0,37"
2000-11-16,"0,39"
2000-11-16,"0,41"
2000-11-16,"0,45"
2000-11-16,"0,28"
2000-11-16,"0,24"
2000-11-16,"0,17"
2000-11-16,"0,04"
2000-11-30,"0,11"
2000-11-30,"0,15"
2000-11-30,"0,12"
2000-11-30,"0,13"
2000-11-30,"0,13"
2000-11-30,"0,16"
2000-11-30,"0,11"
2000-11-30,"0,12"
2000-11-30,"0,08"
2000-12-11,"0,14"
2000-12-11,"0,14"
2000-12-11,"0,14"
2000-12-11,"0,13"
2000-12-11,"0,11"
2000-12-11,"0,10"
2000-12-11,"0,11"
2000-12-11,"0,10"
2000-12-11,"0,11"
2000-12-21,"0,28"
2000-12-21,"0,33"
2000-12-21,"0,31"
2000-12-21,"0,29"
2000-12-21,"0,17"
2000-12-21,"0,17"
2000-12-21,"0,10"
2000-12-21,"0,12"
2000-12-21,"0,10"
2001-01-17,"0,29"
2001-01-17,"0,52"
2001-01-17,"0,48"
2001-01-17,"0,26"
2001-01-17,"0,13"
2001-01-17,"0,07"
2001-01-17,"0,05"
2001-01-17,"0,05"
2001-01-17,"0,05"
2001-01-25,"0,42"
2001-01-25,"0,41"
2001-01-25,"0,40"
2001-01-25,"0,29"
2001-01-25,"0,26"
2001-01-25,"0,18"
2001-01-25,"0,21"
2001-01-25,"0,15"
2001-01-25,"0,00"
2001-02-01,"0,39"
2001-02-01,"0,57"
2001-02-01,"0,53"
2001-02-01,"0,56"
2001-02-01,"0,13"
2001-02-01,"0,08"
2001-02-01,"0,05"
2001-02-01,"0,06"
2001-02-01,"0,04"
2001-02-08,"0,62"
2001-02-08,"0,70"
2001-02-08,"0,70"
2001-02-08,"0,54"
2001-02-08,"0,12"
2001-02-08,"0,05"
2001-02-08,"0,05"
2001-02-08,"0,04"
2001-02-08,"0,03"
2001-02-15,"1,00"
2001-02-15,"0,78"
2001-02-15,"0,80"
2001-02-15,"0,70"
2001-02-15,"0,10"
2001-02-15,"0,07"
2001-02-15,"0,04"
2001-02-15,"0,06"
2001-02-15,"0,05"
2001-02-22,"0,72"
2001-02-22,"0,78"
2001-02-22,"0,80"
2001-02-22,"0,24"
2001-02-22,"0,09"
2001-02-22,"0,07"
2001-02-22,"0,05"
2001-02-22,"0,06"
2001-02-22,"0,03"
2001-03-01,"0,76"
2001-03-01,"0,73"
2001-03-01,"0,74"
2001-03-01,"0,66"
2001-03-01,"0,13"
2001-03-01,"0,06"
2001-03-01,"0,04"
2001-03-01,"0,02"
2001-03-01,"0,05"
2001-03-11,"1,05"
2001-03-11,"1,06"
2001-03-11,"1,20"
2001-03-11,"0,89"
2001-03-11,"0,13"
2001-03-11,"0,05"
2001-03-11,"0,04"
2001-03-11,"0,40"
2001-03-11,"0,02"
2001-03-15,"0,82"
2001-03-15,"0,83"
2001-03-15,"0,91"
2001-03-15,"0,87"
2001-03-15,"0,18"
2001-03-15,"0,06"
2001-03-15,"0,04"
2001-03-15,"0,17"
2001-03-15,"0,05"
2001-03-22,"0,98"
2001-03-22,"1,23"
2001-03-22,"1,16"
2001-03-22,"0,96"
2001-03-22,"0,12"
2001-03-22,"0,07"
2001-03-22,"0,04"
2001-03-22,"0,05"
2001-03-22,"0,04"
2001-03-29,"1,27"
2001-03-29,"1,28"
2001-03-29,"1,27"
2001-03-29,"1,24"
2001-03-29,"0,25"
2001-03-29,"0,06"
2001-03-29,"0,06"
2001-03-29,"0,04"
2001-03-29,"0,05"
2001-04-05,"1,90"
2001-04-05,"1,14"
2001-04-05,"1,23"
2001-04-05,"1,16"
2001-04-05,"0,30"
2001-04-05,"0,07"
2001-04-05,"0,08"
2001-04-05,"0,07"
2001-04-05,"0,04"
2001-05-30,"0,42"
2001-05-30,"0,54"
2001-05-30,"0,52"
2001-05-30,"0,59"
2001-05-30,"0,65"
2001-05-30,"0,55"
2001-05-30,"0,20"
2001-05-30,"0,05"
2001-05-30,"0,10"
2001-06-09,"0,59"
2001-06-09,"0,66"
2001-06-09,"0,67"
2001-06-09,"0,67"
2001-06-09,"0,80"
2001-06-09,"0,73"
2001-06-09,"0,47"
2001-06-09,"0,46"
2001-06-09,"0,47"
2001-06-20,"0,17"
2001-06-20,"0,26"
2001-06-20,"0,24"
2001-06-20,"0,32"
2001-06-20,"0,31"
2001-06-20,"0,30"
2001-06-20,"0,29"
2001-06-20,"0,25"
2001-06-20,"0,33"
2001-06-28,"0,37"
2001-06-28,"0,49"
2001-06-28,"0,43"
2001-06-28,"0,47"
2001-06-28,"0,38"
2001-06-28,"0,45"
2001-06-28,"0,35"
2001-06-28,"0,33"
2001-06-28,"0,34"
2001-07-05,"0,13"
2001-07-05,"0,25"
2001-07-05,"0,22"
2001-07-05,"0,24"
2001-07-05,"0,23"
2001-07-05,"0,20"
2001-07-05,"0,16"
2001-07-05,"0,12"
2001-07-05,"0,14"
2001-07-16,"2,11"
2001-07-16,"1,51"
2001-07-16,"1,47"
2001-07-16,"1,52"
2001-07-16,"1,56"
2001-07-16,"0,21"
2001-07-16,"0,16"
2001-07-16,"0,15"
2001-07-16,"0,13"
2001-07-24,"0,74"
2001-07-24,"1,41"
2001-07-24,"0,78"
2001-07-24,"0,75"
2001-07-24,"0,36"
2001-07-24,"0,10"
2001-07-24,"0,07"
2001-07-24,"0,42"
2001-07-24,"0,13"
2001-08-06,"0,74"
2001-08-06,"0,85"
2001-08-06,"0,39"
2001-08-06,"0,52"
2001-08-06,"0,40"
2001-08-06,"0,13"
2001-08-06,"0,08"
2001-08-06,"0,14"
2001-08-06,"0,26"
2001-08-25,"1,21"
2001-08-25,"1,40"
2001-08-25,"1,39"
2001-08-25,"1,07"
2001-08-25,"1,00"
2001-08-25,"0,23"
2001-08-25,"0,25"
2001-08-25,"0,48"
2001-08-25,"0,08"
2001-09-11,"1,87"
2001-09-11,"1,25"
2001-09-11,"2,15"
2001-09-11,"1,12"
2001-09-11,"0,76"
2001-09-11,
2001-09-11,
2001-09-11,
2001-09-11,"0,30"
2001-09-28,"1,69"
2001-09-28,"1,51"
2001-09-28,"1,96"
2001-09-28,"1,61"
2001-09-28,"0,47"
2001-09-28,"0,11"
2001-09-28,"0,10"
2001-09-28,"0,07"
2001-09-28,"0,10"
2001-10-25,"1,54"
2001-10-25,"1,38"
2001-10-25,"1,25"
2001-10-25,"1,21"
2001-10-25,"0,99"
2001-10-25,"1,36"
2001-10-25,"0,42"
2001-10-25,"0,21"
2001-10-25,"0,07"
2001-11-05,"0,54"
2001-11-05,"0,53"
2001-11-05,"0,21"
2001-11-05,"0,60"
2001-11-05,"0,40"
2001-11-05,"0,25"
2001-11-05,"0,30"
2001-11-05,"0,03"
2001-11-05,"0,00"
2001-11-14,"0,54"
2001-11-14,"0,38"
2001-11-14,"0,25"
2001-11-14,"0,35"
2001-11-14,"0,46"
2001-11-14,"0,56"
2001-11-14,"0,23"
2001-11-14,"0,59"
2001-11-14,"0,02"
2001-11-25,"0,40"
2001-11-25,"0,26"
2001-11-25,"0,45"
2001-11-25,"0,36"
2001-11-25,"0,17"
2001-11-25,"0,11"
2001-11-25,"0,05"
2001-11-25,"0,06"
2001-11-25,"0,19"
2001-12-05,"0,05"
2001-12-05,"0,05"
2001-12-05,"0,04"
2001-12-05,"0,05"
2001-12-05,"0,04"
2001-12-05,"0,04"
2001-12-05,"0,04"
2001-12-05,"0,02"
2001-12-05,"0,02"
2001-12-20,"0,18"
2001-12-20,"0,15"
2001-12-20,"0,11"
2001-12-20,"0,15"
2001-12-20,"0,06"
2001-12-20,"0,07"
2001-12-20,"0,05"
2001-12-20,"0,07"
2001-12-20,"0,05"
2001-12-27,"0,30"
2001-12-27,"0,32"
2001-12-27,"0,32"
2001-12-27,"0,24"
2001-12-27,"0,23"
2001-12-27,"0,12"
2001-12-27,"0,09"
2001-12-27,"0,05"
2001-12-27,"0,05"
2002-01-04,"0,14"
2002-01-04,"0,12"
2002-01-04,"0,14"
2002-01-04,"0,12"
2002-01-04,"0,12"
2002-01-04,"0,07"
2002-01-04,"0,04"
2002-01-04,"0,04"
2002-01-04,"0,04"
2002-02-21,"1,64"
2002-02-21,"1,47"
2002-02-21,"1,41"
2002-02-21,"0,72"
2002-02-21,"0,21"
2002-02-21,"0,07"
2002-02-21,"0,03"
2002-02-21,"0,03"
2002-02-21,"0,02"
2002-02-28,"0,59"
2002-02-28,"0,80"
2002-02-28,"0,83"
2002-02-28,"0,81"
2002-02-28,"0,16"
2002-02-28,"0,07"
2002-02-28,"0,06"
2002-02-28,"0,04"
2002-02-28,"0,04"
2002-03-06,"0,42"
2002-03-06,"0,85"
2002-03-06,"0,91"
2002-03-06,"0,77"
2002-03-06,"0,22"
2002-03-06,"0,02"
2002-03-06,"0,02"
2002-03-06,"0,02"
2002-03-06,"0,02"
2002-03-14,"0,65"
2002-03-14,"1,29"
2002-03-14,"1,50"
2002-03-14,"1,41"
2002-03-14,"0,18"
2002-03-14,"0,07"
2002-03-14,"0,02"
2002-03-14,"0,02"
2002-03-14,"0,03"
2002-05-16,"2,21"
2002-05-16,"1,93"
2002-05-16,"2,29"
2002-05-16,"2,50"
2002-05-16,"2,51"
2002-05-16,"1,79"
2002-05-16,"1,03"
2002-05-16,"0,96"
2002-05-16,"0,06"
2002-05-24,"1,25"
2002-05-24,"1,40"
2002-05-24,"1,64"
2002-05-24,"1,50"
2002-05-24,"1,54"
2002-05-24,"1,95"
2002-05-24,"1,20"
2002-05-24,"0,11"
2002-05-24,"0,11"
2002-05-29,"1,24"
2002-05-29,"2,65"
2002-05-29,"2,85"
2002-05-29,"2,49"
2002-05-29,"2,32"
2002-05-29,"2,88"
2002-05-29,"2,80"
2002-05-29,"1,60"
2002-05-29,"1,44"
2002-06-13,"1,06"
2002-06-13,"1,28"
2002-06-13,"1,28"
2002-06-13,"1,15"
2002-06-13,"1,05"
2002-06-13,"0,75"
2002-06-13,"0,99"
2002-06-13,"0,73"
2002-06-13,"0,11"
2002-06-18,"0,17"
2002-06-18,"0,28"
2002-06-18,"0,35"
2002-06-18,"0,34"
2002-06-18,"0,29"
2002-06-18,"0,25"
2002-06-18,"0,23"
2002-06-18,"0,23"
2002-06-18,"0,23"
2002-06-25,"0,31"
2002-06-25,"0,54"
2002-06-25,"0,13"
2002-06-25,"0,52"
2002-06-25,"0,65"
2002-06-25,"0,38"
2002-06-25,"0,04"
2002-06-25,"0,35"
2002-06-25,"0,35"
2002-07-03,"0,19"
2002-07-03,"0,34"
2002-07-03,"0,30"
2002-07-03,"0,22"
2002-07-03,"0,40"
2002-07-03,"0,11"
2002-07-03,"0,14"
2002-07-03,"0,12"
2002-07-03,"0,03"
2002-07-09,"0,75"
2002-07-09,"0,74"
2002-07-09,"0,74"
2002-07-09,"0,74"
2002-07-09,"0,27"
2002-07-09,"0,11"
2002-07-09,"0,09"
2002-07-09,"0,06"
2002-07-09,"0,06"
2002-07-16,"0,87"
2002-07-16,"0,70"
2002-07-16,"0,70"
2002-07-16,"0,46"
2002-07-16,"0,28"
2002-07-16,"0,21"
2002-07-16,"0,19"
2002-07-16,"0,09"
2002-07-16,"0,06"
2002-07-23,"1,86"
2002-07-23,"2,08"
2002-07-23,"2,10"
2002-07-23,"1,59"
2002-07-23,"0,77"
2002-07-23,"0,32"
2002-07-23,"0,20"
2002-07-23,"0,14"
2002-07-23,"0,16"
2002-08-01,"0,82"
2002-08-01,"1,07"
2002-08-01,"2,13"
2002-08-01,"0,53"
2002-08-01,"0,15"
2002-08-01,"0,13"
2002-08-01,"0,08"
2002-08-01,"0,08"
2002-08-01,"0,08"
2002-08-08,"0,89"
2002-08-08,"0,94"
2002-08-08,"1,29"
2002-08-08,"1,01"
2002-08-08,"1,40"
2002-08-08,"0,09"
2002-08-08,"0,06"
2002-08-08,"0,05"
2002-08-08,"0,06"
2002-08-13,"1,12"
2002-08-13,"1,30"
2002-08-13,"1,29"
2002-08-13,"1,40"
2002-08-13,"0,21"
2002-08-13,"0,03"
2002-08-13,"0,04"
2002-08-13,"0,04"
2002-08-13,"0,03"
2002-08-22,"1,10"
2002-08-22,"0,98"
2002-08-22,"1,08"
2002-08-22,"1,20"
2002-08-22,"0,19"
2002-08-22,"0,05"
2002-08-22,"0,04"
2002-08-22,"0,04"
2002-08-22,"0,05"
2002-08-30,"1,34"
2002-08-30,"1,36"
2002-08-30,"1,03"
2002-08-30,"0,93"
2002-08-30,"0,21"
2002-08-30,"0,08"
2002-08-30,"0,05"
2002-08-30,"0,04"
2002-08-30,"0,03"
2002-09-19,"1,01"
2002-09-19,"0,85"
2002-09-19,"1,15"
2002-09-19,"1,09"
2002-09-19,"0,03"
2002-09-19,"0,02"
2002-09-19,"0,04"
2002-09-19,"0,02"
2002-09-19,"0,05"
2002-09-28,"1,04"
2002-09-28,"1,08"
2002-09-28,"0,92"
2002-09-28,"1,06"
2002-09-28,"0,15"
2002-09-28,"0,12"
2002-09-28,"0,06"
2002-09-28,"0,04"
2002-09-28,"0,03"
2002-10-15,"0,42"
2002-10-15,"0,80"
2002-10-15,"0,87"
2002-10-15,"0,59"
2002-10-15,"0,79"
2002-10-15,"0,45"
2002-10-15,"0,06"
2002-10-15,"0,03"
2002-10-15,"0,02"
2002-10-22,"0,75"
2002-10-22,"0,75"
2002-10-22,"0,75"
2002-10-22,"0,73"
2002-10-22,"0,71"
2002-10-22,"0,17"
2002-10-22,"0,05"
2002-10-22,"0,04"
2002-10-22,"0,05"
2002-10-31,"0,42"
2002-10-31,"0,35"
2002-10-31,"0,34"
2002-10-31,"0,34"
2002-10-31,"0,43"
2002-10-31,"0,28"
2002-10-31,"0,08"
2002-10-31,"0,06"
2002-10-31,"0,04"
2002-11-10,"0,38"
2002-11-10,"0,40"
2002-11-10,"0,22"
2002-11-10,"0,46"
2002-11-10,"0,43"
2002-11-10,"0,40"
2002-11-10,"0,19"
2002-11-10,"0,06"
2002-11-10,"0,05"
2002-11-14,"0,28"
2002-11-14,"0,27"
2002-11-14,"0,25"
2002-11-14,"0,29"
2002-11-14,"0,32"
2002-11-14,"0,36"
2002-11-14,"0,08"
2002-11-14,"0,04"
2002-11-14,"0,02"
2002-11-21,"0,28"
2002-11-21,"0,22"
2002-11-21,"0,23"
2002-11-21,"0,27"
2002-11-21,"0,29"
2002-11-21,"0,26"
2002-11-21,"0,18"
2002-11-21,"0,26"
2002-11-21,"0,20"
2003-02-04,"0,79"
2003-02-04,"0,88"
2003-02-04,"0,69"
2003-02-04,"0,63"
2003-02-04,"0,10"
2003-02-04,"0,02"
2003-02-04,"0,02"
2003-02-04,"0,00"
2003-02-04,"0,00"
2003-02-11,"1,46"
2003-02-11,"2,05"
2003-02-11,"2,01"
2003-02-11,"0,48"
2003-02-11,"0,08"
2003-02-11,"0,04"
2003-02-11,"0,05"
2003-02-11,"0,05"
2003-02-11,"0,07"
2003-02-18,"0,72"
2003-02-18,"1,24"
2003-02-18,"1,14"
2003-02-18,"0,65"
2003-02-18,"0,10"
2003-02-18,"0,03"
2003-02-18,"0,05"
2003-02-18,"0,03"
2003-02-18,"0,02"
2003-02-25,"0,55"
2003-02-25,"0,80"
2003-02-25,"0,84"
2003-02-25,"0,38"
2003-02-25,"0,01"
2003-02-25,"0,04"
2003-02-25,"0,05"
2003-02-25,"0,06"
2003-02-25,"0,02"
2003-03-04,"1,27"
2003-03-04,"1,03"
2003-03-04,"0,79"
2003-03-04,"0,67"
2003-03-04,"0,09"
2003-03-04,"0,05"
2003-03-04,"0,05"
2003-03-04,"0,03"
2003-03-04,"0,00"
2003-03-11,"0,96"
2003-03-11,"0,74"
2003-03-11,"0,80"
2003-03-11,"1,08"
2003-03-11,"0,08"
2003-03-11,"0,05"
2003-03-11,"0,04"
2003-03-11,"0,03"
2003-03-11,"0,02"
2003-03-15,"0,99"
2003-03-15,"1,08"
2003-03-15,"1,19"
2003-03-15,"0,99"
2003-03-15,"0,14"
2003-03-15,"0,04"
2003-03-15,"0,04"
2003-03-15,"0,04"
2003-03-15,"0,02"
2003-03-25,"3,83"
2003-03-25,"1,60"
2003-03-25,"1,30"
2003-03-25,"2,60"
2003-03-25,"0,24"
2003-03-25,"0,02"
2003-03-25,"0,05"
2003-03-25,"0,03"
2003-03-25,"0,09"
2003-04-01,"39,68"
2003-04-01,"2,04"
2003-04-01,"1,70"
2003-04-01,"2,49"
2003-04-01,"0,26"
2003-04-01,"0,03"
2003-04-01,"0,04"
2003-04-01,"0,02"
2003-04-01,"0,32"
2003-04-13,"5,53"
2003-04-13,"1,83"
2003-04-13,"2,02"
2003-04-13,"1,42"
2003-04-13,"0,78"
2003-04-13,
2003-04-13,
2003-04-13,
2003-04-13,
2003-06-17,"0,30"
2003-06-17,"0,36"
2003-06-17,"0,42"
2003-06-17,"0,32"
2003-06-17,"0,41"
2003-06-17,
2003-06-17,
2003-06-17,
2003-06-17,
2003-06-25,"0,36"
2003-06-25,"0,53"
2003-06-25,"0,51"
2003-06-25,"0,55"
2003-06-25,"0,17"
2003-06-25,
2003-06-25,
2003-06-25,
2003-06-25,
2003-07-01,"0,22"
2003-07-01,"0,28"
2003-07-01,"0,31"
2003-07-01,"0,44"
2003-07-01,"0,32"
2003-07-01,
2003-07-01,
2003-07-01,
2003-07-01,
2003-07-10,"0,76"
2003-07-10,"1,10"
2003-07-10,"1,12"
2003-07-10,"1,50"
2003-07-10,"0,44"
2003-07-10,
2003-07-10,
2003-07-10,
2003-07-10,
2003-07-18,"2,50"
2003-07-18,"2,44"
2003-07-18,"2,32"
2003-07-18,"1,17"
2003-07-18,"0,45"
2003-07-18,
2003-07-18,
2003-07-18,
2003-07-18,
2003-07-22,"2,19"
2003-07-22,"2,58"
2003-07-22,"2,67"
2003-07-22,"1,38"
2003-07-22,"0,30"
2003-07-22,
2003-07-22,
2003-07-22,
2003-07-22,
2003-07-29,"2,29"
2003-07-29,"2,58"
2003-07-29,"2,38"
2003-07-29,"0,77"
2003-07-29,"0,44"
2003-07-29,
2003-07-29,
2003-07-29,
2003-07-29,
2003-08-04,"0,42"
2003-08-04,"0,37"
2003-08-04,"0,43"
2003-08-04,"0,24"
2003-08-04,"0,23"
2003-08-04,
2003-08-04,
2003-08-04,
2003-08-04,
2003-08-11,"0,94"
2003-08-11,"1,36"
2003-08-11,"1,64"
2003-08-11,"1,12"
2003-08-11,"0,54"
2003-08-11,
2003-08-11,
2003-08-11,
2003-08-11,
2003-08-18,"0,97"
2003-08-18,"0,89"
2003-08-18,"0,74"
2003-08-18,"0,79"
2003-08-18,"0,27"
2003-08-18,
2003-08-18,
2003-08-18,
2003-08-18,
2003-08-27,"2,58"
2003-08-27,"2,53"
2003-08-27,"2,62"
2003-08-27,"1,34"
2003-08-27,"0,80"
2003-08-27,
2003-08-27,
2003-08-27,
2003-08-27,
2003-09-02,"1,73"
2003-09-02,"1,61"
2003-09-02,"1,80"
2003-09-02,"1,79"
2003-09-02,"1,26"
2003-09-02,
2003-09-02,
2003-09-02,
2003-09-02,
2003-09-16,"1,51"
2003-09-16,"1,70"
2003-09-16,"1,78"
2003-09-16,"1,77"
2003-09-16,"1,30"
2003-09-16,"0,27"
2003-09-16,"0,10"
2003-09-16,"0,09"
2003-09-16,"0,10"
2003-10-02,"1,38"
2003-10-02,"1,13"
2003-10-02,"1,21"
2003-10-02,"0,90"
2003-10-02,"0,53"
2003-10-02,"0,25"
2003-10-02,"0,00"
2003-10-02,"0,00"
2003-10-02,"0,00"
2003-10-09,"1,09"
2003-10-09,"1,14"
2003-10-09,"1,37"
2003-10-09,"1,28"
2003-10-09,"0,27"
2003-10-09,"0,01"
2003-10-09,"0,00"
2003-10-09,"0,00"
2003-10-09,"0,00"
2003-10-16,"0,60"
2003-10-16,"0,62"
2003-10-16,"0,51"
2003-10-16,"0,25"
2003-10-16,"0,13"
2003-10-16,"0,08"
2003-10-16,"0,06"
2003-10-16,"0,03"
2003-10-16,"0,05"
2003-10-23,"0,96"
2003-10-23,"0,89"
2003-10-23,"0,86"
2003-10-23,"0,69"
2003-10-23,"0,81"
2003-10-23,"0,72"
2003-10-23,"0,12"
2003-10-23,"0,05"
2003-10-23,"0,01"
2003-10-31,"0,68"
2003-10-31,"0,80"
2003-10-31,"0,69"
2003-10-31,"0,64"
2003-10-31,"0,66"
2003-10-31,"0,80"
2003-10-31,"0,37"
2003-10-31,"0,06"
2003-10-31,"0,05"
2003-11-05,"0,54"
2003-11-05,"0,50"
2003-11-05,"0,52"
2003-11-05,"0,55"
2003-11-05,"0,43"
2003-11-05,"0,51"
2003-11-05,"0,13"
2003-11-05,"0,10"
2003-11-05,"0,11"
2003-11-13,"0,37"
2003-11-13,"0,28"
2003-11-13,"0,32"
2003-11-13,"0,37"
2003-11-13,"0,25"
2003-11-13,"0,29"
2003-11-13,"0,31"
2003-11-13,"0,31"
2003-11-13,"0,31"
2003-11-20,"0,24"
2003-11-20,"0,26"
2003-11-20,"0,23"
2003-11-20,"0,26"
2003-11-20,"0,29"
2003-11-20,"0,31"
2003-11-20,"0,27"
2003-11-20,"0,27"
2003-11-20,"0,15"
2003-11-27,"0,16"
2003-11-27,"0,20"
2003-11-27,"0,20"
2003-11-27,"0,20"
2003-11-27,"0,20"
2003-11-27,"0,20"
2003-11-27,"0,19"
2003-11-27,"0,15"
2003-11-27,"0,16"
2003-12-06,"0,18"
2003-12-06,"0,19"
2003-12-06,"0,19"
2003-12-06,"0,18"
2003-12-06,"0,16"
2003-12-06,"0,10"
2003-12-06,"0,10"
2003-12-06,"0,01"
2003-12-06,"0,10"
2004-02-19,"1,88"
2004-02-19,"1,05"
2004-02-19,"0,99"
2004-02-19,"1,05"
2004-02-19,"0,18"
2004-02-19,"0,07"
2004-02-19,"0,02"
2004-02-19,"0,04"
2004-02-19,"0,06"
2004-02-25,"1,63"
2004-02-25,"1,72"
2004-02-25,"1,32"
2004-02-25,"0,61"
2004-02-25,"0,23"
2004-02-25,"0,08"
2004-02-25,"0,02"
2004-02-25,"0,05"
2004-02-25,"0,07"
2004-03-03,"1,31"
2004-03-03,"1,45"
2004-03-03,"1,38"
2004-03-03,"1,28"
2004-03-03,"0,28"
2004-03-03,"0,05"
2004-03-03,"0,06"
2004-03-03,"0,04"
2004-03-03,"0,04"
2004-03-10,"0,99"
2004-03-10,"0,88"
2004-03-10,"1,13"
2004-03-10,"0,71"
2004-03-10,"0,19"
2004-03-10,"0,07"
2004-03-10,"0,05"
2004-03-10,"0,04"
2004-03-10,"0,06"
2004-03-17,"0,77"
2004-03-17,"1,18"
2004-03-17,"1,17"
2004-03-17,"0,72"
2004-03-17,"0,21"
2004-03-17,"0,04"
2004-03-17,"0,05"
2004-03-17,"0,02"
2004-03-17,"0,02"
2004-05-28,"0,67"
2004-05-28,"0,75"
2004-05-28,"0,73"
2004-05-28,"1,07"
2004-05-28,"0,87"
2004-05-28,"0,91"
2004-05-28,"0,54"
2004-05-28,"0,12"
2004-05-28,"0,07"
2004-06-04,"0,79"
2004-06-04,"0,93"
2004-06-04,"0,96"
2004-06-04,"1,05"
2004-06-04,"1,12"
2004-06-04,"0,91"
2004-06-04,"0,31"
2004-06-04,"0,11"
2004-06-04,"0,13"
2004-06-16,"0,32"
2004-06-16,"0,38"
2004-06-16,"0,33"
2004-06-16,"0,42"
2004-06-16,"0,35"
2004-06-16,"0,36"
2004-06-16,"0,39"
2004-06-16,"0,36"
2004-06-16,"0,30"
2004-06-22,"0,19"
2004-06-22,"0,32"
2004-06-22,"0,34"
2004-06-22,"0,29"
2004-06-22,"0,31"
2004-06-22,"0,34"
2004-06-22,"0,31"
2004-06-22,"0,36"
2004-06-22,"0,24"
2004-07-01,"0,30"
2004-07-01,"0,27"
2004-07-01,"0,31"
2004-07-01,"0,29"
2004-07-01,"0,30"
2004-07-01,"0,27"
2004-07-01,"0,23"
2004-07-01,"0,23"
2004-07-01,"0,19"
2004-07-07,"0,57"
2004-07-07,"0,59"
2004-07-07,"0,55"
2004-07-07,"0,62"
2004-07-07,"0,41"
2004-07-07,"0,35"
2004-07-07,"0,31"
2004-07-07,"0,23"
2004-07-07,"0,22"
2004-07-07,"0,22"
2004-07-14,"0,82"
2004-07-14,"0,90"
2004-07-14,"1,04"
2004-07-14,"1,10"
2004-07-14,"0,83"
2004-07-14,"0,19"
2004-07-14,"0,12"
2004-07-14,"0,13"
2004-07-14,"0,12"
2004-07-21,"2,07"
2004-07-21,"1,89"
2004-07-21,"2,18"
2004-07-21,"0,92"
2004-07-21,"0,31"
2004-07-21,"0,13"
2004-07-21,"0,12"
2004-07-21,"0,12"
2004-07-21,"0,19"
2004-07-27,"1,96"
2004-07-27,"1,99"
2004-07-27,"2,11"
2004-07-27,"1,46"
2004-07-27,"0,26"
2004-07-27,"0,09"
2004-07-27,"0,08"
2004-07-27,"0,11"
2004-07-27,"0,08"
2004-08-03,"2,03"
2004-08-03,"2,12"
2004-08-03,"2,44"
2004-08-03,"2,02"
2004-08-03,"0,39"
2004-08-03,"0,10"
2004-08-03,"0,07"
2004-08-03,"0,08"
2004-08-03,"0,08"
2004-08-16,"1,23"
2004-08-16,"1,44"
2004-08-16,"1,76"
2004-08-16,"1,87"
2004-08-16,"0,30"
2004-08-16,"0,11"
2004-08-16,"0,11"
2004-08-16,"0,07"
2004-08-16,"0,12"
2004-08-23,"1,10"
2004-08-23,"1,18"
2004-08-23,"1,21"
2004-08-23,"1,38"
2004-08-23,"0,43"
2004-08-23,"0,11"
2004-08-23,"0,09"
2004-08-23,"0,08"
2004-08-23,"0,06"
2004-09-02,"0,06"
2004-09-02,"0,08"
2004-09-02,"0,06"
2004-09-02,"0,05"
2004-09-02,"0,05"
2004-09-02,"0,04"
2004-09-02,"0,06"
2004-09-02,"0,05"
2004-09-02,"0,08"
2004-09-20,"1,12"
2004-09-20,"0,88"
2004-09-20,"0,88"
2004-09-20,"0,40"
2004-09-20,"0,16"
2004-09-20,"0,06"
2004-09-20,"0,04"
2004-09-20,"0,03"
2004-09-20,"0,05"
2004-09-29,"1,77"
2004-09-29,"1,70"
2004-09-29,"1,86"
2004-09-29,"1,65"
2004-09-29,"1,36"
2004-09-29,"0,10"
2004-09-29,"0,10"
2004-09-29,"0,08"
2004-09-29,"0,06"
2004-10-07,"1,26"
2004-10-07,"1,67"
2004-10-07,"1,80"
2004-10-07,"2,03"
2004-10-07,"1,08"
2004-10-07,"0,58"
2004-10-07,"0,20"
2004-10-07,"0,29"
2004-10-07,"0,06"
2004-10-15,"1,03"
2004-10-15,"1,33"
2004-10-15,"1,47"
2004-10-15,"0,46"
2004-10-15,"0,19"
2004-10-15,"0,08"
2004-10-15,"0,04"
2004-10-15,"0,02"
2004-10-15,"0,00"
2004-10-22,"1,62"
2004-10-22,"1,23"
2004-10-22,"1,59"
2004-10-22,"1,56"
2004-10-22,"1,36"
2004-10-22,"0,11"
2004-10-22,"0,15"
2004-10-22,"0,05"
2004-10-22,"0,04"
2004-10-28,"1,36"
2004-10-28,"0,76"
2004-10-28,"1,67"
2004-10-28,"1,47"
2004-10-28,"1,48"
2004-10-28,"1,45"
2004-10-28,"0,06"
2004-10-28,"0,10"
2004-10-28,"0,00"
2004-11-14,"0,53"
2004-11-14,"0,55"
2004-11-14,"0,56"
2004-11-14,"0,49"
2004-11-14,"0,47"
2004-11-14,"0,44"
2004-11-14,"0,42"
2004-11-14,"0,26"
2004-11-14,"0,09"
2004-11-18,"0,39"
2004-11-18,"0,26"
2004-11-18,"0,29"
2004-11-18,"0,20"
2004-11-18,"0,13"
2004-11-18,"0,03"
2004-11-18,"0,01"
2004-11-18,"0,03"
2004-11-18,"0,04"
2004-11-25,"0,29"
2004-11-25,"0,22"
2004-11-25,"0,33"
2004-11-25,"0,27"
2004-11-25,"0,30"
2004-11-25,"0,26"
2004-11-25,"0,24"
2004-11-25,"0,23"
2004-11-25,"0,16"
2004-12-02,"0,24"
2004-12-02,"0,20"
2004-12-02,"0,24"
2004-12-02,"0,19"
2004-12-02,"0,22"
2004-12-02,"0,23"
2004-12-02,"0,21"
2004-12-02,"0,20"
2004-12-02,"0,18"
2004-12-17,"0,26"
2004-12-17,"0,29"
2004-12-17,"0,25"
2004-12-17,"0,15"
2004-12-17,"0,15"
2004-12-17,"0,13"
2004-12-17,"0,10"
2004-12-17,"0,07"
2004-12-17,"0,10"
2004-12-28,"0,32"
2004-12-28,"0,31"
2004-12-28,"0,29"
2004-12-28,"0,31"
2004-12-28,"0,26"
2004-12-28,"0,11"
2004-12-28,"0,08"
2004-12-28,"0,07"
2004-12-28,"0,03"
2005-02-16,"1,09"
2005-02-16,"1,45"
2005-02-16,"1,28"
2005-02-16,"0,53"
2005-02-16,"0,18"
2005-02-16,"0,07"
2005-02-16,"0,03"
2005-02-16,"0,03"
2005-02-16,"0,07"
2005-02-24,"0,82"
2005-02-24,"0,95"
2005-02-24,"1,24"
2005-02-24,"1,12"
2005-02-24,"0,21"
2005-02-24,"0,06"
2005-02-24,"0,07"
2005-02-24,"0,05"
2005-02-24,"0,03"
2005-03-02,"0,61"
2005-03-02,"1,15"
2005-03-02,"1,14"
2005-03-02,"1,08"
2005-03-02,"0,24"
2005-03-02,"0,08"
2005-03-02,"0,09"
2005-03-02,"0,05"
2005-03-02,"0,06"
2005-03-10,"0,94"
2005-03-10,"1,06"
2005-03-10,"1,01"
2005-03-10,"1,10"
2005-03-10,"0,18"
2005-03-10,"0,05"
2005-03-10,"0,06"
2005-03-10,"0,02"
2005-03-10,"0,04"
2005-03-16,"1,00"
2005-03-16,"0,75"
2005-03-16,"0,98"
2005-03-16,"0,79"
2005-03-16,"0,22"
2005-03-16,"0,10"
2005-03-16,"0,02"
2005-03-16,"0,00"
2005-03-16,"0,03"
2005-03-25,"0,72"
2005-03-25,"0,79"
2005-03-25,"0,77"
2005-03-25,"1,04"
2005-03-25,"0,38"
2005-03-25,"0,04"
2005-03-25,"0,00"
2005-03-25,"0,00"
2005-03-25,"0,00"
2005-03-30,"0,88"
2005-03-30,"0,79"
2005-03-30,"0,95"
2005-03-30,"0,78"
2005-03-30,"0,35"
2005-03-30,"0,09"
2005-03-30,"0,11"
2005-03-30,"0,03"
2005-03-30,"0,01"
2005-05-19,"0,56"
2005-05-19,"0,23"
2005-05-19,"0,24"
2005-05-19,"0,23"
2005-05-19,"0,06"
2005-05-19,"0,03"
2005-05-19,"0,05"
2005-05-19,"0,03"
2005-05-19,"0,00"
2005-05-31,"0,34"
2005-05-31,"0,29"
2005-05-31,"0,21"
2005-05-31,"0,28"
2005-05-31,"0,29"
2005-05-31,"0,11"
2005-05-31,"0,10"
2005-05-31,"0,06"
2005-05-31,"0,07"
2005-06-08,"0,20"
2005-06-08,"0,17"
2005-06-08,"0,19"
2005-06-08,"0,19"
2005-06-08,"0,19"
2005-06-08,"0,48"
2005-06-08,"0,21"
2005-06-08,"0,21"
2005-06-08,"0,19"
2005-06-18,"0,15"
2005-06-18,"0,17"
2005-06-18,"0,17"
2005-06-18,"0,18"
2005-06-18,"0,18"
2005-06-18,"0,20"
2005-06-18,"0,17"
2005-06-18,"0,16"
2005-06-18,"0,16"
2005-06-26,"0,31"
2005-06-26,"0,33"
2005-06-26,"0,35"
2005-06-26,"0,30"
2005-06-26,"0,44"
2005-06-26,"0,28"
2005-06-26,"0,28"
2005-06-26,"0,14"
2005-06-26,"0,12"
2005-07-06,"0,35"
2005-07-06,"0,51"
2005-07-06,"0,52"
2005-07-06,"0,27"
2005-07-06,"0,20"
2005-07-06,"0,12"
2005-07-06,"0,11"
2005-07-06,"0,09"
2005-07-06,"0,08"
2005-07-12,"1,58"
2005-07-12,"1,29"
2005-07-12,"1,50"
2005-07-12,"1,30"
2005-07-12,"0,32"
2005-07-12,"0,13"
2005-07-12,"0,60"
2005-07-12,"0,08"
2005-07-12,"0,06"
2005-07-21,"2,11"
2005-07-21,"2,64"
2005-07-21,"1,79"
2005-07-21,"1,72"
2005-07-21,"0,96"
2005-07-21,"0,12"
2005-07-21,"0,08"
2005-07-21,"0,07"
2005-07-21,"0,13"
2005-07-27,"1,15"
2005-07-27,"1,61"
2005-07-27,"1,57"
2005-07-27,"1,72"
2005-07-27,"0,98"
2005-07-27,"0,12"
2005-07-27,"0,10"
2005-07-27,"0,06"
2005-07-27,"0,04"
2005-08-02,"0,80"
2005-08-02,"1,13"
2005-08-02,"1,80"
2005-08-02,"1,67"
2005-08-02,"0,26"
2005-08-02,"0,16"
2005-08-02,"0,14"
2005-08-02,"0,04"
2005-08-02,"0,02"
2005-08-09,"1,78"
2005-08-09,"1,49"
2005-08-09,"1,56"
2005-08-09,"1,71"
2005-08-09,"1,47"
2005-08-09,"0,12"
2005-08-09,"0,11"
2005-08-09,"0,06"
2005-08-09,"0,05"
2005-08-21,"0,95"
2005-08-21,"1,32"
2005-08-21,"1,37"
2005-08-21,"1,05"
2005-08-21,"1,46"
2005-08-21,"0,20"
2005-08-21,"0,11"
2005-08-21,"0,09"
2005-08-21,"0,07"
2005-08-28,"1,24"
2005-08-28,"1,16"
2005-08-28,"1,03"
2005-08-28,"0,82"
2005-08-28,"0,31"
2005-08-28,"0,13"
2005-08-28,"0,09"
2005-08-28,"0,10"
2005-08-28,"0,05"
2005-09-06,"0,91"
2005-09-06,"0,80"
2005-09-06,"0,74"
2005-09-06,"0,48"
2005-09-06,"0,22"
2005-09-06,"0,05"
2005-09-06,"0,08"
2005-09-06,"0,04"
2005-09-06,"0,02"
2005-09-25,"0,96"
2005-09-25,"0,99"
2005-09-25,"1,01"
2005-09-25,"1,08"
2005-09-25,"0,73"
2005-09-25,"0,14"
2005-09-25,"0,12"
2005-09-25,"0,11"
2005-09-25,"0,05"
2005-10-03,"1,47"
2005-10-03,"1,69"
2005-10-03,"1,68"
2005-10-03,"1,00"
2005-10-03,"0,51"
2005-10-03,"0,14"
2005-10-03,"0,05"
2005-10-03,"0,02"
2005-10-03,"0,01"
2005-10-17,"0,11"
2005-10-17,"0,08"
2005-10-17,"0,10"
2005-10-17,"0,09"
2005-10-17,"0,08"
2005-10-17,"0,06"
2005-10-17,"0,05"
2005-10-17,"0,08"
2005-10-17,"0,05"
2005-10-25,"1,42"
2005-10-25,"1,51"
2005-10-25,"1,72"
2005-10-25,"1,35"
2005-10-25,"1,38"
2005-10-25,"1,34"
2005-10-25,"0,91"
2005-10-25,"0,54"
2005-10-25,"0,00"
2005-11-02,"1,12"
2005-11-02,"1,10"
2005-11-02,"1,12"
2005-11-02,"1,30"
2005-11-02,"1,10"
2005-11-02,"0,88"
2005-11-02,"0,16"
2005-11-02,"0,12"
2005-11-02,"0,06"
2005-11-10,"0,78"
2005-11-10,"0,69"
2005-11-10,"0,79"
2005-11-10,"0,67"
2005-11-10,"0,75"
2005-11-10,"0,80"
2005-11-10,"0,70"
2005-11-10,"0,64"
2005-11-10,"0,16"
2005-11-17,"0,85"
2005-11-17,"0,76"
2005-11-17,"0,72"
2005-11-17,"0,71"
2005-11-17,"0,77"
2005-11-17,"0,54"
2005-11-17,"0,46"
2005-11-17,"0,15"
2005-11-17,"0,08"
2005-11-27,"0,37"
2005-11-27,"0,29"
2005-11-27,"0,34"
2005-11-27,"0,33"
2005-11-27,"0,36"
2005-11-27,"0,34"
2005-11-27,"0,36"
2005-11-27,"0,23"
2005-11-27,"0,11"
2005-12-01,"0,18"
2005-12-01,"0,16"
2005-12-01,"0,14"
2005-12-01,"0,14"
2005-12-01,"0,13"
2005-12-01,"0,17"
2005-12-01,"0,18"
2005-12-01,"0,16"
2005-12-01,"0,09"
2005-12-12,"0,16"
2005-12-12,"0,11"
2005-12-12,"0,13"
2005-12-12,"0,13"
2005-12-12,"0,16"
2005-12-12,"0,10"
2005-12-12,"0,15"
2005-12-12,"0,14"
2005-12-12,"0,15"
2005-12-26,"0,07"
2005-12-26,"0,06"
2005-12-26,"0,09"
2005-12-26,"0,08"
2005-12-26,"0,06"
2005-12-26,"0,04"
2005-12-26,"0,11"
2005-12-26,"0,08"
2005-12-26,"0,11"
2006-02-22,"0,83"
2006-02-22,"0,82"
2006-02-22,"0,91"
2006-02-22,"0,51"
2006-02-22,"0,13"
2006-02-22,"0,10"
2006-02-22,"0,07"
2006-02-22,"0,02"
2006-02-22,"0,05"
2006-03-01,"0,77"
2006-03-01,"0,64"
2006-03-01,"0,74"
2006-03-01,"0,85"
2006-03-01,"0,13"
2006-03-01,"0,07"
2006-03-01,"0,05"
2006-03-01,"0,03"
2006-03-01,"0,06"
2006-03-07,"0,63"
2006-03-07,"0,62"
2006-03-07,"0,64"
2006-03-07,"0,60"
2006-03-07,"0,20"
2006-03-07,"0,08"
2006-03-07,"0,05"
2006-03-07,"0,05"
2006-03-07,"0,03"
2006-03-16,"0,44"
2006-03-16,"0,71"
2006-03-16,"0,66"
2006-03-16,"0,56"
2006-03-16,"0,14"
2006-03-16,"0,06"
2006-03-16,"0,03"
2006-03-16,"0,03"
2006-03-16,"0,03"
2006-03-22,"0,50"
2006-03-22,"0,59"
2006-03-22,"0,57"
2006-03-22,"0,67"
2006-03-22,"0,16"
2006-03-22,"0,08"
2006-03-22,"0,05"
2006-03-22,"0,04"
2006-03-22,"0,05"
2006-03-28,"1,05"
2006-03-28,"0,79"
2006-03-28,"0,86"
2006-03-28,"0,69"
2006-03-28,"0,20"
2006-03-28,"0,03"
2006-03-28,"0,02"
2006-03-28,"0,00"
2006-03-28,"0,05"
2006-04-11,"0,75"
2006-04-19,"0,59"
2006-04-19,"0,86(2м)"
2006-06-02,"0,33"
2006-06-02,"0,28"
2006-06-02,"0,21"
2006-06-02,"0,18"
2006-06-02,"0,22"
2006-06-02,"0,09"
2006-06-02,"0,02"
2006-06-02,"0,02"
2006-06-02,"0,02"
2006-06-09,"0,23"
2006-06-09,"0,33"
2006-06-09,"0,24"
2006-06-09,"0,21"
2006-06-09,"0,21"
2006-06-09,"0,07"
2006-06-09,"0,02"
2006-06-09,"0,00"
2006-06-09,"0,03"
2006-06-20,"0,10"
2006-06-20,"0,07"
2006-06-20,"0,01"
2006-06-20,"0,08"
2006-06-20,"0,11"
2006-06-20,"0,06"
2006-06-20,"0,05"
2006-06-20,"0,02"
2006-06-20,"0,05"
2006-07-03,"0,15"
2006-07-03,"0,30"
2006-07-03,"0,32"
2006-07-03,"0,27"
2006-07-03,"0,28"
2006-07-03,"0,27"
2006-07-03,"0,29"
2006-07-03,"0,19"
2006-07-03,"0,07"
2006-07-11,"0,40"
2006-07-11,"0,32"
2006-07-11,"0,29"
2006-07-11,"0,34"
2006-07-11,"0,28"
2006-07-11,"0,25"
2006-07-11,"0,19"
2006-07-11,"0,14"
2006-07-11,"0,11"
2006-07-22,"0,44"
2006-07-22,"0,53"
2006-07-22,"0,56"
2006-07-22,"0,51"
2006-07-22,"0,35"
2006-07-22,"0,19"
2006-07-22,"0,13"
2006-07-22,"0,13"
2006-07-22,"0,07"
2006-08-04,"3,08"
2006-08-04,"3,40"
2006-08-04,"3,44"
2006-08-04,"2,22"
2006-08-04,"0,41"
2006-08-04,"0,20"
2006-08-04,"0,11"
2006-08-04,"0,09"
2006-08-04,"0,08"
2006-08-10,"1,79"
2006-08-10,"2,26"
2006-08-10,"3,83"
2006-08-10,"1,34"
2006-08-10,"0,28"
2006-08-10,"0,10"
2006-08-10,"0,04"
2006-08-10,"0,04"
2006-08-10,"0,03"
2006-08-16,"1,67"
2006-08-16,"2,16"
2006-08-16,"2,41"
2006-08-16,"1,77"
2006-08-16,"0,57"
2006-08-16,"0,23"
2006-08-16,"0,05"
2006-08-16,"0,04"
2006-08-16,"0,05"
2006-08-24,"2,10"
2006-08-24,"2,12"
2006-08-24,"2,09"
2006-08-24,"1,84"
2006-08-24,"0,51"
2006-08-24,"0,20"
2006-08-24,"0,09"
2006-08-24,"0,08"
2006-08-24,"0,08"
2006-09-13,"1,63"
2006-09-13,"1,42"
2006-09-13,"1,45"
2006-09-13,"1,50"
2006-09-13,"0,44"
2006-09-13,"0,10"
2006-09-13,"0,09"
2006-09-13,"0,05"
2006-09-13,"0,03"
2006-09-26,"2,21"
2006-09-26,"2,24"
2006-09-26,"2,20"
2006-09-26,"1,93"
2006-09-26,"1,81"
2006-09-26,"0,07"
2006-09-26,"0,08"
2006-09-26,"0,03"
2006-09-26,"0,05"
2006-10-05,"2,09"
2006-10-05,"1,89"
2006-10-05,"2,22"
2006-10-05,"2,28"
2006-10-05,"0,61"
2006-10-05,"0,06"
2006-10-05,"0,07"
2006-10-05,"0,00"
2006-10-05,"0,00"
2006-10-12,"1,44"
2006-10-12,"1,47"
2006-10-12,"1,41"
2006-10-12,"1,13"
2006-10-12,"1,06"
2006-10-12,"1,12"
2006-10-12,"0,73"
2006-10-12,"0,09"
2006-10-12,"0,06"
2006-10-19,"1,21"
2006-10-19,"1,14"
2006-10-19,"1,23"
2006-10-19,"1,09"
2006-10-19,"1,09"
2006-10-19,"0,53"
2006-10-19,"0,24"
2006-10-19,"0,05"
2006-10-19,"0,03"
2006-10-26,"0,76"
2006-10-26,"0,72"
2006-10-26,"0,76"
2006-10-26,"0,78"
2006-10-26,"0,72"
2006-10-26,"0,54"
2006-10-26,"0,22"
2006-10-26,"0,03"
2006-10-26,"0,02"
2006-11-02,"0,51"
2006-11-02,"0,66"
2006-11-02,"0,58"
2006-11-02,"0,60"
2006-11-02,"0,50"
2006-11-02,"0,38"
2006-11-02,"0,05"
2006-11-02,"0,05"
2006-11-02,"0,06"
2006-11-08,"0,37"
2006-11-08,"0,34"
2006-11-08,"0,37"
2006-11-08,"0,33"
2006-11-08,"0,19"
2006-11-08,"0,08"
2006-11-08,"0,01"
2006-11-08,"0,05"
2006-11-08,"0,03"
2006-11-16,"0,39"
2006-11-16,"0,39"
2006-11-16,"0,41"
2006-11-16,"0,33"
2006-11-16,"0,29"
2006-11-16,"0,30"
2006-11-16,"0,11"
2006-11-16,"0,05"
2006-11-16,"0,03"
2006-11-23,"0,35"
2006-11-23,"0,34"
2006-11-23,"0,33"
2006-11-23,"0,34"
2006-11-23,"0,34"
2006-11-23,"0,39"
2006-11-23,"0,27"
2006-11-23,"0,27"
2006-11-23,"0,24"
2006-12-01,"0,27"
2006-12-01,"0,18"
2006-12-01,"0,22"
2006-12-01,"0,25"
2006-12-01,"0,21"
2006-12-01,"0,23"
2006-12-01,"0,23"
2006-12-01,"0,08"
2006-12-01,"0,15"
2006-12-19,"0,15"
2006-12-19,"0,12"
2006-12-19,"0,14"
2006-12-19,"0,13"
2006-12-19,"0,09"
2006-12-19,"0,09"
2006-12-19,"0,09"
2006-12-19,"0,05"
2006-12-19,"0,03"
2006-12-28,"0,32"
2006-12-28,"0,36"
2006-12-28,"0,39"
2006-12-28,"0,23"
2006-12-28,"0,25"
2006-12-28,"0,23"
2006-12-28,"0,18"
2006-12-28,"0,08"
2006-12-28,"0,08"
2007-02-25,"0,87"
2007-02-25,"1,30"
2007-02-25,"1,31"
2007-02-25,"0,84"
2007-02-25,"0,14"
2007-02-25,"0,05"
2007-02-25,"0,03"
2007-02-25,"0,05"
2007-02-25,"0,02"
2007-03-11,"1,50"
2007-03-11,"1,69"
2007-03-11,"2,46"
2007-03-11,"0,59"
2007-03-11,"0,09"
2007-03-11,"0,03"
2007-03-11,"0,02"
2007-03-11,"0,04"
2007-03-11,"0,03"
2007-03-20,"2,04"
2007-03-20,"3,01"
2007-03-20,"3,04"
2007-03-20,"2,98"
2007-03-20,"0,16"
2007-03-20,"0,03"
2007-03-20,"0,05"
2007-03-20,"0,03"
2007-03-20,"0,03"
2007-03-31,"1,68"
2007-03-31,"1,58"
2007-03-31,"1,39"
2007-03-31,"0,52"
2007-03-31,"0,07"
2007-03-31,"0,10"
2007-03-31,"0,02"
2007-03-31,"0,02"
2007-03-31,"0,00"
2007-05-02,"1,68"
2007-05-02,"2,40"
2007-05-02,"3,00"
2007-05-02,"2,08"
2007-05-02,"0,27"
2007-05-02,"0,07"
2007-05-02,"0,03"
2007-05-02,"0,00"
2007-05-02,"0,01"
2007-05-10,"3,29"
2007-05-10,"2,84"
2007-05-10,"2,80"
2007-05-10,"3,05"
2007-05-10,"3,06"
2007-05-10,"2,50"
2007-05-10,"2,78"
2007-05-10,"1,59"
2007-05-10,"0,21"
2007-05-19,"1,98"
2007-05-19,"2,05"
2007-05-19,"2,30"
2007-05-19,"2,12"
2007-05-19,"1,86"
2007-05-19,"1,92"
2007-05-19,"2,04"
2007-05-19,"1,14"
2007-05-19,"0,47"
2007-05-31,"0,77"
2007-05-31,"0,88"
2007-05-31,"0,91"
2007-05-31,"1,03"
2007-05-31,"0,99"
2007-05-31,"0,96"
2007-05-31,"1,11"
2007-05-31,"1,00"
2007-05-31,"0,58"
2007-06-09,"0,35"
2007-06-09,"0,35"
2007-06-09,"0,44"
2007-06-09,"0,49"
2007-06-09,"0,51"
2007-06-09,"0,44"
2007-06-09,"0,42"
2007-06-09,"0,44"
2007-06-09,"0,51"
2007-06-19,"0,42"
2007-06-19,"0,41"
2007-06-19,"0,46"
2007-06-19,"0,45"
2007-06-19,"0,42"
2007-06-19,"0,45"
2007-06-19,"0,39"
2007-06-19,"0,41"
2007-06-19,"0,41"
2007-06-29,"0,35"
2007-06-29,"0,46"
2007-06-29,"0,44"
2007-06-29,"0,42"
2007-06-29,"0,37"
2007-06-29,"0,37"
2007-06-29,"0,31"
2007-06-29,"0,28"
2007-06-29,"0,29"
2007-07-05,"0,54"
2007-07-05,"0,85"
2007-07-05,"0,95"
2007-07-05,"0,54"
2007-07-05,"0,48"
2007-07-05,"0,20"
2007-07-05,"0,31"
2007-07-05,"0,24"
2007-07-05,"0,28"
2007-07-11,"0,49"
2007-07-11,"0,72"
2007-07-11,"0,72"
2007-07-11,"0,78"
2007-07-11,"0,82"
2007-07-11,"0,28"
2007-07-11,"0,28"
2007-07-11,"0,19"
2007-07-11,"0,17"
2007-07-23,"2,28"
2007-07-23,"2,18"
2007-07-23,"2,86"
2007-07-23,"2,59"
2007-07-23,"1,13"
2007-07-23,"0,21"
2007-07-23,"0,15"
2007-07-23,"0,15"
2007-07-23,"0,22"
2007-08-05,"0,62"
2007-08-05,"0,66"
2007-08-05,"0,79"
2007-08-05,"1,66"
2007-08-05,"0,23"
2007-08-05,"0,13"
2007-08-05,"0,10"
2007-08-05,"0,09"
2007-08-05,"0,07"
2007-08-18,"1,10"
2007-08-18,"1,16"
2007-08-18,"0,96"
2007-08-18,"0,98"
2007-08-18,"0,20"
2007-08-18,"0,11"
2007-08-18,"0,08"
2007-08-18,"0,08"
2007-08-18,"0,07"
2007-08-24,"0,72"
2007-08-24,"1,06"
2007-08-24,"1,33"
2007-08-24,"0,73"
2007-08-24,"0,19"
2007-08-24,"0,14"
2007-08-24,"0,10"
2007-08-24,"0,10"
2007-08-24,"0,06"
2007-08-30,"0,70"
2007-08-30,"0,84"
2007-08-30,"1,10"
2007-08-30,"0,93"
2007-08-30,"0,56"
2007-08-30,"0,15"
2007-08-30,"0,11"
2007-08-30,"0,07"
2007-08-30,"0,03"
2007-09-09,"1,17"
2007-09-09,"1,08"
2007-09-09,"1,19"
2007-09-09,"0,63"
2007-09-09,"0,32"
2007-09-09,"0,14"
2007-09-09,"0,06"
2007-09-09,"0,10"
2007-09-09,"0,09"
2007-09-17,"1,45"
2007-09-17,"1,47"
2007-09-17,"1,40"
2007-09-17,"0,41"
2007-09-17,"0,14"
2007-09-17,"0,11"
2007-09-17,"0,11"
2007-09-17,"0,05"
2007-09-17,"0,07"
2007-09-28,"0,91"
2007-09-28,"1,02"
2007-09-28,"1,07"
2007-09-28,"0,45"
2007-09-28,"0,34"
2007-09-28,"0,17"
2007-09-28,"0,04"
2007-09-28,"0,05"
2007-09-28,"0,02"
2007-10-08,"1,24"
2007-10-08,"1,04"
2007-10-08,"1,14"
2007-10-08,"0,30"
2007-10-08,"0,25"
2007-10-08,"0,14"
2007-10-08,"0,03"
2007-10-08,"0,10"
2007-10-08,"0,10"
2007-10-18,"0,93"
2007-10-18,"1,03"
2007-10-18,"0,92"
2007-10-18,"0,84"
2007-10-18,"0,78"
2007-10-18,"0,10"
2007-10-18,"0,08"
2007-10-18,"0,04"
2007-10-18,"0,07"
2007-10-29,"0,98"
2007-10-29,"0,98"
2007-10-29,"0,71"
2007-10-29,"0,98"
2007-10-29,"0,93"
2007-10-29,"0,15"
2007-10-29,"0,11"
2007-10-29,"0,11"
2007-10-29,"0,08"
2007-11-07,"0,69"
2007-11-07,"0,69"
2007-11-07,"0,45"
2007-11-07,"0,61"
2007-11-07,"0,58"
2007-11-07,"0,14"
2007-11-07,"0,07"
2007-11-07,"0,03"
2007-11-07,"0,03"
2007-11-18,"0,22"
2007-11-18,"0,16"
2007-11-18,"0,15"
2007-11-18,"0,15"
2007-11-18,"0,16"
2007-11-18,"0,13"
2007-11-18,"0,07"
2007-11-18,"0,03"
2007-11-18,"0,06"
2007-11-28,"0,20"
2007-11-28,"0,17"
2007-11-28,"0,18"
2007-11-28,"0,17"
2007-11-28,"0,18"
2007-11-28,"0,20"
2007-11-28,"0,18"
2007-11-28,"0,13"
2007-11-28,"0,20"
2007-12-16,"0,12"
2007-12-16,"0,11"
2007-12-16,"0,12"
2007-12-16,"0,10"
2007-12-16,"0,11"
2007-12-16,"0,11"
2007-12-16,"0,11"
2007-12-16,"0,12"
2007-12-16,"0,09"
2007-12-23,"0,16"
2007-12-23,"0,16"
2007-12-23,"0,13"
2007-12-23,"0,15"
2007-12-23,"0,12"
2007-12-23,"0,10"
2007-12-23,"0,10"
2007-12-23,"0,08"
2007-12-23,"0,13"
2008-02-11,"0,50"
2008-02-11,"0,42"
2008-02-11,"0,55"
2008-02-11,"0,42"
2008-02-11,"0,18"
2008-02-11,"0,08"
2008-02-11,"0,07"
2008-02-11,"0,00"
2008-02-11,"0,03"
2008-02-25,"0,72"
2008-02-25,"0,93"
2008-02-25,"0,74"
2008-02-25,"0,47"
2008-02-25,"0,19"
2008-02-25,"0,07"
2008-02-25,"0,05"
2008-02-25,"0,05"
2008-02-25,"0,03"
2008-03-03,"0,82"
2008-03-03,"0,84"
2008-03-03,"0,82"
2008-03-03,"0,53"
2008-03-03,"0,21"
2008-03-03,"0,08"
2008-03-03,"0,03"
2008-03-03,"0,02"
2008-03-03,"0,03"
2008-03-10,"0,98"
2008-03-10,"1,12"
2008-03-10,"1,32"
2008-03-10,"0,83"
2008-03-10,"0,16"
2008-03-10,"0,11"
2008-03-10,"0,05"
2008-03-10,"0,00"
2008-03-10,"0,01"
2008-03-19,"1,87"
2008-03-19,"1,55"
2008-03-19,"1,33"
2008-03-19,"1,49"
2008-03-19,"0,29"
2008-03-19,"0,05"
2008-03-19,"0,03"
2008-03-19,"0,05"
2008-03-19,"0,03"
2008-06-03,"1,12"
2008-06-03,"1,38"
2008-06-03,"1,30"
2008-06-03,"1,24"
2008-06-03,"1,12"
2008-06-03,"1,01"
2008-06-03,"0,74"
2008-06-03,"0,42"
2008-06-03,"0,15"
2008-06-10,"0,61"
2008-06-10,"0,65"
2008-06-10,"0,68"
2008-06-10,"0,64"
2008-06-10,"0,56"
2008-06-10,"0,48"
2008-06-10,"0,60"
2008-06-10,"0,46"
2008-06-10,"0,41"
2008-06-17,"0,43"
2008-06-17,"0,60"
2008-06-17,"0,57"
2008-06-17,"0,51"
2008-06-17,"0,45"
2008-06-17,"0,43"
2008-06-17,"0,45"
2008-06-17,"0,44"
2008-06-17,"0,40"
2008-06-26,"0,27"
2008-06-26,"0,28"
2008-06-26,"0,45"
2008-06-26,"0,41"
2008-06-26,"0,24"
2008-06-26,"0,18"
2008-06-26,"0,35"
2008-06-26,"0,44"
2008-06-26,"0,37"
2008-07-03,"0,30"
2008-07-03,"0,35"
2008-07-03,"0,35"
2008-07-03,"0,40"
2008-07-03,"0,37"
2008-07-03,"0,37"
2008-07-03,"0,32"
2008-07-03,"0,33"
2008-07-03,"0,30"
2008-07-10,"1,65"
2008-07-10,"1,73"
2008-07-10,"1,45"
2008-07-10,"0,67"
2008-07-10,"0,49"
2008-07-10,"0,29"
2008-07-10,"0,27"
2008-07-10,"0,26"
2008-07-10,"0,21"
2008-07-16,"1,15"
2008-07-16,"1,92"
2008-07-16,"1,73"
2008-07-16,"1,76"
2008-07-16,"0,42"
2008-07-16,"0,27"
2008-07-16,"0,19"
2008-07-16,"0,16"
2008-07-16,"0,10"
2008-07-22,"2,69"
2008-07-22,"2,57"
2008-07-22,"2,86"
2008-07-22,"2,66"
2008-07-22,"0,81"
2008-07-22,"0,20"
2008-07-22,"0,10"
2008-07-22,"0,17"
2008-07-22,"0,16"
2008-08-05,"1,26"
2008-08-05,"1,51"
2008-08-05,"1,63"
2008-08-05,"2,39"
2008-08-05,"0,38"
2008-08-05,"0,20"
2008-08-05,"0,13"
2008-08-05,"0,14"
2008-08-05,"0,10"
2008-08-12,"0,99"
2008-08-12,"0,96"
2008-08-12,"1,02"
2008-08-12,"1,11"
2008-08-12,"0,51"
2008-08-12,"0,24"
2008-08-12,"0,12"
2008-08-12,"0,09"
2008-08-12,"0,12"
2008-08-19,"0,83"
2008-08-19,"1,24"
2008-08-19,"1,08"
2008-08-19,"0,94"
2008-08-19,"0,16"
2008-08-19,"0,10"
2008-08-19,"0,12"
2008-08-19,"0,09"
2008-08-19,"0,08"
2008-09-01,"0,91"
2008-09-01,"1,02"
2008-09-01,"1,22"
2008-09-01,"0,77"
2008-09-01,"0,18"
2008-09-01,"0,17"
2008-09-01,"0,01"
2008-09-01,"0,11"
2008-09-01,"0,10"
2008-09-10,"0,84"
2008-09-10,"1,21"
2008-09-10,"0,93"
2008-09-10,"1,07"
2008-09-10,"0,33"
2008-09-10,"0,12"
2008-09-10,"0,14"
2008-09-10,"0,10"
2008-09-10,"0,11"
2008-09-19,"1,00"
2008-09-19,"1,05"
2008-09-19,"0,80"
2008-09-19,"1,08"
2008-09-19,"0,85"
2008-09-19,"0,07"
2008-09-19,"0,09"
2008-09-19,"0,13"
2008-09-19,"0,09"
2008-09-29,"1,00"
2008-09-29,"1,03"
2008-09-29,"1,05"
2008-09-29,"0,87"
2008-09-29,"0,85"
2008-09-29,"0,13"
2008-09-29,"0,09"
2008-09-29,"0,13"
2008-09-29,"0,11"
2008-10-08,"1,36"
2008-10-08,"1,63"
2008-10-08,"1,52"
2008-10-08,"1,63"
2008-10-08,"0,47"
2008-10-08,"0,14"
2008-10-08,"0,06"
2008-10-08,"0,08"
2008-10-08,"0,09"
2008-10-26,"1,20"
2008-10-26,"1,29"
2008-10-26,"1,58"
2008-10-26,"1,16"
2008-10-26,"0,74"
2008-10-26,"0,11"
2008-10-26,"0,15"
2008-10-26,"0,10"
2008-10-26,"0,00"
2008-11-04,"0,78"
2008-11-04,"0,79"
2008-11-04,"0,73"
2008-11-04,"0,60"
2008-11-04,"0,87"
2008-11-04,"0,55"
2008-11-04,"0,16"
2008-11-04,"0,12"
2008-11-04,"0,05"
2008-11-24,"0,16"
2008-11-24,"0,14"
2008-11-24,"0,13"
2008-11-24,"0,11"
2008-11-24,"0,22"
2008-11-24,"0,18"
2008-11-24,"0,19"
2008-11-24,"0,11"
2008-11-24,"0,07"
2008-11-29,"0,15"
2008-11-29,"0,08"
2008-11-29,"0,13"
2008-11-29,"0,17"
2008-11-29,"0,19"
2008-11-29,"0,09"
2008-11-29,"0,14"
2008-11-29,"0,09"
2008-11-29,"0,01"
2008-12-17,"0,08"
2008-12-17,"0,01"
2008-12-17,"0,09"
2008-12-17,"0,06"
2008-12-17,"0,10"
2008-12-17,"0,06"
2008-12-17,"0,07"
2008-12-17,"0,05"
2008-12-17,"0,08"
2009-02-25,"0,70"
2009-02-25,"0,73"
2009-02-25,"0,71"
2009-02-25,"0,64"
2009-02-25,"0,22"
2009-02-25,"0,05"
2009-02-25,"0,04"
2009-02-25,"0,02"
2009-02-25,"0,01"
2009-03-03,"0,63"
2009-03-03,"0,66"
2009-03-03,"0,60"
2009-03-03,"0,66"
2009-03-03,"0,18"
2009-03-03,"0,09"
2009-03-03,"0,04"
2009-03-03,"0,02"
2009-03-03,"0,01"
2009-03-19,"8,05"
2009-03-19,"0,70"
2009-03-19,"0,96"
2009-03-19,"0,87"
2009-03-19,"0,22"
2009-03-19,"0,05"
2009-03-19,"0,04"
2009-03-19,"0,05"
2009-03-19,"0,07"
2009-03-26,"15,21"
2009-03-26,"0,73"
2009-03-26,"0,78"
2009-03-26,"0,74"
2009-03-26,"0,27"
2009-03-26,"0,10"
2009-03-26,"0,07"
2009-03-26,"0,03"
2009-03-26,"0,13"
2009-04-01,"1,92"
2009-04-01,"0,92"
2009-04-01,"0,93"
2009-04-01,"0,82"
2009-04-01,"0,21"
2009-04-01,"0,03"
2009-04-01,"0,03"
2009-04-01,"0,05"
2009-04-01,"0,10"
2009-05-08,"1,29"
2009-05-08,"1,19"
2009-05-08,"1,19"
2009-05-08,"1,17"
2009-05-08,"1,19"
2009-05-08,"1,14"
2009-05-08,"0,05"
2009-05-08,"0,05"
2009-05-08,"0,03"
2009-05-18,"0,57"
2009-05-18,"0,62"
2009-05-18,"0,58"
2009-05-18,"0,64"
2009-05-18,"0,51"
2009-05-18,"0,02"
2009-05-18,"0,05"
2009-05-18,"0,04"
2009-05-18,"0,03"
2009-05-29,"0,30"
2009-05-29,"0,25"
2009-05-29,"0,31"
2009-05-29,"0,31"
2009-05-29,"0,31"
2009-05-29,"0,17"
2009-05-29,"0,15"
2009-05-29,"0,04"
2009-05-29,"0,05"
2009-06-03,"0,23"
2009-06-03,"0,27"
2009-06-03,"0,25"
2009-06-03,"0,25"
2009-06-03,"0,19"
2009-06-03,"0,28"
2009-06-03,"0,15"
2009-06-03,"0,15"
2009-06-03,"0,05"
2009-06-10,"0,14"
2009-06-10,"0,17"
2009-06-10,"0,25"
2009-06-10,"0,19"
2009-06-10,"0,22"
2009-06-10,"0,20"
2009-06-10,"0,19"
2009-06-10,"0,18"
2009-06-10,"0,21"
2009-06-17,"0,10"
2009-06-17,"0,15"
2009-06-17,"0,15"
2009-06-17,"0,15"
2009-06-17,"0,17"
2009-06-17,"0,15"
2009-06-17,"0,02"
2009-06-17,"0,15"
2009-06-17,"0,13"
2009-06-27,"0,24"
2009-06-27,"0,20"
2009-06-27,"0,26"
2009-06-27,"0,18"
2009-06-27,"0,20"
2009-06-27,"0,16"
2009-06-27,"0,17"
2009-06-27,"0,17"
2009-06-27,"0,11"
2009-07-06,"0,18"
2009-07-06,"0,23"
2009-07-06,"0,37"
2009-07-06,"0,40"
2009-07-06,"0,25"
2009-07-06,"0,09"
2009-07-06,"0,09"
2009-07-06,"0,06"
2009-07-06,"0,08"
2009-07-17,"0,62"
2009-07-17,"0,87"
2009-07-17,"0,80"
2009-07-17,"0,77"
2009-07-17,"0,87"
2009-07-17,"0,17"
2009-07-17,"0,11"
2009-07-17,"0,09"
2009-07-17,"0,07"
2009-07-24,"1,14"
2009-07-24,"2,14"
2009-07-24,"2,58"
2009-07-24,"1,72"
2009-07-24,"0,45"
2009-07-24,"0,14"
2009-07-24,"0,07"
2009-07-24,"0,07"
2009-07-24,"0,08"
2009-07-30,"1,24"
2009-07-30,"1,40"
2009-07-30,"1,42"
2009-07-30,"1,45"
2009-07-30,"0,41"
2009-07-30,"0,22"
2009-07-30,"0,15"
2009-07-30,"0,09"
2009-07-30,"0,07"
2009-08-07,"1,31"
2009-08-07,"1,15"
2009-08-07,"1,06"
2009-08-07,"1,11"
2009-08-07,"0,19"
2009-08-07,"0,13"
2009-08-07,"0,11"
2009-08-07,"0,10"
2009-08-07,"0,08"
2009-08-14,"1,01"
2009-08-14,"1,03"
2009-08-14,"1,25"
2009-08-14,"1,83"
2009-08-14,"0,35"
2009-08-14,"0,09"
2009-08-14,"0,01"
2009-08-14,"0,05"
2009-08-14,"0,03"
2009-08-21,"0,76"
2009-08-21,"0,87"
2009-08-21,"0,82"
2009-08-21,"0,49"
2009-08-21,"0,20"
2009-08-21,"0,08"
2009-08-21,"0,09"
2009-08-21,"0,06"
2009-08-21,"0,05"
2009-08-27,"1,80"
2009-08-27,"1,73"
2009-08-27,"1,77"
2009-08-27,"0,45"
2009-08-27,"0,20"
2009-08-27,"0,11"
2009-08-27,"0,09"
2009-08-27,"0,07"
2009-08-27,"0,05"
2009-09-05,"1,35"
2009-09-05,"1,37"
2009-09-05,"1,14"
2009-09-05,"0,93"
2009-09-05,"0,23"
2009-09-05,"0,09"
2009-09-05,"0,05"
2009-09-05,"0,10"
2009-09-05,"0,06"
2009-09-28,"0,99"
2009-09-28,"1,20"
2009-09-28,"1,07"
2009-09-28,"1,01"
2009-09-28,"1,14"
2009-09-28,"0,37"
2009-09-28,"0,08"
2009-09-28,"0,07"
2009-09-28,"0,09"
2009-10-08,"1,48"
2009-10-08,"1,02"
2009-10-08,"1,19"
2009-10-08,"0,83"
2009-10-08,"1,20"
2009-10-08,"0,40"
2009-10-08,"0,56"
2009-10-08,"0,27"
2009-10-08,"0,15"
2009-10-16,"1,14"
2009-10-16,"0,93"
2009-10-16,"0,92"
2009-10-16,"1,00"
2009-10-16,"0,86"
2009-10-16,"0,20"
2009-10-16,"0,06"
2009-10-16,"0,11"
2009-10-16,"0,06"
2009-10-22,"1,04"
2009-10-22,"1,20"
2009-10-22,"1,12"
2009-10-22,"1,15"
2009-10-22,"0,63"
2009-10-22,"0,09"
2009-10-22,"0,05"
2009-10-22,"0,06"
2009-10-22,"0,06"
2009-11-02,"0,72"
2009-11-02,"0,70"
2009-11-02,"0,66"
2009-11-02,"0,72"
2009-11-02,"0,72"
2009-11-02,"0,31"
2009-11-02,"0,10"
2009-11-02,"0,07"
2009-11-02,"0,03"
2009-11-12,"0,44"
2009-11-12,"0,39"
2009-11-12,"0,39"
2009-11-12,"0,34"
2009-11-12,"0,42"
2009-11-12,"0,34"
2009-11-12,"0,23"
2009-11-12,"0,09"
2009-11-12,"0,07"
2009-11-26,"0,22"
2009-11-26,"0,26"
2009-11-26,"0,20"
2009-11-26,"0,21"
2009-11-26,"0,15"
2009-11-26,"0,31"
2009-11-26,"0,17"
2009-11-26,"0,20"
2009-11-26,"0,21"
2009-12-06,"0,15"
2009-12-06,"0,29"
2009-12-06,"0,21"
2009-12-06,"0,18"
2009-12-06,"0,16"
2009-12-06,"0,18"
2009-12-06,"0,18"
2009-12-06,"0,10"
2009-12-06,"0,14"
2009-12-13,"0,24"
2009-12-13,"0,22"
2009-12-13,"0,18"
2009-12-13,"0,18"
2009-12-13,"0,18"
2009-12-13,"0,16"
2009-12-13,"0,13"
2009-12-13,"0,09"
2009-12-13,"0,10"
2010-02-17,"0,93"
2010-02-17,"0,83"
2010-02-17,"0,81"
2010-02-17,"0,36"
2010-02-17,"0,14"
2010-02-17,"0,03"
2010-02-17,"0,06"
2010-02-17,"0,05"
2010-02-17,"0,00"
2010-02-26,"0,07"
2010-02-26,"1,09"
2010-02-26,"1,03"
2010-02-26,"0,91"
2010-02-26,"0,16"
2010-02-26,"0,10"
2010-02-26,"0,00"
2010-02-26,"0,01"
2010-02-26,"0,00"
2010-03-16,"1,12"
2010-03-16,"1,47"
2010-03-16,"1,80"
2010-03-16,"0,69"
2010-03-16,"0,18"
2010-03-16,"0,07"
2010-03-16,"0,01"
2010-03-16,"0,06"
2010-03-16,"0,03"
2010-03-24,"1,74"
2010-03-24,"2,41"
2010-03-24,"2,28"
2010-03-24,"2,56"
2010-03-24,"1,00"
2010-03-24,"0,10"
2010-03-24,"0,06"
2010-03-24,"0,03"
2010-03-24,"0,04"
2010-03-30,"2,79"
2010-03-30,"3,18"
2010-03-30,"3,06"
2010-03-30,"2,41"
2010-03-30,"0,11"
2010-03-30,"0,09"
2010-03-30,"0,06"
2010-03-30,"0,05"
2010-03-30,"0,01"
2010-05-31,"1,31"
2010-05-31,"1,08"
2010-05-31,"1,29"
2010-05-31,"1,08"
2010-05-31,"1,18"
2010-05-31,"1,00"
2010-05-31,"0,01"
2010-05-31,"0,01"
2010-05-31,"0,03"
2010-06-07,"1,35"
2010-06-07,"1,37"
2010-06-07,"1,49"
2010-06-07,"1,46"
2010-06-07,"1,22"
2010-06-07,"1,13"
2010-06-07,"0,48"
2010-06-07,"0,10"
2010-06-07,"0,03"
2010-06-15,"0,87"
2010-06-15,"0,91"
2010-06-15,"1,02"
2010-06-15,"0,99"
2010-06-15,"1,00"
2010-06-15,"1,00"
2010-06-15,"0,26"
2010-06-15,"0,05"
2010-06-15,"0,00"
2010-06-21,"0,51"
2010-06-21,"0,63"
2010-06-21,"0,59"
2010-06-21,"0,62"
2010-06-21,"0,66"
2010-06-21,"0,57"
2010-06-21,"0,47"
2010-06-21,"0,13"
2010-06-21,"0,01"
2010-06-28,"0,40"
2010-06-28,"0,41"
2010-06-28,"0,45"
2010-06-28,"0,45"
2010-06-28,"0,45"
2010-06-28,"0,44"
2010-06-28,"0,39"
2010-06-28,"0,37"
2010-06-28,"0,42"
2010-07-07,"0,18"
2010-07-07,"0,28"
2010-07-07,"0,30"
2010-07-07,"0,31"
2010-07-07,"0,28"
2010-07-07,"0,31"
2010-07-07,"0,25"
2010-07-07,"0,26"
2010-07-07,"0,27"
2010-07-13,"0,75"
2010-07-13,"1,24"
2010-07-13,"1,32"
2010-07-13,"1,29"
2010-07-13,"1,46"
2010-07-13,"1,00"
2010-07-13,"0,31"
2010-07-13,"0,26"
2010-07-13,"0,19"
2010-07-19,"0,60"
2010-07-19,"0,90"
2010-07-19,"0,72"
2010-07-19,"0,79"
2010-07-19,"0,62"
2010-07-19,"0,36"
2010-07-19,"0,24"
2010-07-19,"0,19"
2010-07-19,"0,17"
2010-07-31,"0,49"
2010-07-31,"0,57"
2010-07-31,"0,51"
2010-07-31,"0,46"
2010-07-31,"0,30"
2010-07-31,"0,31"
2010-07-31,"0,10"
2010-07-31,"0,17"
2010-07-31,"0,07"
2010-08-05,"1,21"
2010-08-05,"1,06"
2010-08-05,"1,16"
2010-08-05,"0,54"
2010-08-05,"0,35"
2010-08-05,"0,17"
2010-08-05,"0,11"
2010-08-05,"0,44"
2010-08-05,"0,09"
2010-08-10,"0,77"
2010-08-10,"1,38"
2010-08-10,"1,39"
2010-08-10,"1,32"
2010-08-10,"0,43"
2010-08-10,"0,59"
2010-08-10,"0,29"
2010-08-10,"0,35"
2010-08-10,"0,11"
2010-08-20,"1,62"
2010-08-20,"1,72"
2010-08-20,"1,33"
2010-08-20,"0,59"
2010-08-20,"0,19"
2010-08-20,"0,91"
2010-08-20,"0,15"
2010-08-20,"0,24"
2010-08-20,"0,06"
2010-08-24,"1,84"
2010-08-24,"1,91"
2010-08-24,"2,01"
2010-08-24,"1,71"
2010-08-24,"1,77"
2010-08-24,"0,51"
2010-08-24,"0,14"
2010-08-24,"0,15"
2010-08-24,"0,17"
2010-09-10,"1,77"
2010-09-10,"1,69"
2010-09-10,"2,01"
2010-09-10,"1,90"
2010-09-10,"0,75"
2010-09-10,"0,19"
2010-09-10,"0,08"
2010-09-10,"0,17"
2010-09-10,"0,12"
2010-09-17,"1,84"
2010-09-17,"1,89"
2010-09-17,"1,74"
2010-09-17,"1,67"
2010-09-17,"1,65"
2010-09-17,"0,33"
2010-09-17,"0,11"
2010-09-17,"0,13"
2010-09-17,"0,09"
2010-09-30,"1,59"
2010-09-30,"1,62"
2010-09-30,"1,66"
2010-09-30,"1,67"
2010-09-30,"1,47"
2010-09-30,"0,19"
2010-09-30,"0,10"
2010-09-30,"0,07"
2010-09-30,"0,08"
2010-10-27,"1,22"
2010-10-27,"1,23"
2010-10-27,"1,14"
2010-10-27,"1,21"
2010-10-27,"1,19"
2010-10-27,"1,14"
2010-10-27,"0,44"
2010-10-27,"0,11"
2010-10-27,"0,04"
2010-11-03,"0,92"
2010-11-03,"0,89"
2010-11-03,"0,88"
2010-11-03,"0,97"
2010-11-03,"0,92"
2010-11-03,"0,54"
2010-11-03,"0,01"
2010-11-03,"0,08"
2010-11-03,"0,07"
2010-11-09,"1,04"
2010-11-09,"0,98"
2010-11-09,"0,96"
2010-11-09,"0,91"
2010-11-09,"0,95"
2010-11-09,"0,84"
2010-11-09,"0,81"
2010-11-09,"0,25"
2010-11-09,"0,13"
2010-11-17,"0,64"
2010-11-17,"0,59"
2010-11-17,"0,54"
2010-11-17,"0,64"
2010-11-17,"0,62"
2010-11-17,"0,60"
2010-11-17,"0,48"
2010-11-17,"0,19"
2010-11-17,"0,10"
2010-11-30,"0,25"
2010-11-30,"0,28"
2010-11-30,"0,25"
2010-11-30,"0,26"
2010-11-30,"0,30"
2010-11-30,"0,28"
2010-11-30,"0,23"
2010-11-30,"0,28"
2010-11-30,"0,22"
2010-12-07,"0,26"
2010-12-07,"0,32"
2010-12-07,"0,25"
2010-12-07,"0,18"
2010-12-07,"0,23"
2010-12-07,"0,22"
2010-12-07,"0,22"
2010-12-07,"0,18"
2010-12-07,"0,23"
2010-12-17,"0,11"
2010-12-17,"0,13"
2010-12-17,"0,11"
2010-12-17,"0,12"
2010-12-17,"0,08"
2010-12-17,"0,11"
2010-12-17,"0,10"
2010-12-17,"0,13"
2010-12-17,"0,06"
2011-02-10,"0,80"
2011-02-10,"0,96"
2011-02-10,"0,73"
2011-02-10,"0,34"
2011-02-10,"0,12"
2011-02-10,"0,11"
2011-02-10,"0,08"
2011-02-10,"0,10"
2011-02-10,"0,11"
2011-02-16,"0,80"
2011-02-16,"0,83"
2011-02-16,"0,72"
2011-02-16,"0,21"
2011-02-16,"0,15"
2011-02-16,"0,09"
2011-02-16,"0,06"
2011-02-16,"0,06"
2011-02-16,"0,05"
2011-02-24,"1,07"
2011-02-24,"1,07"
2011-02-24,"0,86"
2011-02-24,"0,32"
2011-02-24,"0,11"
2011-02-24,"0,07"
2011-02-24,"0,03"
2011-02-24,"0,03"
2011-02-24,"0,06"
2011-03-03,"1,09"
2011-03-03,"1,21"
2011-03-03,"1,05"
2011-03-03,"0,37"
2011-03-03,"0,15"
2011-03-03,"0,06"
2011-03-03,"0,04"
2011-03-03,"0,14"
2011-03-03,"0,03"
2011-03-10,"2,74"
2011-03-10,"1,74"
2011-03-10,"1,46"
2011-03-10,"1,08"
2011-03-10,"0,10"
2011-03-10,"0,08"
2011-03-10,"0,03"
2011-03-10,"0,03"
2011-03-10,"0,03"
2011-03-17,"3,30"
2011-03-17,"1,43"
2011-03-17,"1,24"
2011-03-17,"0,49"
2011-03-17,"0,11"
2011-03-17,"0,04"
2011-03-17,"0,04"
2011-03-17,"0,03"
2011-03-17,"0,04"
2011-03-25,"18,16"
2011-03-25,"2,07"
2011-03-25,"1,73"
2011-03-25,"1,38"
2011-03-25,"0,12"
2011-03-25,"0,03"
2011-03-25,"0,01"
2011-03-25,"0,01"
2011-03-25,"0,05"
2011-04-01,"4,56"
2011-04-01,"0,92"
2011-04-01,"0,97"
2011-04-01,"0,39"
2011-04-01,"0,07"
2011-04-01,"0,07"
2011-04-01,"0,04"
2011-04-01,"0,03"
2011-04-01,"0,04"
2011-05-27,"0,43"
2011-05-27,"0,56"
2011-05-27,"0,62"
2011-05-27,"0,62"
2011-05-27,"0,56"
2011-05-27,"0,66"
2011-05-27,"0,39"
2011-05-27,"0,02"
2011-05-27,"0,02"
2011-06-02,"0,52"
2011-06-02,"0,54"
2011-06-02,"0,56"
2011-06-02,"0,56"
2011-06-02,"0,50"
2011-06-02,"0,60"
2011-06-02,"0,52"
2011-06-02,"0,45"
2011-06-02,"0,13"
2011-06-10,"1,03"
2011-06-10,"1,10"
2011-06-10,"1,16"
2011-06-10,"1,10"
2011-06-10,"0,71"
2011-06-10,"0,60"
2011-06-10,"0,65"
2011-06-10,"0,37"
2011-06-10,"0,51"
2011-06-16,"0,56"
2011-06-16,"0,62"
2011-06-16,"0,60"
2011-06-16,"0,60"
2011-06-16,"0,65"
2011-06-16,"0,55"
2011-06-16,"0,50"
2011-06-16,"0,48"
2011-06-16,"0,53"
2011-06-23,"0,69"
2011-06-23,"0,83"
2011-06-23,"0,90"
2011-06-23,"0,84"
2011-06-23,"1,12"
2011-06-23,"0,79"
2011-06-23,"0,63"
2011-06-23,"0,74"
2011-06-23,"0,11"
2011-07-04,"0,39"
2011-07-04,"0,38"
2011-07-04,"0,51"
2011-07-04,"0,54"
2011-07-04,"0,39"
2011-07-04,"0,45"
2011-07-04,"0,43"
2011-07-04,"0,43"
2011-07-04,"0,40"
2011-07-11,"0,32"
2011-07-11,"0,34"
2011-07-11,"0,29"
2011-07-11,"0,37"
2011-07-11,"0,32"
2011-07-11,"0,30"
2011-07-11,"0,29"
2011-07-11,"0,32"
2011-07-11,"0,29"
2011-07-21,"1,38"
2011-07-21,"1,82"
2011-07-21,"1,45"
2011-07-21,"0,85"
2011-07-21,"0,82"
2011-07-21,"0,39"
2011-07-21,"0,21"
2011-07-21,"0,14"
2011-07-21,"0,15"
2011-07-28,"0,53"
2011-07-28,"0,72"
2011-07-28,"0,72"
2011-07-28,"0,73"
2011-07-28,"0,75"
2011-07-28,"0,24"
2011-07-28,"0,11"
2011-07-28,"0,09"
2011-07-28,"0,13"
2011-08-10,"1,66"
2011-08-10,"1,27"
2011-08-10,"1,74"
2011-08-10,"1,54"
2011-08-10,"1,32"
2011-08-10,"0,39"
2011-08-10,"0,22"
2011-08-10,"0,17"
2011-08-10,"0,15"
2011-08-24,"1,15"
2011-08-24,"1,28"
2011-08-24,"0,99"
2011-08-24,"0,40"
2011-08-24,"0,34"
2011-08-24,"0,17"
2011-08-24,"0,09"
2011-08-24,"0,18"
2011-08-24,"0,14"
2011-09-05,"1,24"
2011-09-05,"1,21"
2011-09-05,"1,29"
2011-09-05,"0,71"
2011-09-05,"0,22"
2011-09-05,"0,85"
2011-09-05,"0,29"
2011-09-05,"0,14"
2011-09-05,"0,11"
2011-09-19,"1,00"
2011-09-19,"1,07"
2011-09-19,"1,08"
2011-09-19,"0,36"
2011-09-19,"0,21"
2011-09-19,"0,17"
2011-09-19,"0,13"
2011-09-19,"0,13"
2011-09-19,"0,17"
2011-09-29,"1,59"
2011-09-29,"1,66"
2011-09-29,"1,65"
2011-09-29,"1,08"
2011-09-29,"0,54"
2011-09-29,"0,30"
2011-09-29,"0,12"
2011-09-29,"0,09"
2011-09-29,"0,11"
2011-10-05,"1,04"
2011-10-05,"1,08"
2011-10-05,"1,11"
2011-10-05,"0,93"
2011-10-05,"1,09"
2011-10-05,"0,18"
2011-10-05,"0,13"
2011-10-05,"0,10"
2011-10-05,"0,05"
2011-10-11,"0,84"
2011-10-11,"0,88"
2011-10-11,"1,09"
2011-10-11,"1,00"
2011-10-11,"0,58"
2011-10-11,"0,10"
2011-10-11,"0,07"
2011-10-11,"0,07"
2011-10-11,"0,05"
2011-10-18,"0,98"
2011-10-18,"1,02"
2011-10-18,"1,20"
2011-10-18,"1,05"
2011-10-18,"0,33"
2011-10-18,"0,06"
2011-10-18,"0,05"
2011-10-18,"0,07"
2011-10-18,"0,05"
2011-10-25,"0,52"
2011-10-25,"0,66"
2011-10-25,"0,74"
2011-10-25,"0,73"
2011-10-25,"0,64"
2011-10-25,"0,08"
2011-10-25,"0,09"
2011-10-25,"0,06"
2011-10-25,"0,05"
2011-10-25,"0,05"
2011-11-09,"0,59"
2011-11-09,"0,51"
2011-11-09,"0,56"
2011-11-09,"0,57"
2011-11-09,"0,63"
2011-11-09,"0,59"
2011-11-09,"0,31"
2011-11-09,"0,03"
2011-11-09,"0,03"
2011-11-20,"0,43"
2011-11-20,"0,42"
2011-11-20,"0,40"
2011-11-20,"0,43"
2011-11-20,"0,37"
2011-11-20,"0,43"
2011-11-20,"0,37"
2011-11-20,"0,22"
2011-11-20,"0,07"
2011-11-20,"0,07"
2011-11-28,"0,31"
2011-11-28,"0,28"
2011-11-28,"0,32"
2011-11-28,"0,33"
2011-11-28,"0,32"
2011-11-28,"0,33"
2011-11-28,"0,35"
2011-11-28,"0,27"
2011-11-28,"0,20"
2011-12-11,"0,24"
2011-12-11,"0,20"
2011-12-11,"0,17"
2011-12-11,"0,17"
2011-12-11,"0,23"
2011-12-11,"0,22"
2011-12-11,"0,16"
2011-12-11,"0,20"
2011-12-11,"0,19"
2011-12-21,"0,11"
2011-12-21,"0,07"
2011-12-21,"0,09"
2011-12-21,"0,11"
2011-12-21,"0,12"
2011-12-21,"0,08"
2011-12-21,"0,10"
2011-12-21,"0,16"
2011-12-21,"0,10"
2012-02-20,"2,32"
2012-02-20,"2,18"
2012-02-20,"1,64"
2012-02-20,"0,66"
2012-02-20,"0,16"
2012-02-20,"0,02"
2012-02-20,"0,04"
2012-02-20,"0,03"
2012-02-20,"0,05"
2012-03-01,"4,27"
2012-03-01,"2,99"
2012-03-01,"2,61"
2012-03-01,"1,42"
2012-03-01,"0,17"
2012-03-01,"0,07"
2012-03-01,"0,01"
2012-03-01,"0,00"
2012-03-01,"0,07"
2012-03-11,"2,44"
2012-03-11,"2,44"
2012-03-11,"2,42"
2012-03-11,"1,07"
2012-03-11,"0,18"
2012-03-11,"0,11"
2012-03-11,"0,04"
2012-03-11,"0,07"
2012-03-11,"0,04"
2012-03-21,"1,80"
2012-03-21,"1,30"
2012-03-21,"2,26"
2012-03-21,"0,92"
2012-03-21,"0,20"
2012-03-21,"0,08"
2012-03-21,"0,06"
2012-03-21,"0,04"
2012-03-21,"0,03"
2012-05-16,"1,27"
2012-05-16,"1,20"
2012-05-16,"1,38"
2012-05-16,"1,23"
2012-05-16,"1,17"
2012-05-16,"0,68"
2012-05-16,"0,16"
2012-05-16,"0,05"
2012-05-16,"0,05"
2012-06-06,"0,17"
2012-06-06,"0,19"
2012-06-06,"0,19"
2012-06-06,"0,17"
2012-06-06,"0,19"
2012-06-06,"0,18"
2012-06-06,"0,19"
2012-06-06,"0,15"
2012-06-06,"0,14"
2012-06-13,"0,19"
2012-06-13,"0,25"
2012-06-13,"0,23"
2012-06-13,"0,20"
2012-06-13,"0,33"
2012-06-13,"0,35"
2012-06-13,"0,27"
2012-06-13,"0,33"
2012-06-13,"0,33"
2012-06-18,"0,32"
2012-06-18,"0,47"
2012-06-18,"0,51"
2012-06-18,"0,53"
2012-06-18,"0,48"
2012-06-18,"0,46"
2012-06-18,"0,41"
2012-06-18,"0,27"
2012-06-18,"0,18"
2012-06-25,"0,30"
2012-06-25,"0,36"
2012-06-25,"0,31"
2012-06-25,"0,36"
2012-06-25,"0,27"
2012-06-25,"0,28"
2012-06-25,"0,32"
2012-06-25,"0,21"
2012-06-25,"0,21"
2012-07-02,"0,38"
2012-07-02,"0,57"
2012-07-02,"0,44"
2012-07-02,"0,30"
2012-07-02,"0,34"
2012-07-02,"0,22"
2012-07-02,"0,22"
2012-07-02,"0,16"
2012-07-02,"0,25"
2012-07-09,"0,93"
2012-07-09,"0,73"
2012-07-09,"1,00"
2012-07-09,"1,19"
2012-07-09,"0,37"
2012-07-09,"0,22"
2012-07-09,"0,12"
2012-07-09,"0,10"
2012-07-09,"0,16"
2012-07-19,"1,23"
2012-07-19,"1,56"
2012-07-19,"1,39"
2012-07-19,"1,47"
2012-07-19,"0,61"
2012-07-19,"0,27"
2012-07-19,"0,21"
2012-07-19,"0,14"
2012-07-19,"0,14"
2012-07-23,"0,76"
2012-07-23,"0,75"
2012-07-23,"0,51"
2012-07-23,"0,31"
2012-07-23,"0,25"
2012-07-23,"0,22"
2012-07-23,"0,21"
2012-07-23,"0,15"
2012-07-23,"0,28"
2012-07-31,"0,93"
2012-07-31,"1,14"
2012-07-31,"1,14"
2012-07-31,"0,84"
2012-07-31,"0,27"
2012-07-31,"0,20"
2012-07-31,"0,12"
2012-07-31,"0,08"
2012-07-31,"0,07"
2012-08-06,"1,53"
2012-08-06,"1,60"
2012-08-06,"1,73"
2012-08-06,"1,64"
2012-08-06,"0,48"
2012-08-06,"0,14"
2012-08-06,"0,20"
2012-08-06,"0,13"
2012-08-06,"0,12"
2012-08-17,"1,10"
2012-08-17,"1,46"
2012-08-17,"1,50"
2012-08-17,"1,39"
2012-08-17,"0,83"
2012-08-17,"0,14"
2012-08-17,"0,14"
2012-08-17,"0,12"
2012-08-17,"0,11"
2012-08-23,"1,63"
2012-08-23,"1,10"
2012-08-23,"1,88"
2012-08-23,"1,73"
2012-08-23,"0,33"
2012-08-23,"0,16"
2012-08-23,"0,14"
2012-08-23,"0,11"
2012-08-23,"0,10"
2012-09-02,"1,02"
2012-09-02,"0,99"
2012-09-02,"1,14"
2012-09-02,"0,77"
2012-09-02,"0,73"
2012-09-02,"0,12"
2012-09-02,"0,09"
2012-09-02,"0,11"
2012-09-02,"0,08"
2012-09-25,"1,28"
2012-09-25,"1,22"
2012-09-25,"1,21"
2012-09-25,"1,36"
2012-09-25,"0,87"
2012-09-25,"0,14"
2012-09-25,"0,17"
2012-09-25,"0,05"
2012-09-25,"0,06"
2012-10-04,"1,01"
2012-10-04,"1,48"
2012-10-04,"1,42"
2012-10-04,"0,52"
2012-10-04,"0,24"
2012-10-04,"0,14"
2012-10-04,"0,01"
2012-10-04,"0,01"
2012-10-04,"0,01"
2012-10-17,"1,09"
2012-10-17,"1,03"
2012-10-17,"1,03"
2012-10-17,"0,83"
2012-10-17,"0,11"
2012-10-17,"0,11"
2012-10-17,"0,07"
2012-10-17,"0,07"
2012-10-17,"0,08"
2012-11-07,"1,08"
2012-11-07,"0,93"
2012-11-07,"0,96"
2012-11-07,"0,91"
2012-11-07,"0,87"
2012-11-07,"0,82"
2012-11-07,"0,71"
2012-11-07,"0,22"
2012-11-07,"0,13"
2012-11-16,"0,47"
2012-11-16,"0,45"
2012-11-16,"0,45"
2012-11-16,"0,45"
2012-11-16,"0,46"
2012-11-16,"0,44"
2012-11-16,"0,41"
2012-11-16,"0,23"
2012-11-16,"0,12"
2012-11-22,"0,45"
2012-11-22,"0,47"
2012-11-22,"0,45"
2012-11-22,"0,46"
2012-11-22,"0,43"
2012-11-22,"0,38"
2012-11-22,"0,28"
2012-11-22,"0,15"
2012-11-22,"0,06"
2012-12-05,"0,14"
2012-12-05,"0,14"
2012-12-05,"0,20"
2012-12-05,"0,14"
2012-12-05,"0,18"
2012-12-05,"0,16"
2012-12-05,"0,23"
2012-12-05,"0,11"
2012-12-05,"0,19"
2012-12-12,"0,32"
2012-12-12,"0,15"
2012-12-12,"0,17"
2012-12-12,"0,19"
2012-12-12,"0,28"
2012-12-12,"0,29"
2012-12-12,"0,19"
2012-12-12,"0,72"
2012-12-12,"0,58"
2013-02-01,"0,54"
2013-02-01,"0,76"
2013-02-01,"0,62"
2013-02-01,"0,40"
2013-02-01,"0,15"
2013-02-01,"0,10"
2013-02-01,"0,05"
2013-02-01,"0,13"
2013-02-01,"0,11"
2013-02-11,"0,56"
2013-02-11,"0,75"
2013-02-11,"0,89"
2013-02-11,"0,72"
2013-02-11,"0,27"
2013-02-11,"0,10"
2013-02-11,"0,06"
2013-02-11,"0,05"
2013-02-11,"0,03"
2013-02-18,"0,88"
2013-02-18,"1,04"
2013-02-18,"0,94"
2013-02-18,"0,87"
2013-02-18,"0,30"
2013-02-18,"0,01"
2013-02-18,"0,10"
2013-02-18,"0,06"
2013-02-18,"0,07"
2013-02-25,"1,06"
2013-02-25,"1,09"
2013-02-25,"1,21"
2013-02-25,"0,79"
2013-02-25,"0,22"
2013-02-25,"0,11"
2013-02-25,"0,07"
2013-02-25,"0,11"
2013-02-25,"0,09"
2013-03-13,"9,02"
2013-03-13,"1,44"
2013-03-13,"1,39"
2013-03-13,"1,35"
2013-03-13,"0,28"
2013-03-13,"0,12"
2013-03-13,"0,10"
2013-03-13,"0,12"
2013-03-13,"0,13"
2013-03-25,"6,15"
2013-03-25,"1,21"
2013-03-25,"1,20"
2013-03-25,"1,27"
2013-03-25,"1,24"
2013-03-25,"0,11"
2013-03-25,"0,11"
2013-03-25,"0,07"
2013-03-25,"0,11"
2013-04-04,"17,98"
2013-04-04,"1,12"
2013-04-04,"1,17"
2013-04-04,"1,17"
2013-04-04,"1,25"
2013-04-04,"0,07"
2013-04-04,"0,07"
2013-04-04,"0,07"
2013-04-04,"0,12"
2013-05-21,"1,76"
2013-05-21,"1,83"
2013-05-21,"2,15"
2013-05-21,"1,89"
2013-05-21,"2,03"
2013-05-21,"1,64"
2013-05-21,"0,11"
2013-05-21,"0,11"
2013-05-21,"0,11"
2013-06-04,"0,94"
2013-06-04,"1,04"
2013-06-04,"0,94"
2013-06-04,"0,86"
2013-06-04,"0,87"
2013-06-04,"1,03"
2013-06-04,"0,98"
2013-06-04,"0,79"
2013-06-04,"0,56"
2013-06-17,"0,65"
2013-06-17,"0,68"
2013-06-17,"0,63"
2013-06-17,"0,68"
2013-06-17,"0,52"
2013-06-17,"0,59"
2013-06-17,"0,62"
2013-06-17,"0,63"
2013-06-17,"0,65"
2013-06-24,"0,57"
2013-06-24,"0,64"
2013-06-24,"0,67"
2013-06-24,"0,68"
2013-06-24,"0,59"
2013-06-24,"0,55"
2013-06-24,"0,47"
2013-06-24,"0,58"
2013-06-24,"0,63"
2013-07-03,"1,05"
2013-07-03,"1,15"
2013-07-03,"0,89"
2013-07-03,"0,96"
2013-07-03,"0,96"
2013-07-03,"0,41"
2013-07-03,"0,58"
2013-07-03,"0,29"
2013-07-03,"0,21"
2013-07-09,"0,81"
2013-07-09,"0,61"
2013-07-09,"1,02"
2013-07-09,"0,50"
2013-07-09,"0,44"
2013-07-09,"0,36"
2013-07-09,"0,33"
2013-07-09,"0,31"
2013-07-09,"0,24"
2013-07-16,"0,94"
2013-07-16,"1,01"
2013-07-16,"1,33"
2013-07-16,"0,93"
2013-07-16,"0,63"
2013-07-16,"0,37"
2013-07-16,"0,25"
2013-07-16,"0,16"
2013-07-16,"0,17"
2013-07-26,"2,30"
2013-07-26,"2,19"
2013-07-26,"2,75"
2013-07-26,"2,37"
2013-07-26,"0,53"
2013-07-26,"0,20"
2013-07-26,"0,23"
2013-07-26,"0,12"
2013-07-26,"0,14"
2013-07-31,"1,44"
2013-07-31,"1,97"
2013-07-31,"2,84"
2013-07-31,"1,06"
2013-07-31,"0,37"
2013-07-31,"0,20"
2013-07-31,"0,17"
2013-07-31,"0,17"
2013-07-31,"0,17"
2013-08-06,"1,70"
2013-08-06,"1,59"
2013-08-06,"1,10"
2013-08-06,"0,44"
2013-08-06,"0,22"
2013-08-06,"0,20"
2013-08-06,"0,13"
2013-08-06,"0,02"
2013-08-06,"0,16"
2013-08-13,"1,47"
2013-08-13,"1,72"
2013-08-13,"1,47"
2013-08-13,"0,65"
2013-08-13,"0,28"
2013-08-13,"0,17"
2013-08-13,"0,13"
2013-08-13,"0,10"
2013-08-13,"0,19"
2013-08-22,"1,50"
2013-08-22,"1,90"
2013-08-22,"1,89"
2013-08-22,"0,96"
2013-08-22,"0,25"
2013-08-22,"0,19"
2013-08-22,"0,15"
2013-08-22,"0,13"
2013-08-22,"0,13"
2013-08-27,"1,35"
2013-08-27,"1,37"
2013-08-27,"1,65"
2013-08-27,"1,81"
2013-08-27,"1,19"
2013-08-27,"0,15"
2013-08-27,"0,19"
2013-08-27,"0,10"
2013-08-27,"0,14"
2013-09-04,"1,35"
2013-09-04,"1,56"
2013-09-04,"1,60"
2013-09-04,"1,67"
2013-09-04,"0,74"
2013-09-04,"0,20"
2013-09-04,"0,15"
2013-09-04,"0,13"
2013-09-04,"0,15"
2013-09-13,"1,43"
2013-09-13,"1,36"
2013-09-13,"1,45"
2013-09-13,"1,49"
2013-09-13,"0,78"
2013-09-13,"0,23"
2013-09-13,"0,17"
2013-09-13,"0,12"
2013-09-13,"0,15"
2013-10-01,"1,22"
2013-10-01,"1,60"
2013-10-01,"1,74"
2013-10-01,"0,67"
2013-10-01,"0,92"
2013-10-01,"0,71"
2013-10-01,"0,41"
2013-10-01,"0,07"
2013-10-01,"0,18"
2013-10-09,"1,22"
2013-10-09,"1,28"
2013-10-09,"1,37"
2013-10-09,"1,29"
2013-10-09,"1,12"
2013-10-09,"1,03"
2013-10-09,"0,31"
2013-10-09,"0,16"
2013-10-09,"0,12"
2013-10-16,"1,16"
2013-10-16,"0,94"
2013-10-16,"0,93"
2013-10-16,"0,80"
2013-10-16,"0,42"
2013-10-16,"1,20"
2013-10-16,"0,94"
2013-10-16,"0,19"
2013-10-16,"0,08"
2013-10-24,"0,91"
2013-10-24,"0,85"
2013-10-24,"0,84"
2013-10-24,"0,81"
2013-10-24,"0,84"
2013-10-24,"0,80"
2013-10-24,"0,52"
2013-10-24,"0,28"
2013-10-24,"0,11"
2013-10-29,"0,63"
2013-10-29,"0,66"
2013-10-29,"0,64"
2013-10-29,"0,63"
2013-10-29,"0,70"
2013-10-29,"0,73"
2013-10-29,"0,61"
2013-10-29,"0,52"
2013-10-29,"0,23"
2013-11-05,"0,70"
2013-11-05,"0,51"
2013-11-05,"0,53"
2013-11-05,"0,60"
2013-11-05,"0,52"
2013-11-05,"0,51"
2013-11-05,"0,33"
2013-11-05,"0,17"
2013-11-05,"0,09"
2013-11-13,"0,10"
2013-11-13,"0,14"
2013-11-13,"0,11"
2013-11-13,"0,11"
2013-11-13,"0,12"
2013-11-13,"0,09"
2013-11-13,"0,10"
2013-11-13,"0,07"
2013-11-13,"0,10"
2013-11-21,"0,51"
2013-11-21,"0,37"
2013-11-21,"0,40"
2013-11-21,"0,45"
2013-11-21,"0,35"
2013-11-21,"0,40"
2013-11-21,"0,39"
2013-11-21,"0,43"
2013-11-21,"0,37"
2013-12-02,"0,18"
2013-12-02,"0,12"
2013-12-02,"0,15"
2013-12-02,"0,15"
2013-12-02,"0,12"
2013-12-02,"0,17"
2013-12-02,"0,09"
2013-12-02,"0,12"
2013-12-02,"0,05"
2013-12-09,"0,22"
2013-12-09,"0,16"
2013-12-09,"0,18"
2013-12-09,"0,17"
2013-12-09,"0,19"
2013-12-09,"0,18"
2013-12-09,"0,17"
2013-12-09,"0,13"
2013-12-09,"0,22"
2013-12-25,"0,20"
2013-12-25,"0,29"
2013-12-25,"0,28"
2013-12-25,"0,26"
2013-12-25,"0,27"
2013-12-25,"0,18"
2013-12-25,"0,36"
2013-12-25,"0,13"
2013-12-25,"0,44"
2014-01-14,"0,21"
2014-01-14,
2014-01-14,"0,18"
2014-01-14,"0,20"
2014-01-14,"0,12"
2014-01-14,"0,08"
2014-01-14,"0,07"
2014-01-14,"0,07"
2014-01-14,"0,08"
2014-02-26,"1,25"
2014-02-26,"1,16"
2014-02-26,"1,41"
2014-02-26,"1,28"
2014-02-26,"0,21"
2014-02-26,"0,10"
2014-02-26,"0,07"
2014-02-26,"0,05"
2014-02-26,"0,06"
2014-03-06,"1,61"
2014-03-06,"1,72"
2014-03-06,"1,61"
2014-03-06,"1,68"
2014-03-06,"0,21"
2014-03-06,"0,03"
2014-03-06,"0,04"
2014-03-06,"0,00"
2014-03-06,"0,04"
2014-03-13,"1,97"
2014-03-13,"2,17"
2014-03-13,"2,33"
2014-03-13,"2,21"
2014-03-13,"0,16"
2014-03-13,"0,09"
2014-03-13,"0,03"
2014-03-13,"0,03"
2014-03-13,"0,03"
2014-03-19,"1,48"
2014-03-19,"3,07"
2014-03-19,"3,18"
2014-03-19,"2,70"
2014-03-19,"0,46"
2014-03-19,"0,10"
2014-03-19,"0,05"
2014-03-19,"0,01"
2014-03-19,"0,06"
2014-05-16,"2,76"
2014-05-16,"3,05"
2014-05-16,"2,96"
2014-05-16,"2,97"
2014-05-16,"2,70"
2014-05-16,"2,58"
2014-05-16,"2,11"
2014-05-16,"1,05"
2014-05-16,"0,78"
2014-05-26,"1,72"
2014-05-26,"1,72"
2014-05-26,"1,61"
2014-05-26,"2,12"
2014-05-26,"2,17"
2014-05-26,"1,80"
2014-05-26,"1,24"
2014-05-26,"0,88"
2014-05-26,"0,72"
2014-06-03,"1,63"
2014-06-03,"1,74"
2014-06-03,"1,74"
2014-06-03,"1,76"
2014-06-03,"1,57"
2014-06-03,"1,52"
2014-06-03,"1,71"
2014-06-03,"1,38"
2014-06-03,"1,05"
2014-06-10,"1,48"
2014-06-10,"1,58"
2014-06-10,"1,72"
2014-06-10,"1,79"
2014-06-10,"1,78"
2014-06-10,"1,62"
2014-06-10,"1,02"
2014-06-10,"1,50"
2014-06-10,"1,62"
2014-06-17,"1,19"
2014-06-17,"1,19"
2014-06-17,"1,30"
2014-06-17,"1,24"
2014-06-17,"1,23"
2014-06-17,"1,23"
2014-06-17,"0,40"
2014-06-17,"0,53"
2014-06-17,"0,96"
2014-06-24,"1,84"
2014-06-24,"1,69"
2014-06-24,"1,59"
2014-06-24,"1,78"
2014-06-24,"1,79"
2014-06-24,"1,53"
2014-06-24,"1,07"
2014-06-24,"0,88"
2014-06-24,"1,16"
2014-07-01,"1,26"
2014-07-01,"2,01"
2014-07-01,"2,22"
2014-07-01,"1,22"
2014-07-01,"1,06"
2014-07-01,"1,16"
2014-07-01,"0,81"
2014-07-01,"0,73"
2014-07-01,"0,81"
2014-07-08,"0,80"
2014-07-08,"0,87"
2014-07-08,"0,97"
2014-07-08,"0,97"
2014-07-08,"0,95"
2014-07-08,"0,92"
2014-07-08,"0,73"
2014-07-08,"0,74"
2014-07-08,"0,49"
2014-07-15,"0,39"
2014-07-15,"0,16"
2014-07-15,"0,20"
2014-07-15,"0,50"
2014-07-15,"0,83"
2014-07-15,"0,51"
2014-07-15,"0,48"
2014-07-15,"0,54"
2014-07-15,"0,55"
2014-07-23,"0,32"
2014-07-23,"0,47"
2014-07-23,"0,49"
2014-07-23,"1,29"
2014-07-23,"1,02"
2014-07-23,"0,47"
2014-07-23,"0,34"
2014-07-23,"0,43"
2014-07-23,"0,51"
2014-08-04,"1,14"
2014-08-04,"1,11"
2014-08-04,"1,62"
2014-08-04,"0,64"
2014-08-04,"0,43"
2014-08-04,"0,32"
2014-08-04,"0,26"
2014-08-04,"0,21"
2014-08-04,"0,33"
2014-08-13,"0,49"
2014-08-13,"0,83"
2014-08-13,"1,70"
2014-08-13,"0,87"
2014-08-13,"0,44"
2014-08-13,"0,30"
2014-08-13,"0,19"
2014-08-13,"0,11"
2014-08-13,"0,36"
2014-08-19,"0,58"
2014-08-19,"0,70"
2014-08-19,"0,69"
2014-08-19,"2,02"
2014-08-19,"0,29"
2014-08-19,"0,19"
2014-08-19,"0,16"
2014-08-19,"0,14"
2014-08-19,"0,55"
2014-08-26,"0,68"
2014-08-26,"0,84"
2014-08-26,"1,27"
2014-08-26,"0,98"
2014-08-26,"0,40"
2014-08-26,"0,13"
2014-08-26,"0,11"
2014-08-26,"0,12"
2014-08-26,"0,17"
2014-09-03,"0,70"
2014-09-03,"0,78"
2014-09-03,"0,92"
2014-09-03,"1,02"
2014-09-03,"0,30"
2014-09-03,"0,11"
2014-09-03,"0,13"
2014-09-03,"0,07"
2014-09-03,"0,18"
2014-09-09,"1,01"
2014-09-09,"1,05"
2014-09-09,"1,11"
2014-09-09,"1,07"
2014-09-09,"0,17"
2014-09-09,"0,12"
2014-09-09,"0,13"
2014-09-09,"0,23"
2014-09-09,"0,39"
2014-09-16,"0,75"
2014-09-16,"0,91"
2014-09-16,"1,15"
2014-09-16,"0,75"
2014-09-16,"0,18"
2014-09-16,"0,11"
2014-09-16,"0,10"
2014-09-16,"0,19"
2014-09-16,"1,45"
2014-09-24,"1,21"
2014-09-24,"1,17"
2014-09-24,"1,09"
2014-09-24,"1,13"
2014-09-24,"0,25"
2014-09-24,"0,12"
2014-09-24,"0,08"
2014-09-24,"0,10"
2014-09-24,"0,75"
2014-10-03,"1,23"
2014-10-03,"1,21"
2014-10-03,"1,33"
2014-10-03,"0,97"
2014-10-03,"1,29"
2014-10-03,"0,12"
2014-10-03,"0,08"
2014-10-03,"0,11"
2014-10-03,"0,69"
2014-10-13,"1,14"
2014-10-13,"1,01"
2014-10-13,"1,01"
2014-10-13,"1,00"
2014-10-13,"0,81"
2014-10-13,"0,14"
2014-10-13,"0,06"
2014-10-13,"0,07"
2014-10-13,"0,21"
2014-10-22,"0,93"
2014-10-22,"0,86"
2014-10-22,"0,86"
2014-10-22,"0,86"
2014-10-22,"0,84"
2014-10-22,"0,81"
2014-10-22,"0,33"
2014-10-22,"0,12"
2014-10-22,"0,09"
2014-10-29,"0,94"
2014-10-29,"0,90"
2014-10-29,"0,81"
2014-10-29,"0,82"
2014-10-29,"0,81"
2014-10-29,"0,80"
2014-10-29,"0,60"
2014-10-29,"0,21"
2014-10-29,"0,20"
2014-11-05,"0,90"
2014-11-05,"0,82"
2014-11-05,"0,91"
2014-11-05,"0,89"
2014-11-05,"0,84"
2014-11-05,"0,34"
2014-11-05,"0,33"
2014-11-05,"0,25"
2014-11-05,"0,37"
2014-11-12,"0,70"
2014-11-12,"0,68"
2014-11-12,"0,65"
2014-11-12,"0,53"
2014-11-12,"0,19"
2014-11-12,"0,17"
2014-11-12,"0,09"
2014-11-12,"0,04"
2014-11-12,"0,13"
2014-12-08,"0,12"
2014-12-08,"0,11"
2014-12-08,"0,11"
2014-12-08,"0,15"
2014-12-08,"0,22"
2014-12-08,"0,16"
2014-12-08,"0,18"
2014-12-08,"0,19"
2014-12-08,"0,39"
2014-12-17,"0,11"
2014-12-17,"0,15"
2014-12-17,"0,09"
2014-12-17,"0,14"
2014-12-17,"0,16"
2014-12-17,"0,14"
2014-12-17,"0,12"
2014-12-17,"0,14"
2014-12-17,"0,13"
2015-03-12,"0,64"
2015-03-12,"0,87"
2015-03-12,"0,92"
2015-03-12,"0,92"
2015-03-12,"0,34"
2015-03-12,"0,09"
2015-03-12,"0,07"
2015-03-12,"0,04"
2015-03-12,"0,00"
2015-03-19,"0,73"
2015-03-19,"0,82"
2015-03-19,"0,78"
2015-03-19,"0,75"
2015-03-19,"0,36"
2015-03-19,"0,05"
2015-03-19,"0,04"
2015-03-19,"0,00"
2015-03-19,"0,00"
2015-03-24,"3,13"
2015-03-24,"0,80"
2015-03-24,"0,82"
2015-03-24,"0,94"
2015-03-24,"0,41"
2015-03-24,"0,04"
2015-03-24,"0,03"
2015-03-24,"0,00"
2015-03-24,"0,03"
2015-05-14,"1,02"
2015-05-14,"0,95"
2015-05-14,"1,04"
2015-05-14,"0,86"
2015-05-14,"0,91"
2015-05-14,"0,51"
2015-05-14,"0,08"
2015-05-14,"0,08"
2015-05-14,"0,04"
2015-05-28,"0,52"
2015-05-28,"0,48"
2015-05-28,"0,56"
2015-05-28,"0,58"
2015-05-28,"0,67"
2015-05-28,"0,47"
2015-05-28,"0,26"
2015-05-28,"0,25"
2015-05-28,"0,08"
2015-06-05,"0,47"
2015-06-05,"0,42"
2015-06-05,"0,43"
2015-06-05,"0,49"
2015-06-05,"0,46"
2015-06-05,"0,36"
2015-06-05,"0,33"
2015-06-05,"0,39"
2015-06-05,"2,20"
2015-06-15,"0,42"
2015-06-15,"0,41"
2015-06-15,"0,43"
2015-06-15,"0,46"
2015-06-15,"0,47"
2015-06-15,"0,43"
2015-06-15,"0,45"
2015-06-15,"0,37"
2015-06-15,"3,30"
2015-06-24,"0,35"
2015-06-24,"0,36"
2015-06-24,"0,41"
2015-06-24,"0,40"
2015-06-24,"0,37"
2015-06-24,"0,34"
2015-06-24,"0,31"
2015-06-24,"0,33"
2015-06-24,"0,77"
2015-07-01,"0,50"
2015-07-01,"0,64"
2015-07-01,"0,61"
2015-07-01,"0,60"
2015-07-01,"0,45"
2015-07-01,"0,33"
2015-07-01,"0,28"
2015-07-01,"0,22"
2015-07-01,"1,29"
2015-07-15,"0,50"
2015-07-15,"0,46"
2015-07-15,"0,59"
2015-07-15,"0,43"
2015-07-15,"0,35"
2015-07-15,"0,29"
2015-07-15,"0,26"
2015-07-15,"0,19"
2015-07-15,"0,14"
2015-08-04,"1,95"
2015-08-04,"2,03"
2015-08-04,"2,25"
2015-08-04,"0,47"
2015-08-04,"0,22"
2015-08-04,"0,15"
2015-08-04,"0,17"
2015-08-04,"0,18"
2015-08-04,"0,15"
2015-08-13,"0,79"
2015-08-13,"1,01"
2015-08-13,"1,77"
2015-08-13,"1,15"
2015-08-13,"0,32"
2015-08-13,"0,12"
2015-08-13,"0,10"
2015-08-13,"0,13"
2015-08-13,"0,11"
2015-08-24,"0,77"
2015-08-24,"1,03"
2015-08-24,"0,98"
2015-08-24,"0,87"
2015-08-24,"0,61"
2015-08-24,"0,09"
2015-08-24,"0,09"
2015-08-24,"0,12"
2015-08-24,"0,18"
2015-08-31,"1,00"
2015-08-31,"1,09"
2015-08-31,"0,85"
2015-08-31,"0,60"
2015-08-31,"0,29"
2015-08-31,"0,10"
2015-08-31,"0,11"
2015-08-31,"0,10"
2015-08-31,"0,12"
2015-09-08,"0,95"
2015-09-08,"0,97"
2015-09-08,"0,92"
2015-09-08,"0,75"
2015-09-08,"0,38"
2015-09-08,"0,08"
2015-09-08,"0,06"
2015-09-08,"0,06"
2015-09-08,"0,67"
2015-09-15,"1,61"
2015-09-15,"1,60"
2015-09-15,"1,64"
2015-09-15,"0,50"
2015-09-15,"0,25"
2015-09-15,"0,14"
2015-09-15,"0,10"
2015-09-15,"0,09"
2015-09-15,"0,16"
2015-09-28,"1,22"
2015-09-28,"1,23"
2015-09-28,"1,25"
2015-09-28,"1,28"
2015-09-28,"0,85"
2015-09-28,"0,15"
2015-09-28,"0,27"
2015-09-28,"0,20"
2015-09-28,"1,43"
2015-10-05,"1,73"
2015-10-05,"1,93"
2015-10-05,"1,79"
2015-10-05,"1,73"
2015-10-05,"1,56"
2015-10-05,"0,11"
2015-10-05,"0,11"
2015-10-05,"0,12"
2015-10-05,"0,24"
2015-10-13,"1,71"
2015-10-13,"1,43"
2015-10-13,"1,49"
2015-10-13,"1,29"
2015-10-13,"1,60"
2015-10-13,"0,19"
2015-10-13,"0,26"
2015-10-13,"0,14"
2015-10-13,"0,66"
2015-10-19,"1,44"
2015-10-19,"1,41"
2015-10-19,"1,33"
2015-10-19,"1,32"
2015-10-19,"1,40"
2015-10-19,"0,10"
2015-10-19,"0,18"
2015-10-19,"0,12"
2015-10-19,"0,63"
2015-10-26,"1,43"
2015-10-26,"1,40"
2015-10-26,"1,44"
2015-10-26,"1,37"
2015-10-26,"1,40"
2015-10-26,"0,93"
2015-10-26,"0,13"
2015-10-26,"0,08"
2015-10-26,"0,58"
2015-11-12,"0,87"
2015-11-12,"0,85"
2015-11-12,"0,88"
2015-11-12,"0,82"
2015-11-12,"0,76"
2015-11-12,"0,40"
2015-11-12,"0,15"
2015-11-12,"0,10"
2015-11-12,"1,32"
2015-12-11,"0,34"
2015-12-11,"0,36"
2015-12-11,"0,33"
2015-12-11,"0,30"
2015-12-11,"0,28"
2015-12-11,"0,23"
2015-12-11,"0,23"
2015-12-11,"0,20"
2015-12-11,"0,55"
2016-02-19,"1,39"
2016-02-19,"1,51"
2016-02-19,"1,36"
2016-02-19,"0,80"
2016-02-19,"0,22"
2016-02-19,"0,07"
2016-02-19,"0,04"
2016-02-19,"0,04"
2016-02-19,"0,15"
2016-02-25,"1,20"
2016-02-25,"1,42"
2016-02-25,"1,30"
2016-02-25,"0,39"
2016-02-25,"0,29"
2016-02-25,"0,09"
2016-02-25,"0,06"
2016-02-25,"0,03"
2016-02-25,"0,11"
2016-03-03,"1,09"
2016-03-03,"1,26"
2016-03-03,"1,49"
2016-03-03,"0,67"
2016-03-03,"0,20"
2016-03-03,"0,06"
2016-03-03,"0,05"
2016-03-03,"0,06"
2016-03-03,"0,16"
2016-03-11,"1,53"
2016-03-11,"1,84"
2016-03-11,"1,76"
2016-03-11,"0,53"
2016-03-11,"0,22"
2016-03-11,"0,06"
2016-03-11,"0,07"
2016-03-11,"0,05"
2016-03-11,"0,11"
2016-03-16,"3,35"
2016-03-16,"2,21"
2016-03-16,"2,09"
2016-03-16,"1,29"
2016-03-16,"0,45"
2016-03-16,"0,05"
2016-03-16,"0,06"
2016-03-16,"0,07"
2016-03-16,"0,14"
2016-03-23,"1,05"
2016-03-23,"1,70"
2016-03-23,"1,74"
2016-03-23,"1,71"
2016-03-23,"0,27"
2016-03-23,"0,07"
2016-03-23,"0,07"
2016-03-23,"0,05"
2016-03-23,"0,19"
2016-05-16,"0,85"
2016-05-16,"1,02"
2016-05-16,"0,83"
2016-05-16,"1,02"
2016-05-16,"0,73"
2016-05-16,"0,27"
2016-05-16,"0,29"
2016-05-16,"0,36"
2016-05-16,"0,25"
2016-05-23,"0,25"
2016-05-23,"0,22"
2016-05-23,"0,49"
2016-05-23,"0,28"
2016-05-23,"0,32"
2016-05-23,"0,26"
2016-05-23,"0,23"
2016-05-23,"0,26"
2016-05-23,"0,57"
2016-05-31,"0,19"
2016-05-31,"0,23"
2016-05-31,"0,29"
2016-05-31,"0,23"
2016-05-31,"0,39"
2016-05-31,"0,50"
2016-05-31,"0,23"
2016-05-31,"0,17"
2016-05-31,"0,19"
2016-06-05,"0,20"
2016-06-05,"0,21"
2016-06-05,"0,24"
2016-06-05,"0,22"
2016-06-05,"0,24"
2016-06-05,"0,23"
2016-06-05,"0,25"
2016-06-05,"0,23"
2016-06-05,"0,25"
2016-06-15,"0,19"
2016-06-15,"0,20"
2016-06-15,"0,21"
2016-06-15,"0,22"
2016-06-15,"0,18"
2016-06-15,"0,19"
2016-06-15,"0,14"
2016-06-15,"0,15"
2016-06-15,"0,19"
2016-06-22,"0,95"
2016-06-22,"1,00"
2016-06-22,"0,95"
2016-06-22,"0,99"
2016-06-22,"0,25"
2016-06-22,"0,20"
2016-06-22,"0,13"
2016-06-22,"0,14"
2016-06-22,"0,15"
2016-06-29,"0,26"
2016-06-29,"0,49"
2016-06-29,"0,43"
2016-06-29,"0,33"
2016-06-29,"0,25"
2016-06-29,"0,13"
2016-06-29,"0,10"
2016-06-29,"0,12"
2016-06-29,"0,07"
2016-07-06,"0,55"
2016-07-06,"0,66"
2016-07-06,"0,68"
2016-07-06,"0,59"
2016-07-06,"0,40"
2016-07-06,"0,13"
2016-07-06,"0,09"
2016-07-06,"0,11"
2016-07-06,"0,09"
2016-07-13,"0,39"
2016-07-13,"0,33"
2016-07-13,"0,40"
2016-07-13,"0,35"
2016-07-13,"0,23"
2016-07-13,"0,14"
2016-07-13,"0,10"
2016-07-13,"0,09"
2016-07-13,"0,09"
2016-07-20,"0,99"
2016-07-20,"1,16"
2016-07-20,"1,06"
2016-07-20,"0,88"
2016-07-20,"0,13"
2016-07-20,"0,03"
2016-07-20,"0,23"
2016-07-20,"0,05"
2016-07-20,"0,04"
2016-07-27,"0,84"
2016-07-27,"1,10"
2016-07-27,"1,12"
2016-07-27,"0,92"
2016-07-27,"0,46"
2016-07-27,"0,16"
2016-07-27,"0,16"
2016-07-27,"0,11"
2016-07-27,"0,10"
2016-08-03,"0,82"
2016-08-03,"0,81"
2016-08-03,"0,73"
2016-08-03,"1,59"
2016-08-03,"0,06"
2016-08-03,"0,12"
2016-08-03,"0,12"
2016-08-03,"0,11"
2016-08-03,"0,09"
2016-08-09,"0,58"
2016-08-09,"0,68"
2016-08-09,"0,80"
2016-08-09,"0,86"
2016-08-09,"0,05"
2016-08-09,"0,09"
2016-08-09,"0,09"
2016-08-09,"0,08"
2016-08-09,"0,08"
2016-08-18,"1,18"
2016-08-18,"1,27"
2016-08-18,"1,15"
2016-08-18,"0,98"
2016-08-18,"0,28"
2016-08-18,"0,16"
2016-08-18,"0,18"
2016-08-18,"0,05"
2016-08-18,"0,05"
2016-08-25,"1,21"
2016-08-25,"1,21"
2016-08-25,"1,06"
2016-08-25,"0,56"
2016-08-25,"0,25"
2016-08-25,"0,14"
2016-08-25,"0,12"
2016-08-25,"0,09"
2016-08-25,"0,07"
2016-09-06,"0,26"
2016-09-06,"0,26"
2016-09-06,"0,30"
2016-09-06,"0,25"
2016-09-06,"0,15"
2016-09-06,"0,11"
2016-09-06,"0,08"
2016-09-06,"0,07"
2016-09-06,"0,09"
2016-09-13,"0,78"
2016-09-13,"1,06"
2016-09-13,"0,87"
2016-09-13,"0,84"
2016-09-13,"0,17"
2016-09-13,"0,08"
2016-09-13,"0,10"
2016-09-13,"0,10"
2016-09-13,"0,16"
2016-09-20,"0,81"
2016-09-20,"0,87"
2016-09-20,"0,98"
2016-09-20,"0,93"
2016-09-20,"0,83"
2016-09-20,"0,09"
2016-09-20,"0,13"
2016-09-20,"0,09"
2016-09-20,"0,09"
2016-09-27,"1,13"
2016-09-27,"1,03"
2016-09-27,"1,02"
2016-09-27,"1,12"
2016-09-27,"1,18"
2016-09-27,"0,18"
2016-09-27,"0,14"
2016-09-27,"0,08"
2016-09-27,"0,10"
2016-10-06,"1,26"
2016-10-06,"1,23"
2016-10-06,"1,33"
2016-10-06,"1,17"
2016-10-06,"0,96"
2016-10-06,"0,13"
2016-10-06,"0,18"
2016-10-06,"0,08"
2016-10-06,"0,09"
2016-10-17,"1,29"
2016-10-17,"1,23"
2016-10-17,"1,22"
2016-10-17,"1,20"
2016-10-17,"1,17"
2016-10-17,"0,10"
2016-10-17,"0,14"
2016-10-17,"0,09"
2016-10-17,"0,06"
2016-10-24,"1,01"
2016-10-24,"1,08"
2016-10-24,"1,16"
2016-10-24,"1,00"
2016-10-24,"1,12"
2016-10-24,"0,42"
2016-10-24,"0,11"
2016-10-24,"0,11"
2016-10-24,"0,06"
2016-11-01,"0,71"
2016-11-01,"0,92"
2016-11-01,"0,94"
2016-11-01,"0,86"
2016-11-01,"0,68"
2016-11-01,"0,41"
2016-11-01,"0,14"
2016-11-01,"0,09"
2016-11-01,"0,08"
2016-11-10,"0,69"
2016-11-10,"0,64"
2016-11-10,"0,72"
2016-11-10,"0,71"
2016-11-10,"0,76"
2016-11-10,"0,56"
2016-11-10,"0,13"
2016-11-10,"0,09"
2016-11-10,"0,08"
2016-11-15,"0,60"
2016-11-15,"0,65"
2016-11-15,"0,65"
2016-11-15,"0,81"
2016-11-15,"0,72"
2016-11-15,"0,71"
2016-11-15,"0,60"
2016-11-15,"0,57"
2016-11-15,"0,40"
2016-11-22,"0,12"
2016-11-22,"0,12"
2016-11-22,"0,12"
2016-11-22,"0,16"
2016-11-22,"0,18"
2016-11-22,"0,20"
2016-11-22,"0,15"
2016-11-22,"0,11"
2016-11-22,"0,11"
2016-12-06,"0,19"
2016-12-06,"0,22"
2016-12-06,"0,23"
2016-12-06,"0,26"
2016-12-06,"0,19"
2016-12-06,"0,17"
2016-12-06,"0,19"
2016-12-06,"0,17"
2016-12-06,"0,17"
2017-02-17,"1,79"
2017-02-17,"1,64"
2017-02-17,"1,81"
2017-02-17,"1,78"
2017-02-17,"0,34"
2017-02-17,"0,12"
2017-02-17,"0,06"
2017-02-17,"0,06"
2017-02-17,"0,06"
2017-02-22,"3,80"
2017-02-22,"1,98"
2017-02-22,"2,09"
2017-02-22,"2,02"
2017-02-22,"0,28"
2017-02-22,"0,16"
2017-02-22,"0,08"
2017-02-22,"0,08"
2017-02-22,"0,05"
2017-03-02,"1,92"
2017-03-02,"2,09"
2017-03-02,"2,16"
2017-03-02,"1,92"
2017-03-02,"0,31"
2017-03-02,"0,08"
2017-03-02,"0,05"
2017-03-02,"0,03"
2017-03-02,"0,07"
2017-03-09,"1,87"
2017-03-09,"1,74"
2017-03-09,"1,55"
2017-03-09,"1,47"
2017-03-09,"0,25"
2017-03-09,"0,08"
2017-03-09,"0,05"
2017-03-09,"0,06"
2017-03-09,"0,06"
2017-03-15,"1,03"
2017-03-15,"1,69"
2017-03-15,"1,66"
2017-03-15,"1,41"
2017-03-15,"0,19"
2017-03-15,"0,08"
2017-03-15,"0,05"
2017-03-15,"0,05"
2017-03-15,"0,04"
2017-03-21,"0,88"
2017-03-21,"1,52"
2017-03-21,"1,70"
2017-03-21,"1,01"
2017-03-21,"0,20"
2017-03-21,"0,05"
2017-03-21,"0,05"
2017-03-21,"0,05"
2017-03-21,"0,05"
2017-03-26,"0,79"
2017-03-26,"1,25"
2017-03-26,"1,42"
2017-03-26,"1,00"
2017-03-26,"0,21"
2017-03-26,"0,08"
2017-03-26,"0,02"
2017-03-26,"0,00"
2017-03-26,"0,00"
2017-05-19,"0,98"
2017-05-19,"1,08"
2017-05-19,"1,26"
2017-05-19,"0,06"
2017-05-19,"0,98"
2017-05-19,"0,34"
2017-05-19,"0,19"
2017-05-19,"0,32"
2017-05-19,"0,24"
2017-06-07,"0,46"
2017-06-07,"0,44"
2017-06-07,"0,41"
2017-06-07,"0,42"
2017-06-07,"0,38"
2017-06-07,"0,44"
2017-06-07,"0,50"
2017-06-07,"0,40"
2017-06-07,"0,31"
2017-06-20,"0,31"
2017-06-20,"0,38"
2017-06-20,"0,41"
2017-06-20,"0,49"
2017-06-20,"0,32"
2017-06-20,"0,24"
2017-06-20,"0,22"
2017-06-20,"0,22"
2017-06-20,"0,23"
2017-07-05,"0,67"
2017-07-05,"0,94"
2017-07-05,"0,95"
2017-07-05,"1,11"
2017-07-05,"0,55"
2017-07-05,"0,21"
2017-07-05,"0,20"
2017-07-05,"0,16"
2017-07-05,"0,19"
2017-07-13,"0,38"
2017-07-13,"0,27"
2017-07-13,"0,63"
2017-07-13,"0,82"
2017-07-13,"0,49"
2017-07-13,"0,20"
2017-07-13,"0,17"
2017-07-13,"0,16"
2017-07-13,"0,14"
2017-07-26,"0,38"
2017-07-26,"0,88"
2017-07-26,"0,84"
2017-07-26,"0,91"
2017-07-26,"0,49"
2017-07-26,"0,16"
2017-07-26,"0,09"
2017-07-26,"0,08"
2017-07-26,"0,12"
2017-08-03,"1,24"
2017-08-03,"1,61"
2017-08-03,"1,89"
2017-08-03,"1,43"
2017-08-03,"0,20"
2017-08-03,"0,12"
2017-08-03,"0,08"
2017-08-03,"0,08"
2017-08-03,"0,10"
2017-08-15,"1,10"
2017-08-15,"1,00"
2017-08-15,"1,27"
2017-08-15,"1,24"
2017-08-15,"0,25"
2017-08-15,"0,13"
2017-08-15,"0,11"
2017-08-15,"0,09"
2017-08-15,"0,10"
2017-08-27,"0,17"
2017-08-27,"0,15"
2017-08-27,"0,17"
2017-08-27,"0,19"
2017-08-27,"0,17"
2017-08-27,"0,18"
2017-08-27,"0,15"
2017-08-27,"0,01"
2017-08-27,"0,11"
2017-09-04,"0,77"
2017-09-04,"0,94"
2017-09-04,"1,13"
2017-09-04,"1,11"
2017-09-04,"0,67"
2017-09-04,"0,16"
2017-09-04,"0,11"
2017-09-04,"0,08"
2017-09-04,"0,08"
2017-09-14,"1,07"
2017-09-14,"0,98"
2017-09-14,"1,07"
2017-09-14,"0,99"
2017-09-14,"1,02"
2017-09-14,"0,79"
2017-09-14,"0,13"
2017-09-14,"0,11"
2017-09-14,"0,08"
2017-09-20,"1,21"
2017-09-20,"1,15"
2017-09-20,"1,15"
2017-09-20,"0,60"
2017-09-20,"0,43"
2017-09-20,"0,13"
2017-09-20,"0,07"
2017-09-20,"0,10"
2017-09-20,"0,04"
2017-09-26,"1,16"
2017-09-26,"1,08"
2017-09-26,"1,06"
2017-09-26,"1,10"
2017-09-26,"1,16"
2017-09-26,"0,41"
2017-09-26,"0,10"
2017-09-26,"0,09"
2017-09-26,"0,08"
2017-10-05,"0,94"
2017-10-05,"0,95"
2017-10-05,"1,03"
2017-10-05,"1,15"
2017-10-05,"1,00"
2017-10-05,"0,71"
2017-10-05,"0,10"
2017-10-05,"0,10"
2017-10-05,"0,08"
2017-10-10,"0,86"
2017-10-10,"0,82"
2017-10-10,"0,89"
2017-10-10,"0,87"
2017-10-10,"0,79"
2017-10-10,"0,41"
2017-10-10,"0,09"
2017-10-10,"0,06"
2017-10-10,"0,06"
2017-10-17,"0,79"
2017-10-17,"0,81"
2017-10-17,"0,90"
2017-10-17,"0,95"
2017-10-17,"0,80"
2017-10-17,"0,80"
2017-10-17,"0,17"
2017-10-17,"0,11"
2017-10-17,"0,11"
2017-10-24,"0,73"
2017-10-24,"0,77"
2017-10-24,"0,73"
2017-10-24,"0,73"
2017-10-24,"0,66"
2017-10-24,"0,65"
2017-10-24,"0,39"
2017-10-24,"0,11"
2017-10-24,"0,06"
2017-11-08,"0,59"
2017-11-08,"0,65"
2017-11-08,"0,69"
2017-11-08,"0,55"
2017-11-08,"0,49"
2017-11-08,"0,39"
2017-11-08,"0,45"
2017-11-08,"0,14"
2017-11-08,"0,06"
2017-11-14,"0,54"
2017-11-14,"0,52"
2017-11-14,"0,52"
2017-11-14,"0,49"
2017-11-14,"0,55"
2017-11-14,"0,50"
2017-11-14,"0,09"
2017-11-14,"0,06"
2017-11-14,"0,05"
2017-11-20,"0,37"
2017-11-20,"0,45"
2017-11-20,"0,41"
2017-11-20,"0,44"
2017-11-20,"0,48"
2017-11-20,"0,37"
2017-11-20,"0,27"
2017-11-20,"0,17"
2017-11-20,"0,05"
2017-11-26,"0,23"
2017-11-26,"0,24"
2017-11-26,"0,24"
2017-11-26,"0,24"
2017-11-26,"0,27"
2017-11-26,"0,21"
2017-11-26,"0,15"
2017-11-26,"0,12"
2017-11-26,"0,10"
2017-12-05,"0,17"
2017-12-05,"0,17"
2017-12-05,"0,16"
2017-12-05,"0,24"
2017-12-05,"0,18"
2017-12-05,"0,19"
2017-12-05,"0,18"
2017-12-05,"0,17"
2017-12-05,"0,17"
2017-12-14,"0,17"
2017-12-14,"0,17"
2017-12-14,"0,16"
2017-12-14,"0,14"
2017-12-14,"0,14"
2017-12-14,"0,15"
2017-12-14,"0,15"
2017-12-14,"0,14"
2017-12-14,"0,12"
2018-02-24,"1,05"
2018-02-24,"1,53"
2018-02-24,"1,58"
2018-02-24,"1,28"
2018-02-24,"0,16"
2018-02-24,"0,07"
2018-02-24,"0,04"
2018-02-24,"0,06"
2018-02-24,"0,06"
2018-03-01,"1,85"
2018-03-01,"1,64"
2018-03-01,"1,40"
2018-03-01,"0,50"
2018-03-01,"0,19"
2018-03-01,"0,06"
2018-03-01,"0,05"
2018-03-01,"0,05"
2018-03-01,"0,05"
2018-03-08,"1,80"
2018-03-08,"1,85"
2018-03-08,"2,04"
2018-03-08,"1,75"
2018-03-08,"0,09"
2018-03-08,"0,25"
2018-03-08,"0,03"
2018-03-08,"0,05"
2018-03-08,"0,03"
2018-03-14,"1,47"
2018-03-14,"1,67"
2018-03-14,"1,81"
2018-03-14,"1,78"
2018-03-14,"0,28"
2018-03-14,"0,06"
2018-03-14,"0,03"
2018-03-14,"0,05"
2018-03-14,"0,04"
2018-03-19,"1,56"
2018-03-19,"1,72"
2018-03-19,"1,81"
2018-03-19,"1,62"
2018-03-19,"0,18"
2018-03-19,"0,07"
2018-03-19,"0,04"
2018-03-19,"0,04"
2018-03-19,"0,02"
2018-05-30,"0,67"
2018-05-30,"0,62"
2018-05-30,"0,64"
2018-05-30,"0,67"
2018-05-30,"0,63"
2018-05-30,"0,54"
2018-05-30,"0,32"
2018-05-30,"0,07"
2018-05-30,"0,02"
2018-06-06,"0,22"
2018-06-06,"0,22"
2018-06-06,"0,32"
2018-06-06,"0,44"
2018-06-06,"0,33"
2018-06-06,"0,41"
2018-06-06,"0,48"
2018-06-06,"0,28"
2018-06-06,"0,30"
2018-06-13,"0,26"
2018-06-13,"0,22"
2018-06-13,"0,25"
2018-06-13,"0,27"
2018-06-13,"0,26"
2018-06-13,"0,27"
2018-06-13,"0,27"
2018-06-13,"0,31"
2018-06-13,"0,25"
2018-06-19,"0,25"
2018-06-19,"0,23"
2018-06-19,"0,26"
2018-06-19,"0,26"
2018-06-19,"0,23"
2018-06-19,"0,26"
2018-06-19,"0,29"
2018-06-19,"0,28"
2018-06-19,"0,26"
2018-07-02,"0,27"
2018-07-02,"0,70"
2018-07-02,"0,50"
2018-07-02,"0,55"
2018-07-02,"0,45"
2018-07-02,"0,28"
2018-07-02,"0,22"
2018-07-02,"0,23"
2018-07-02,"0,17"
2018-07-09,"0,22"
2018-07-09,"0,21"
2018-07-09,"0,22"
2018-07-09,"0,28"
2018-07-09,"0,27"
2018-07-09,"0,23"
2018-07-09,"0,24"
2018-07-09,"0,17"
2018-07-09,"0,14"
2018-07-16,"1,10"
2018-07-16,"1,32"
2018-07-16,"1,36"
2018-07-16,"1,06"
2018-07-16,"0,59"
2018-07-16,"0,27"
2018-07-16,"0,22"
2018-07-16,"0,18"
2018-07-16,"0,13"
2018-07-23,"0,95"
2018-07-23,"2,24"
2018-07-23,"1,79"
2018-07-23,"1,55"
2018-07-23,"0,94"
2018-07-23,"0,47"
2018-07-23,"0,25"
2018-07-23,"0,18"
2018-07-23,"0,13"
2018-07-31,"1,31"
2018-07-31,"1,65"
2018-07-31,"1,95"
2018-07-31,"1,93"
2018-07-31,"0,40"
2018-07-31,"0,18"
2018-07-31,"0,10"
2018-07-31,"0,08"
2018-07-31,"0,08"
2018-08-06,"1,11"
2018-08-06,"1,05"
2018-08-06,"1,11"
2018-08-06,"0,82"
2018-08-06,"0,46"
2018-08-06,"0,19"
2018-08-06,"0,11"
2018-08-06,"0,10"
2018-08-06,"0,08"
2018-08-13,"1,13"
2018-08-13,"1,42"
2018-08-13,"1,65"
2018-08-13,"1,48"
2018-08-13,"0,32"
2018-08-13,"0,10"
2018-08-13,"0,06"
2018-08-13,"0,10"
2018-08-13,"0,03"
2018-08-20,"1,06"
2018-08-20,"2,15"
2018-08-20,"2,33"
2018-08-20,"0,18"
2018-08-20,"0,13"
2018-08-20,"0,10"
2018-08-20,"0,10"
2018-08-20,"0,08"
2018-08-20,"0,09"
2018-08-29,"1,13"
2018-08-29,"1,24"
2018-08-29,"1,25"
2018-08-29,"1,33"
2018-08-29,"0,34"
2018-08-29,"0,12"
2018-08-29,"0,10"
2018-08-29,"0,10"
2018-08-29,"0,07"
2018-09-03,"0,88"
2018-09-03,"1,18"
2018-09-03,"1,94"
2018-09-03,"0,76"
2018-09-03,"0,24"
2018-09-03,"0,12"
2018-09-03,"0,08"
2018-09-03,"0,07"
2018-09-03,"0,07"
2018-09-10,"2,00"
2018-09-10,"1,75"
2018-09-10,"1,74"
2018-09-10,"1,73"
2018-09-10,"1,21"
2018-09-10,"0,15"
2018-09-10,"0,10"
2018-09-10,"0,08"
2018-09-10,"0,08"
2018-09-27,"1,18"
2018-09-27,"1,11"
2018-09-27,"1,15"
2018-09-27,"1,06"
2018-09-27,"1,29"
2018-09-27,"0,17"
2018-09-27,"0,11"
2018-09-27,"0,09"
2018-09-27,"0,09"
2018-10-02,"1,09"
2018-10-02,"1,12"
2018-10-02,"0,97"
2018-10-02,"0,72"
2018-10-02,"0,41"
2018-10-02,"0,13"
2018-10-02,"0,09"
2018-10-02,"0,07"
2018-10-02,"0,08"
2018-10-08,"0,79"
2018-10-08,"0,66"
2018-10-08,"0,75"
2018-10-08,"0,69"
2018-10-08,"0,39"
2018-10-08,"0,13"
2018-10-08,"0,08"
2018-10-08,"0,08"
2018-10-08,"0,05"
2018-10-16,"0,62"
2018-10-16,"0,63"
2018-10-16,"0,64"
2018-10-16,"0,70"
2018-10-16,"0,65"
2018-10-16,"0,87"
2018-10-16,"0,11"
2018-10-16,"0,08"
2018-10-16,"0,07"
2018-10-22,"0,80"
2018-10-22,"0,94"
2018-10-22,"0,93"
2018-10-22,"0,94"
2018-10-22,"0,55"
2018-10-22,"0,28"
2018-10-22,"0,12"
2018-10-22,"0,09"
2018-10-22,"0,04"
2018-10-30,"0,75"
2018-10-30,"1,05"
2018-10-30,"0,91"
2018-10-30,"0,84"
2018-10-30,"0,79"
2018-10-30,"0,78"
2018-10-30,"0,18"
2018-10-30,"0,05"
2018-10-30,"0,06"
2018-11-07,"0,62"
2018-11-07,"0,73"
2018-11-07,"0,66"
2018-11-07,"0,70"
2018-11-07,"0,59"
2018-11-07,"0,11"
2018-11-07,"0,07"
2018-11-07,"0,04"
2018-11-07,"0,06"
2018-11-14,"0,54"
2018-11-14,"0,54"
2018-11-14,"0,53"
2018-11-14,"0,50"
2018-11-14,"0,52"
2018-11-14,"0,52"
2018-11-14,"0,14"
2018-11-14,"0,05"
2018-11-14,"0,03"
2018-11-19,"0,43"
2018-11-19,"0,43"
2018-11-19,"0,41"
2018-11-19,"0,43"
2018-11-19,"0,44"
2018-11-19,"0,40"
2018-11-19,"0,11"
2018-11-19,"0,06"
2018-11-19,"0,06"
2018-11-29,"0,31"
2018-11-29,"0,33"
2018-11-29,"0,28"
2018-11-29,"0,34"
2018-11-29,"0,32"
2018-11-29,"0,20"
2018-11-29,"0,18"
2018-11-29,"0,14"
2018-11-29,"0,05"
2018-12-10,"0,14"
2018-12-10,"0,14"
2018-12-10,"0,13"
2018-12-10,"0,13"
2018-12-10,"0,14"
2018-12-10,"0,14"
2018-12-10,"0,15"
2018-12-10,"0,15"
2018-12-10,"0,14"
2019-03-02,"0,69"
2019-03-02,"0,49"
2019-03-02,"0,44"
2019-03-02,"0,54"
2019-03-02,"0,15"
2019-03-02,"0,08"
2019-03-02,"0,01"
2019-03-02,"0,04"
2019-03-02,"0,04"
2019-03-11,"0,63"
2019-03-11,"0,66"
2019-03-11,"0,80"
2019-03-11,"0,66"
2019-03-11,"0,19"
2019-03-11,"0,10"
2019-03-11,"0,04"
2019-03-11,"0,05"
2019-03-11,"0,05"
2019-03-17,"0,90"
2019-03-17,"0,73"
2019-03-17,"0,96"
2019-03-17,"1,08"
2019-03-17,"0,32"
2019-03-17,"0,09"
2019-03-17,"0,07"
2019-03-17,"0,08"
2019-03-17,"0,05"
2019-05-24,"0,41"
2019-05-24,"0,61"
2019-05-24,"0,58"
2019-05-24,"1,24"
2019-05-24,"0,54"
2019-05-24,"0,41"
2019-05-24,"0,06"
2019-05-24,"0,04"
2019-05-24,"0,04"
2019-05-30,"0,38"
2019-05-30,"0,42"
2019-05-30,"0,40"
2019-05-30,"0,39"
2019-05-30,"0,41"
2019-05-30,"0,42"
2019-05-30,"0,10"
2019-05-30,"0,03"
2019-05-30,"0,04"
2019-06-04,"0,22"
2019-06-04,"0,27"
2019-06-04,"0,26"
2019-06-04,"0,38"
2019-06-04,"0,23"
2019-06-04,"0,24"
2019-06-04,"0,19"
2019-06-04,"0,08"
2019-06-04,"0,12"
2019-06-10,"0,14"
2019-06-10,"0,15"
2019-06-10,"0,18"
2019-06-10,"0,17"
2019-06-10,"0,17"
2019-06-10,"0,18"
2019-06-10,"0,15"
2019-06-10,"0,18"
2019-06-10,"0,20"
2019-06-17,"0,18"
2019-06-17,"0,15"
2019-06-17,"0,16"
2019-06-17,"0,36"
2019-06-17,"0,11"
2019-06-17,"0,14"
2019-06-17,"0,14"
2019-06-17,"0,10"
2019-06-17,"0,14"
2019-06-24,"0,31"
2019-06-24,"0,40"
2019-06-24,"0,42"
2019-06-24,"0,51"
2019-06-24,"0,39"
2019-06-24,"0,27"
2019-06-24,"0,23"
2019-06-24,"0,19"
2019-06-24,"0,15"
2019-07-01,"0,22"
2019-07-01,"0,53"
2019-07-01,"0,84"
2019-07-01,"0,67"
2019-07-01,"0,72"
2019-07-01,"0,25"
2019-07-01,"0,24"
2019-07-01,"0,16"
2019-07-01,"0,15"
2019-07-08,"1,11"
2019-07-08,"1,55"
2019-07-08,"1,65"
2019-07-08,"1,35"
2019-07-08,"0,53"
2019-07-08,"0,28"
2019-07-08,"0,12"
2019-07-08,"0,10"
2019-07-08,"0,11"
2019-07-15,"1,98"
2019-07-15,"2,17"
2019-07-15,"2,44"
2019-07-15,"1,75"
2019-07-15,"0,43"
2019-07-15,"0,14"
2019-07-15,"0,12"
2019-07-15,"0,12"
2019-07-15,"0,12"
2019-07-22,"1,36"
2019-07-22,"1,95"
2019-07-22,"2,47"
2019-07-22,"0,70"
2019-07-22,"0,31"
2019-07-22,"0,12"
2019-07-22,"0,11"
2019-07-22,"0,10"
2019-07-22,"0,09"
2019-07-31,"1,65"
2019-07-31,"1,47"
2019-07-31,"1,83"
2019-07-31,"1,14"
2019-07-31,"0,24"
2019-07-31,"0,13"
2019-07-31,"0,11"
2019-07-31,"0,08"
2019-07-31,"0,10"
2019-08-10,"0,93"
2019-08-10,"1,12"
2019-08-10,"1,14"
2019-08-10,"1,06"
2019-08-10,"0,30"
2019-08-10,"0,14"
2019-08-10,"0,13"
2019-08-10,"0,11"
2019-08-10,"0,11"
2019-08-22,"0,88"
2019-08-22,"1,14"
2019-08-22,"1,38"
2019-08-22,"0,44"
2019-08-22,"0,27"
2019-08-22,"0,12"
2019-08-22,"0,09"
2019-08-22,"0,09"
2019-08-22,"0,07"
2019-09-05,"1,38"
2019-09-05,"1,26"
2019-09-05,"1,59"
2019-09-05,"0,82"
2019-09-05,"0,18"
2019-09-05,"0,17"
2019-09-05,"0,15"
2019-09-05,"0,13"
2019-09-05,"0,17"
2019-09-16,"1,47"
2019-09-16,"1,48"
2019-09-16,"1,92"
2019-09-16,"1,24"
2019-09-16,"0,40"
2019-09-16,"0,11"
2019-09-16,"0,12"
2019-09-16,"0,11"
2019-09-16,"0,14"
2019-09-24,"1,35"
2019-09-24,"1,37"
2019-09-24,"1,55"
2019-09-24,"1,86"
2019-09-24,"0,92"
2019-09-24,"0,14"
2019-09-24,"0,15"
2019-09-24,"0,21"
2019-09-24,"0,09"
2019-10-01,"1,22"
2019-10-01,"1,08"
2019-10-01,"1,19"
2019-10-01,"1,31"
2019-10-01,"0,93"
2019-10-01,"0,09"
2019-10-01,"0,10"
2019-10-01,"0,11"
2019-10-01,"0,09"
2019-10-11,"1,43"
2019-10-11,"1,40"
2019-10-11,"1,33"
2019-10-11,"0,51"
2019-10-11,"0,13"
2019-10-11,"0,09"
2019-10-11,"0,08"
2019-10-11,"0,05"
2019-10-11,"0,05"
2019-10-21,"1,98"
2019-10-21,"2,10"
2019-10-21,"2,09"
2019-10-21,"1,79"
2019-10-21,"1,41"
2019-10-21,"0,11"
2019-10-21,"0,13"
2019-10-21,"0,09"
2019-10-21,"0,08"
2019-10-28,"1,38"
2019-10-28,"1,53"
2019-10-28,"1,49"
2019-10-28,"1,49"
2019-10-28,"1,25"
2019-10-28,"0,71"
2019-10-28,"0,08"
2019-10-28,"0,06"
2019-10-28,"0,04"
2019-11-03,"1,14"
2019-11-03,"1,06"
2019-11-03,"0,08"
2019-11-03,"1,15"
2019-11-03,"1,13"
2019-11-03,"0,89"
2019-11-03,"0,74"
2019-11-03,"0,66"
2019-11-03,"0,40"
2019-11-09,"0,95"
2019-11-09,"0,96"
2019-11-09,"1,07"
2019-11-09,"0,96"
2019-11-09,"0,41"
2019-11-09,"0,16"
2019-11-09,"0,10"
2019-11-09,"0,09"
2019-11-09,"0,06"
2019-11-17,"0,41"
2019-11-17,"0,39"
2019-11-17,"0,41"
2019-11-17,"0,41"
2019-11-17,"0,39"
2019-11-17,"0,36"
2019-11-17,"0,24"
2019-11-17,"0,12"
2019-11-17,"0,09"
2019-11-26,"0,22"
2019-11-26,"0,21"
2019-11-26,"0,22"
2019-11-26,"0,19"
2019-11-26,"0,18"
2019-11-26,"0,21"
2019-11-26,"0,18"
2019-11-26,"0,22"
2019-11-26,"0,22"
2019-12-05,"0,17"
2019-12-05,"0,18"
2019-12-05,"0,18"
2019-12-05,"0,16"
2019-12-05,"0,18"
2019-12-05,"0,17"
2019-12-05,"0,15"
2019-12-05,"0,16"
2019-12-05,"0,16"
2020-03-02,"2,66"
2020-03-02,"3,57"
2020-03-02,"3,45"
2020-03-02,"2,17"
2020-03-02,"0,27"
2020-03-02,"0,20"
2020-03-02,"0,06"
2020-03-02,"0,08"
2020-03-02,"0,08"
2020-03-10,"2,34"
2020-03-10,"4,08"
2020-03-10,"3,94"
2020-03-10,"2,19"
2020-03-10,"0,15"
2020-03-10,"0,12"
2020-03-10,"0,09"
2020-03-10,"0,06"
2020-03-10,"0,07"
2020-03-16,"2,39"
2020-03-16,"3,71"
2020-03-16,"3,83"
2020-03-16,"3,30"
2020-03-16,"0,21"
2020-03-16,"0,13"
2020-03-16,"0,07"
2020-03-16,"0,08"
2020-03-16,"0,07"
2020-05-20,"2,99"
2020-05-20,"3,12"
2020-05-20,"3,33"
2020-05-20,"3,33"
2020-05-20,"3,14"
2020-05-20,"2,85"
2020-05-20,"0,38"
2020-05-20,"0,31"
2020-05-20,"0,50"
2020-05-27,"1,84"
2020-05-27,"1,80"
2020-05-27,"1,86"
2020-05-27,"1,85"
2020-05-27,"1,79"
2020-05-27,"1,54"
2020-05-27,"1,11"
2020-05-27,"0,62"
2020-05-27,"0,37"
2020-06-03,"0,99"
2020-06-03,"1,03"
2020-06-03,"1,00"
2020-06-03,"1,12"
2020-06-03,"1,09"
2020-06-03,"1,05"
2020-06-03,"1,01"
2020-06-03,"0,94"
2020-06-03,"0,93"
2020-06-13,"0,91"
2020-06-13,"0,83"
2020-06-13,"0,92"
2020-06-13,"0,94"
2020-06-13,"0,94"
2020-06-13,"0,90"
2020-06-13,"0,68"
2020-06-13,"0,70"
2020-06-13,"0,77"
2020-06-22,"0,55"
2020-06-22,"0,51"
2020-06-22,"0,65"
2020-06-22,"1,10"
2020-06-22,"1,27"
2020-06-22,"0,88"
2020-06-22,"0,75"
2020-06-22,"0,62"
2020-06-22,"0,60"
